[24Nov2024 15:06:32.080] [main/INFO] [cpw.mods.modlauncher.Launcher/MODLAUNCHER]: ModLauncher running: args [--launchTarget, forgeserver, --fml.forgeVersion, 47.2.0, --fml.mcVersion, 1.20.1, --fml.forgeGroup, net.minecraftforge, --fml.mcpVersion, 20230612.114412]
[24Nov2024 15:06:32.086] [main/INFO] [cpw.mods.modlauncher.Launcher/MODLAUNCHER]: ModLauncher 10.0.9+10.0.9+main.dcd20f30 starting: java version 21.0.4 by Microsoft; OS Linux arch amd64 version 6.5.0-1025-azure
[24Nov2024 15:06:37.061] [main/INFO] [net.minecraftforge.fml.loading.ImmediateWindowHandler/]: ImmediateWindowProvider not loading because launch target is forgeserver
[24Nov2024 15:06:37.070] [main/INFO] [mixin-transmog/]: Mixin Transmogrifier is definitely up to no good...
[24Nov2024 15:06:37.101] [main/INFO] [mixin-transmog/]: crimes against java were committed
[24Nov2024 15:06:37.122] [main/INFO] [mixin-transmog/]: Original mixin transformation service successfully crobbed by mixin-transmogrifier!
[24Nov2024 15:06:37.161] [main/INFO] [mixin/]: SpongePowered MIXIN Subsystem Version=0.8.5 Source=union:/workspaces/Proyect-Hopefull/servidor_minecraft/mods/Connector-1.0.0-beta.46+1.20.1.jar%23396%23402!/ Service=ModLauncher Env=SERVER
[24Nov2024 15:06:37.853] [main/WARN] [net.minecraftforge.fml.loading.moddiscovery.ModFileParser/LOADING]: Mod file /workspaces/Proyect-Hopefull/servidor_minecraft/libraries/net/minecraftforge/fmlcore/1.20.1-47.2.0/fmlcore-1.20.1-47.2.0.jar is missing mods.toml file
[24Nov2024 15:06:37.854] [main/WARN] [net.minecraftforge.fml.loading.moddiscovery.ModFileParser/LOADING]: Mod file /workspaces/Proyect-Hopefull/servidor_minecraft/libraries/net/minecraftforge/javafmllanguage/1.20.1-47.2.0/javafmllanguage-1.20.1-47.2.0.jar is missing mods.toml file
[24Nov2024 15:06:37.854] [main/WARN] [net.minecraftforge.fml.loading.moddiscovery.ModFileParser/LOADING]: Mod file /workspaces/Proyect-Hopefull/servidor_minecraft/libraries/net/minecraftforge/lowcodelanguage/1.20.1-47.2.0/lowcodelanguage-1.20.1-47.2.0.jar is missing mods.toml file
[24Nov2024 15:06:37.855] [main/WARN] [net.minecraftforge.fml.loading.moddiscovery.ModFileParser/LOADING]: Mod file /workspaces/Proyect-Hopefull/servidor_minecraft/libraries/net/minecraftforge/mclanguage/1.20.1-47.2.0/mclanguage-1.20.1-47.2.0.jar is missing mods.toml file
[24Nov2024 15:06:40.851] [main/WARN] [net.minecraftforge.jarjar.selection.JarSelector/]: Attempted to select two dependency jars from JarJar which have the same identification: Mod File:  and Mod File: . Using Mod File: 
[24Nov2024 15:06:40.853] [main/WARN] [net.minecraftforge.jarjar.selection.JarSelector/]: Attempted to select a dependency jar for JarJar which was passed in as source: architectury. Using Mod File: /workspaces/Proyect-Hopefull/servidor_minecraft/mods/architectury-9.2.14-forge.jar
[24Nov2024 15:06:40.853] [main/INFO] [net.minecraftforge.fml.loading.moddiscovery.JarInJarDependencyLocator/]: Found 102 dependencies adding them to mods collection
[24Nov2024 15:06:42.274] [main/INFO] [org.sinytra.connector.locator.DependencyResolver/]: Dependency resolution found 15 candidates to load
[24Nov2024 15:06:44.398] [main/INFO] [org.sinytra.connector.service.hacks.ModuleLayerMigrator/]: Successfully made module authlib transformable
[24Nov2024 15:06:50.955] [main/INFO] [mixin/]: Compatibility level set to JAVA_17
[24Nov2024 15:06:51.634] [main/INFO] [mixin/]: Successfully loaded Mixin Connector [com.robertx22.mine_and_slash.mmorpg.MixinConnector]
[24Nov2024 15:06:51.635] [main/INFO] [mixin/]: Successfully loaded Mixin Connector [com.robertx22.library_of_exile.main.MixinConnector]
[24Nov2024 15:06:51.653] [main/INFO] [cpw.mods.modlauncher.LaunchServiceHandler/MODLAUNCHER]: Launching target 'forgeserver' with arguments []
[24Nov2024 15:06:51.743] [main/INFO] [ModernFix/]: Loaded configuration file for ModernFix 5.19.4+mc1.20.1: 84 options available, 1 override(s) found
[24Nov2024 15:06:51.744] [main/WARN] [ModernFix/]: Option 'mixin.perf.thread_priorities' overriden (by mods [smoothboot]) to 'false'
[24Nov2024 15:06:51.744] [main/INFO] [ModernFix/]: Applying Nashorn fix
[24Nov2024 15:06:51.757] [main/INFO] [ModernFix/]: Applied Forge config corruption patch
[24Nov2024 15:06:51.803] [main/WARN] [mixin/]: Reference map 'handcrafted-forge-1.20.1-forge-refmap.json' for handcrafted.mixins.json could not be read. If this is a development environment you can ignore this message
[24Nov2024 15:06:51.812] [main/WARN] [mixin/]: Reference map 'sdmgamestageshelper.refmap.json' for sdmgamestageshelper.mixins.json could not be read. If this is a development environment you can ignore this message
[24Nov2024 15:06:51.871] [main/WARN] [mixin/]: Reference map 'fastpaintings-forge-refmap.json' for fastpaintings-forge.mixins.json could not be read. If this is a development environment you can ignore this message
[24Nov2024 15:06:51.883] [main/WARN] [mixin/]: Reference map 'ftb-filter-system-common-refmap.json' for ftbfiltersystem-common.mixins.json could not be read. If this is a development environment you can ignore this message
[24Nov2024 15:06:51.885] [main/WARN] [mixin/]: Reference map 'ftb-filter-system-forge-refmap.json' for ftbfiltersystem.mixins.json could not be read. If this is a development environment you can ignore this message
[24Nov2024 15:06:51.940] [main/WARN] [mixin/]: Reference map 'cobweb.refmap.json' for cobweb.mixins.json could not be read. If this is a development environment you can ignore this message
[24Nov2024 15:06:51.940] [main/WARN] [mixin/]: Reference map 'cobweb.refmap.json' for cobweb.forge.mixins.json could not be read. If this is a development environment you can ignore this message
[24Nov2024 15:06:51.945] [main/WARN] [mixin/]: Reference map 'AchievementOptimizer.refmap.json' for achiopt.mixins.json could not be read. If this is a development environment you can ignore this message
[24Nov2024 15:06:52.020] [main/WARN] [mixin/]: Reference map 'CerbonsAPI-Forge-1.20.1-forge-refmap.json' for cerbons_api.mixins.json could not be read. If this is a development environment you can ignore this message
[24Nov2024 15:06:52.115] [main/WARN] [mixin/]: Reference map 'TetraExtras-1.20.refmap.json' for tetraextras.mixins.json could not be read. If this is a development environment you can ignore this message
[24Nov2024 15:06:52.288] [main/WARN] [mixin/]: Reference map 'harvest_with_ease.refmap.json' for harvest_with_ease.mixins.json could not be read. If this is a development environment you can ignore this message
[24Nov2024 15:06:52.290] [main/WARN] [mixin/]: Reference map 'harvest_with_ease.refmap.json' for harvest_with_ease.forge.mixins.json could not be read. If this is a development environment you can ignore this message
[24Nov2024 15:06:52.354] [main/WARN] [mixin/]: Reference map 'FTBQuestsOptimizer.refmap.json' for ftbqoptimizer.mixins.json could not be read. If this is a development environment you can ignore this message
[24Nov2024 15:06:52.402] [main/INFO] [Canary/]: Loaded configuration file for Canary: 116 options available, 0 override(s) found
[24Nov2024 15:06:52.432] [main/INFO] [Puzzles Lib/]: Loading 370 mods:
	- achiopt 1.0.5
	- alexscaves 2.0.2
	- alexsmobs 1.22.9
	- almanac 1.0.2
	- almostunified 1.20.1-0.9.4
	- alternate_current 1.7.0
	- amendments 1.20-1.2.12
	- another_furniture 1.20.1-3.0.1
	- ante 1.1
	- appleskin 2.5.1+mc1.20.1
	- aquamirae 6.API15
	- architectury 9.2.14
	- artifacts 9.5.13
		\-- expandability 9.0.4
	- atlaslib 1.1.12
	- attributefix 21.0.4
	- auudio 1.0.3
	- badmobs 19.0.4
	- bakery 1.1.15
	- balm 7.3.9
		\-- kuma_api 20.1.8
	- bcc 4.0.8
	- beefix 1.0.7
	- bendylib 4.0.0
	- bettercombat 1.8.6+1.20.1
	- bettermineshafts 1.20-Forge-4.0.4
	- betterthanmending 1.7.2
	- blockbeats 1.20.1-0.1.0
	- blueprint 7.1.0
	- bookshelf 20.2.13
	- born_in_chaos_v1 1.4
	- bosses_of_mass_destruction 1.1.2
	- botanypots 13.0.39
	- botanypotstiers 6.0.1
	- botanytrees 9.0.17
	- brewery 1.1.9
	- buzzier_bees 6.0.0
	- caelus 3.2.0+1.20.1
	- canary 0.3.3
	- carbonconfig 1.20-1.2.6
	- carryon 2.1.2.7
	- cataclysm 2.16
	- catalogue 1.8.0
	- cerbons_api 1.1.0
	- charmofundying 6.5.0+1.20.1
		\-- spectrelib 0.13.15+1.20.1
	- chiseled 1.0.0
	- chunkpregen 1.20-4.4.4
	- chunky 1.3.146
	- citadel 2.6.0
	- claim_shop_for_lightmans_currency 0.1.1
	- cleanswing 1.20-1.5
	- cloth_config 11.1.136
	- cobweb 1.0.0
	- collective 7.87
	- combatroll 1.3.3+1.20.1
	- comicsbubbleschat 1.3.4
	- configured 2.2.3
	- connectivity 1.20.1-5.6
	- connectorextras 1.11.2+1.20.1
		|-- amecsapi 1.5.3+mc1.20-pre1
		|-- connectorextras_architectury_bridge 1.11.2+1.20.1
		|-- connectorextras_emi_bridge 1.11.2+1.20.1
		|-- connectorextras_energy_bridge 1.11.2+1.20.1
		|-- connectorextras_geckolib_fabric_compat 1.11.2+1.20.1
		|-- connectorextras_jei_bridge 1.11.2+1.20.1
		|-- connectorextras_kubejs_bridge 1.11.2+1.20.1
		|-- connectorextras_modmenu_bridge 1.11.2+1.20.1
			\-- modmenu 7.2.2
		|-- connectorextras_pehkui_bridge 1.11.2+1.20.1
		|-- connectorextras_rei_bridge 1.11.2+1.20.1
		|-- connectorextras_terrablender_bridge 1.11.2+1.20.1
		|-- forgeconfigapiport 8.0.0
		\-- reach_entity_attributes 2.4.0
	- connectormod 1.0.0-beta.46+1.20.1
	- constructionwand 1.20.1-2.11
	- controllable 0.20.3
	- controlling 12.0.2
	- corgilib 4.0.3.2
	- coroutil 1.20.1-1.3.7
	- corpse 1.20.1-1.0.17
	- cosmeticarmorreworked 1.20.1-v1a
	- craftingtweaks 18.2.5
	- crafttweaker 14.0.43
	- craterlib 2.1.1
	- create 0.5.1.j
		\-- flywheel 0.6.11-13
	- create_central_kitchen 1.3.12
		\-- create_dragon_lib 1.4.3
	- create_connected 0.9.2-mc1.20.1
	- create_enchantment_industry 1.2.9.d
	- create_ultimate_factory 1.8.0
	- create_unbreakable 1.2+forge-1.20.1
	- createaddition 1.20.1-1.2.4e
	- creativecore 2.12.21
	- crittersandcompanions 1.20.1-2.1.7
	- culllessleaves 1.20.1-1.0.5
	- cupboard 1.20.1-2.7
	- curios 5.11.0+1.20.1
	- despawn_tweaker 1.20.1-1.0.0
	- deuf 1.20.1-1.3
	- disenchanting 2.2.3
	- do_a_barrel_roll 3.5.6+1.20.1
	- doapi 1.2.15
		\-- terraform 7.0.1
	- doespotatotick 1.20.1-4.0.2
	- doggytalents 1.18.32
	- dpanvil 1.20.1-5.0.1
	- dragnsounds 1.20.1-0.1.10
		\-- dragonlib 1.20.1-2.1.14
	- dummmmmmy 1.20-2.0.2
	- dynamiclights 1.8.3+mod
	- easier_sleeping 2.1.3
	- easy_npc 5.7.2
	- easy_villagers 1.20.1-1.1.23
	- easyanvils 8.0.2
	- easymagic 8.0.1
	- elevatorid 1.20.1-lex-1.9
	- elytraslot 6.4.4+1.20.1
		\-- mixinsquared 0.1.2-beta.6
	- emojiful 4.2.0
	- emotecraft 2.2.7-b.build.50
	- endrem 5.3.3-R-1.20.1
	- enhancedai 2.5.2
	- enhancedcelestials 1.20.1-5.0.1.0
	- equipmentcompare 1.3.7
	- evenmoreinstruments 6.1.3
	- exposure 1.7.7
	- fabric_api 0.92.2+1.11.8+1.20.1
		|-- fabric_api_base 0.4.31+ef105b4977
		|-- fabric_api_lookup_api_v1 1.6.36+67f9824077
		|-- fabric_biome_api_v1 13.0.13+dc36698e77
		|-- fabric_block_api_v1 1.0.11+0e6cb7f777
		|-- fabric_block_view_api_v2 1.0.1+0767707077
		|-- fabric_blockrenderlayer_v1 1.1.41+1d0da21e77
		|-- fabric_client_tags_api_v1 1.1.2+5d6761b877
		|-- fabric_command_api_v1 1.2.34+f71b366f77
		|-- fabric_command_api_v2 2.2.13+561530ec77
		|-- fabric_content_registries_v0 4.0.11+a670df1e77
		|-- fabric_convention_tags_v1 1.5.5+fa3d1c0177
		|-- fabric_data_attachment_api_v1 1.0.0+30ef839e77
		|-- fabric_data_generation_api_v1 12.3.4+369cb3a477
		|-- fabric_dimensions_v1 2.1.54+8005d10d77
		|-- fabric_entity_events_v1 1.6.0+6274ab9d77
		|-- fabric_events_interaction_v0 0.6.2+0d0bd5a777
		|-- fabric_game_rule_api_v1 1.0.40+683d4da877
		|-- fabric_item_api_v1 2.1.28+4d0bbcfa77
		|-- fabric_item_group_api_v1 4.0.12+c9161c2d77
		|-- fabric_key_binding_api_v1 1.0.37+561530ec77
		|-- fabric_lifecycle_events_v1 2.2.22+afab492177
		|-- fabric_loot_api_v2 1.2.1+eb28f93e77
		|-- fabric_message_api_v1 5.1.9+52cc178c77
		|-- fabric_mining_level_api_v1 2.1.50+561530ec77
		|-- fabric_model_loading_api_v1 1.0.3+6274ab9d77
		|-- fabric_models_v0 0.4.2+7c3892a477
		|-- fabric_networking_api_v1 1.3.11+503a202477
		|-- fabric_object_builder_api_v1 11.1.3+2174fc8477
		|-- fabric_particles_v1 1.1.2+78e1ecb877
		|-- fabric_recipe_api_v1 1.0.21+514a076577
		|-- fabric_registry_sync_v0 2.3.3+1c0ea72177
		|-- fabric_renderer_api_v1 3.2.1+1d29b44577
		|-- fabric_renderer_indigo 1.5.2+b5b2da4177
		|-- fabric_rendering_data_attachment_v1 0.3.37+a6081afc77
		|-- fabric_rendering_fluids_v1 3.0.28+4ac5e37a77
		|-- fabric_rendering_v1 3.0.8+66e9a48f77
		|-- fabric_resource_conditions_api_v1 2.3.8+9ad825cd77
		|-- fabric_resource_loader_v0 0.11.10+bcd08ed377
		|-- fabric_screen_api_v1 2.0.8+45a670a577
		|-- fabric_screen_handler_api_v1 1.3.30+561530ec77
		|-- fabric_sound_api_v1 1.0.13+4f23bd8477
		|-- fabric_transfer_api_v1 3.3.5+631c9cd677
		\-- fabric_transitive_access_wideners_v1 4.3.1+1880499877
	- fabric_permissions_api_v0 0.2-SNAPSHOT
	- farmersdelight 1.20.1-1.2.4
	- fastasyncworldsave 1.20.1-2.0
	- fastbench 8.0.4
	- fastfurnace 8.0.2
	- fastleafdecay 32
	- fastpaintings 1.20-1.2.7
	- fastsuite 5.0.1
	- ferritecore 6.0.1
	- forge 47.2.0
	- forgivingvoid 10.0.1
	- framework 0.7.11
	- fromtheshadows 2.5
	- ftbchunks 2001.3.2
	- ftbessentials 2001.2.2
	- ftbfiltersystem 1.0.2
	- ftblibrary 2001.2.4
	- ftbqoptimizer 2.0.4-1.20.1
	- ftbquests 2001.4.9
	- ftbteams 2001.3.0
	- ftbxmodcompat 2.1.1
	- fullstackwatchdog 1.0.1+1.19.2-forge
	- furniture 1.0.3
	- fusion 1.1.1
	- gamestages 15.0.2
	- geckolib 4.4.9
	- genshinstrument 4.0.2
	- globalpacks 1.16.2_forge
	- goblintraders 1.9.3
	- grimoireofgaia 4.0.0-alpha.11
	- handcrafted 3.0.6
	- harvest_with_ease 9.2.0
	- healingcampfire 6.1
	- hologram_api 0.2.41.20
	- holograms 1.5.21.20-legacy-edition
	- hordes 1.5.4
	- iceandfire 2.1.13-1.20.1
	- iceberg 1.1.25
	- ichunutil 1.0.0
	- immediatelyfast 1.3.1+1.20.4
		\-- mixinextras 0.4.1
	- immersive_aircraft 1.1.2+1.20.1
	- immersive_melodies 0.3.0+1.20.1
	- incontrol 1.20-9.2.8
	- insanelib 1.15.0
	- inventoryessentials 8.2.6
	- inventoryhud 3.4.26
	- ironfurnaces 4.1.6
	- itemstages 8.0.3
	- jeed 1.20-2.2.2
	- jei 15.20.0.105
	- jeresources 1.4.0.247
	- jsonthings 0.9.4
	- konkrete 1.8.0
	- kotlinforforge 4.11.0
	- ksyxis 1.3.2
	- kubejs 2001.6.5-build.16
	- kubejs_create 2001.2.5-build.2
	- legendarycreatures 1.20.1-1.0.10
	- legendarysurvivaloverhaul 1.20.1-1.20.1-2.0.13
	- letmedespawn 1.4.4
	- letsdoaddon_compat 1.4.2
	- lexiconfig 1.3.11
	- library_of_exile 1.5.3
	- lightmanscurrency 1.20.1-2.2.3.5b
	- lionfishapi 1.9
	- lithostitched 1.3.3
	- logprot 1.4
	- loot_journal 4.0.2
	- lootr 0.7.34.87
	- luphieclutteredmod 2.1
	- maxhealthfix 12.0.3
	- mca 7.5.20+1.20.1
	- mcef 2.1.6-1.20.1
	- mcwbridges 3.0.0
	- mcwdoors 1.1.1
	- mcwfences 1.1.2
	- mcwlights 1.1.0
	- mcwroofs 2.3.1
	- mcwtrpdoors 1.1.3
	- mcwwindows 2.3.0
	- memoryleakfix 1.1.5
	- minecraft 1.20.1
	- mmode 1.3.1
	- mmorpg 5.8.3
	- moa_decor_electronics 1.20.1.
	- mobspropertiesrandomness 4.10.13
	- modernfix 5.19.4+mc1.20.1
	- moonlight 1.20-2.13.20
	- mowziesmobs 1.6.4
	- multimine 1.20.1.4
	- mutantmonsters 8.0.7
	- mutil 6.1.1
	- mynethersdelight 1.20.1-1.7.5
	- naturalist 4.0.3
	- neapolitan 5.0.0
	- necronomicon 1.6.0
	- nerb 0.4.1
	- neruina 2.1.2
	- netherportalfix 13.0.1
	- nethervinery 1.2.14
	- noisium 2.3.0+mc1.20-1.20.1
	- obscure_api 15
	- octolib 0.4.2
	- packet_tweaker 0.4.01.19.4
	- packetfixer 1.4.2
	- patchouli 1.20.1-84-FORGE
	- personality 4.0.0
	- placebo 8.6.2
	- placeholder_api 2.1.31.20.1
	- player_data_api 0.2.21.19.3
	- playeranimator 1.0.2-rc1+1.20
	- playeranimatorapi 2.1.0
	- playerrevive 2.0.29
	- plushie_buddies 0.1.2-1.20.1
	- polymorph 0.49.5+1.20.1
	- ppfluids 2.0.1
	- predicate_api 0.1.21.20
	- prettypipes 1.15.0
	- protection_pixel 1.0.5
	- puzzleslib 8.1.24
		\-- puzzlesaccessapi 8.0.7
	- quark 4.0-460
	- questsadditions 1.4.6
	- railways 1.6.7+forge-mc1.20.1
	- ramcompat 0.1.4
	- reap 1.20.1-1.1.2
	- rechiseled 1.1.6
	- rechiseledcreate 1.0.2
	- recipestages 8.0.0.2
	- redeco 1.13
	- refurbished_furniture 1.0.6
	- relics 0.8.0.7
	- renameit 1.5.01.20.1
	- repurposed_structures 7.1.15+1.20.1-forge
	- resourcefullib 2.1.29
	- rhino 2001.2.3-build.6
	- ribbits 1.20.1-Forge-3.0.0
	- sdmgamestageshelper 1.20.1-1.1.0
	- sdmmobstages 1.20.1-1.0.1
	- searchables 1.0.3
	- server_translations_api 2.0.01.20
	- servercore 1.5.1+1.20.1
	- setworldspawnpoint 3.4
	- shield_overhaul 2.0.1-FORGE
	- silentlib 8.0.0
	- simpleradio 2.4.6.1
	- simplylight 1.20.1-1.4.6-build.50
	- skin_changer 0.6.6
	- smarterfarmers 1.20-2.1.0
	- smoothboot 0.0.4
	- smoothchunk 1.20.1-3.6
	- some_assembly_required 1.20.1-4.0.1
	- sophisticatedbackpacks 3.20.11.1115
	- sophisticatedcore 0.6.35.726
	- sophisticatedstorage 0.10.45.912
	- spark 1.10.53
	- spartanfire 2.1.0
	- spartanshields 3.1.1
	- spartantoolkit 1.5.1
	- spartantwilight 3.1.0
	- spartanweaponry 3.1.3
	- storagedrawers 12.9.9
	- styled_nicknames 1.2.11.20
	- styledchat 2.2.31.20.1
	- styledplayerlist 3.1.11.20.1
	- supermartijn642configlib 1.1.8
	- supermartijn642corelib 1.1.17+a
	- supplementaries 1.20-3.0.1
	- takesapillage 1.0.3
	- tbim 1.0.1
	- tenshilib 1.20.1-1.7.6
	- terrablender 3.0.1.7
	- tetra 6.4.0
	- tetracelium 1.3.0
	- tetraextras 0.1.4-1.20.1
	- tetranichematerials 1.0.0
	- tetranomicon 1.5.3-1.20.1
	- tetrasdelight 1.20.1-1
	- tetratic_combat_expanded 2.8.0
	- timestages 4.0.0
	- toofast 0.4.3.5
	- toolbelt 1.20.01
	- twilightforest 4.3.2508
	- unilib 1.0.3
	- vinery 1.4.28
	- visualworkbench 8.0.0
	- voicechat 1.20.1-2.5.25
	- watut 1.20.1-1.1.3
	- waystoneandlightman 1.0.2-1.20.1
	- waystones 14.1.6
	- webdisplays 2.0.1-1.20.1
	- wildberries 1.3.0
	- wings 2.1.4
	- worldedit 7.2.15+6463-5ca4dff
	- yawp 0.0.4.1-beta5
	- yungsapi 1.20-Forge-4.0.6
	- yuushya 2.2.2
	- zeta 1.0-24
	- zigysmultiloaderutils 1.2.4
[24Nov2024 15:06:52.439] [main/WARN] [mixin/]: Reference map 'Aquamirae.refmap.json' for aquamirae.mixins.json could not be read. If this is a development environment you can ignore this message
[24Nov2024 15:06:52.448] [main/WARN] [mixin/]: Reference map 'naturalist-forge-forge-refmap.json' for naturalist.mixins.json could not be read. If this is a development environment you can ignore this message
[24Nov2024 15:06:52.531] [main/WARN] [mixin/]: Reference map 'zigysmultiloaderutils-common-1.20.1-common-refmap.json' for zigysmultiloaderutils-common.mixins.json could not be read. If this is a development environment you can ignore this message
[24Nov2024 15:06:52.617] [main/WARN] [mixin/]: Reference map 'blockbeats-common-common-refmap.json' for blockbeats.mixins.json could not be read. If this is a development environment you can ignore this message
[24Nov2024 15:06:52.640] [main/WARN] [mixin/]: Reference map 'coroutil.refmap.json' for coroutil.mixins.json could not be read. If this is a development environment you can ignore this message
[24Nov2024 15:06:52.664] [main/WARN] [mixin/]: Reference map 'packetfixer-forge-forge-refmap.json' for packetfixer-forge.mixins.json could not be read. If this is a development environment you can ignore this message
[24Nov2024 15:06:52.685] [main/WARN] [mixin/]: Reference map '' for adapter.init.mixins.json could not be read. If this is a development environment you can ignore this message
[24Nov2024 15:06:53.192] [main/INFO] [net.minecraftforge.coremod.CoreMod.placebo/COREMODLOG]: Patching IForgeItemStack#getEnchantmentLevel
[24Nov2024 15:06:53.200] [main/INFO] [net.minecraftforge.coremod.CoreMod.placebo/COREMODLOG]: Patching IForgeItemStack#getEnchantmentLevel
[24Nov2024 15:06:54.261] [main/WARN] [mixin/]: Error loading class: net/minecraft/client/renderer/entity/layers/ItemInHandLayer (java.lang.ClassNotFoundException: net.minecraft.client.renderer.entity.layers.ItemInHandLayer)
[24Nov2024 15:06:54.261] [main/WARN] [mixin/]: @Mixin target net.minecraft.client.renderer.entity.layers.ItemInHandLayer was not found mmorpg-mixins.json:PlayerAnimMixin from mod mmorpg
[24Nov2024 15:06:54.477] [main/ERROR] [net.minecraftforge.coremod.transformer.CoreModBaseTransformer/COREMOD]: Error occurred applying transform of coremod wings_core.js function CameraTransformer
org.openjdk.nashorn.internal.runtime.ECMAException: Failed to find instruction
	at org.openjdk.nashorn.internal.runtime.ECMAException.create(ECMAException.java:113) ~[nashorn-core-15.3.jar%2366!/:?]
	at org.openjdk.nashorn.internal.scripts.Script$Recompilation$171$11045A$\^eval\_.L:3#atFirst#L:363#L:364(<eval>:372) ~[?:?]
	at org.openjdk.nashorn.internal.scripts.Script$Recompilation$142$10134ADA$\^eval\_.L:3#addTransformer-1#L:333#L:337(<eval>:338) ~[?:?]
	at org.openjdk.nashorn.internal.objects.NativeArray$4.forEach(NativeArray.java:1549) ~[nashorn-core-15.3.jar%2366!/:?]
	at org.openjdk.nashorn.internal.runtime.arrays.IteratorAction.apply(IteratorAction.java:110) ~[nashorn-core-15.3.jar%2366!/:?]
	at org.openjdk.nashorn.internal.objects.NativeArray.forEach(NativeArray.java:1552) ~[nashorn-core-15.3.jar%2366!/:?]
	at org.openjdk.nashorn.internal.scripts.Script$Recompilation$141$9855A$\^eval\_.L:3#addTransformer-1#L:333(<eval>:337) ~[?:?]
	at org.openjdk.nashorn.internal.scripts.Script$Recompilation$140$8862ADA$\^eval\_.L:3#addTransformer#transformer#L:302(<eval>:303) ~[?:?]
	at org.openjdk.nashorn.internal.objects.NativeArray$4.forEach(NativeArray.java:1549) ~[nashorn-core-15.3.jar%2366!/:?]
	at org.openjdk.nashorn.internal.runtime.arrays.IteratorAction.apply(IteratorAction.java:110) ~[nashorn-core-15.3.jar%2366!/:?]
	at org.openjdk.nashorn.internal.objects.NativeArray.forEach(NativeArray.java:1552) ~[nashorn-core-15.3.jar%2366!/:?]
	at org.openjdk.nashorn.internal.scripts.Script$Recompilation$139$8809A$\^eval\_.L:3#addTransformer#transformer(<eval>:302) ~[?:?]
	at org.openjdk.nashorn.internal.runtime.ScriptFunctionData.invoke(ScriptFunctionData.java:648) ~[nashorn-core-15.3.jar%2366!/:?]
	at org.openjdk.nashorn.internal.runtime.ScriptFunction.invoke(ScriptFunction.java:513) ~[nashorn-core-15.3.jar%2366!/:?]
	at org.openjdk.nashorn.internal.runtime.ScriptRuntime.apply(ScriptRuntime.java:520) ~[nashorn-core-15.3.jar%2366!/:?]
	at org.openjdk.nashorn.api.scripting.ScriptObjectMirror.call(ScriptObjectMirror.java:111) ~[nashorn-core-15.3.jar%2366!/:?]
	at net.minecraftforge.coremod.NashornFactory.lambda$getFunction$0(NashornFactory.java:18) ~[coremods-5.0.1.jar%2354!/:5.0.1+15+master.dc5a2922]
	at net.minecraftforge.coremod.transformer.CoreModClassTransformer.runCoremod(CoreModClassTransformer.java:18) ~[coremods-5.0.1.jar%2354!/:?]
	at net.minecraftforge.coremod.transformer.CoreModClassTransformer.runCoremod(CoreModClassTransformer.java:10) ~[coremods-5.0.1.jar%2354!/:?]
	at net.minecraftforge.coremod.transformer.CoreModBaseTransformer.transform(CoreModBaseTransformer.java:38) ~[coremods-5.0.1.jar%2354!/:?]
	at cpw.mods.modlauncher.TransformerHolder.transform(TransformerHolder.java:41) ~[modlauncher-10.0.9.jar%2355!/:?]
	at cpw.mods.modlauncher.ClassTransformer.performVote(ClassTransformer.java:179) ~[modlauncher-10.0.9.jar%2355!/:?]
	at cpw.mods.modlauncher.ClassTransformer.transform(ClassTransformer.java:117) ~[modlauncher-10.0.9.jar%2355!/:?]
	at cpw.mods.modlauncher.TransformingClassLoader.maybeTransformClassBytes(TransformingClassLoader.java:50) ~[modlauncher-10.0.9.jar%2355!/:?]
	at cpw.mods.cl.ModuleClassLoader.getMaybeTransformedClassBytes(ModuleClassLoader.java:250) ~[securejarhandler-2.1.10.jar:?]
	at cpw.mods.modlauncher.TransformingClassLoader.buildTransformedClassNodeFor(TransformingClassLoader.java:58) ~[modlauncher-10.0.9.jar%2355!/:?]
	at cpw.mods.modlauncher.LaunchPluginHandler.lambda$announceLaunch$10(LaunchPluginHandler.java:100) ~[modlauncher-10.0.9.jar%2355!/:?]
	at org.spongepowered.asm.launch.MixinLaunchPluginLegacy.getClassNode(MixinLaunchPluginLegacy.java:222) ~[mixin-0.8.5.jar%2365!/:0.8.5+Jenkins-b310.git-155314e6e91465dad727e621a569906a410cd6f4]
	at org.spongepowered.asm.launch.MixinLaunchPluginLegacy.getClassNode(MixinLaunchPluginLegacy.java:207) ~[mixin-0.8.5.jar%2365!/:0.8.5+Jenkins-b310.git-155314e6e91465dad727e621a569906a410cd6f4]
	at org.spongepowered.asm.mixin.transformer.ClassInfo.forName(ClassInfo.java:2056) ~[Connector-1.0.0-beta.46+1.20.1.jar%23396%23402!/:0.12.11+mixin.0.8.5]
	at org.spongepowered.asm.mixin.transformer.MixinInfo.getTargetClass(MixinInfo.java:1018) ~[Connector-1.0.0-beta.46+1.20.1.jar%23396%23402!/:0.12.11+mixin.0.8.5]
	at org.spongepowered.asm.mixin.transformer.MixinInfo.readTargetClasses(MixinInfo.java:1008) ~[Connector-1.0.0-beta.46+1.20.1.jar%23396%23402!/:0.12.11+mixin.0.8.5]
	at org.spongepowered.asm.mixin.transformer.MixinInfo.parseTargets(MixinInfo.java:896) ~[Connector-1.0.0-beta.46+1.20.1.jar%23396%23402!/:0.12.11+mixin.0.8.5]
	at org.spongepowered.asm.mixin.transformer.MixinConfig.prepareMixins(MixinConfig.java:869) ~[Connector-1.0.0-beta.46+1.20.1.jar%23396%23402!/:0.12.11+mixin.0.8.5]
	at org.spongepowered.asm.mixin.transformer.MixinConfig.prepare(MixinConfig.java:777) ~[Connector-1.0.0-beta.46+1.20.1.jar%23396%23402!/:0.12.11+mixin.0.8.5]
	at org.spongepowered.asm.mixin.transformer.MixinProcessor.prepareConfigs(MixinProcessor.java:540) ~[Connector-1.0.0-beta.46+1.20.1.jar%23396%23402!/:0.12.11+mixin.0.8.5]
	at org.spongepowered.asm.mixin.transformer.MixinProcessor.select(MixinProcessor.java:462) ~[Connector-1.0.0-beta.46+1.20.1.jar%23396%23402!/:0.12.11+mixin.0.8.5]
	at org.spongepowered.asm.mixin.transformer.MixinProcessor.checkSelect(MixinProcessor.java:438) ~[Connector-1.0.0-beta.46+1.20.1.jar%23396%23402!/:0.12.11+mixin.0.8.5]
	at org.spongepowered.asm.mixin.transformer.MixinProcessor.applyMixins(MixinProcessor.java:290) ~[Connector-1.0.0-beta.46+1.20.1.jar%23396%23402!/:0.12.11+mixin.0.8.5]
	at org.spongepowered.asm.mixin.transformer.MixinTransformer.transformClass(MixinTransformer.java:250) ~[Connector-1.0.0-beta.46+1.20.1.jar%23396%23402!/:0.12.11+mixin.0.8.5]
	at org.spongepowered.asm.service.modlauncher.MixinTransformationHandler.processClass(MixinTransformationHandler.java:131) ~[Connector-1.0.0-beta.46+1.20.1.jar%23396%23402!/:0.12.11+mixin.0.8.5]
	at org.spongepowered.asm.launch.MixinLaunchPluginLegacy.processClass(MixinLaunchPluginLegacy.java:131) ~[mixin-0.8.5.jar%2365!/:0.8.5+Jenkins-b310.git-155314e6e91465dad727e621a569906a410cd6f4]
	at cpw.mods.modlauncher.serviceapi.ILaunchPluginService.processClassWithFlags(ILaunchPluginService.java:156) ~[modlauncher-10.0.9.jar%2355!/:10.0.9+10.0.9+main.dcd20f30]
	at cpw.mods.modlauncher.LaunchPluginHandler.offerClassNodeToPlugins(LaunchPluginHandler.java:88) ~[modlauncher-10.0.9.jar%2355!/:?]
	at cpw.mods.modlauncher.ClassTransformer.transform(ClassTransformer.java:120) ~[modlauncher-10.0.9.jar%2355!/:?]
	at cpw.mods.modlauncher.TransformingClassLoader.maybeTransformClassBytes(TransformingClassLoader.java:50) ~[modlauncher-10.0.9.jar%2355!/:?]
	at cpw.mods.cl.ModuleClassLoader.readerToClass(ModuleClassLoader.java:113) ~[securejarhandler-2.1.10.jar:?]
	at cpw.mods.cl.ModuleClassLoader.lambda$findClass$15(ModuleClassLoader.java:219) ~[securejarhandler-2.1.10.jar:?]
	at cpw.mods.cl.ModuleClassLoader.loadFromModule(ModuleClassLoader.java:229) ~[securejarhandler-2.1.10.jar:?]
	at cpw.mods.cl.ModuleClassLoader.findClass(ModuleClassLoader.java:219) ~[securejarhandler-2.1.10.jar:?]
	at cpw.mods.cl.ModuleClassLoader.loadClass(ModuleClassLoader.java:135) ~[securejarhandler-2.1.10.jar:?]
	at java.lang.ClassLoader.loadClass(ClassLoader.java:526) ~[?:?]
	at java.lang.Class.forName0(Native Method) ~[?:?]
	at java.lang.Class.forName(Class.java:534) ~[?:?]
	at java.lang.Class.forName(Class.java:513) ~[?:?]
	at org.sinytra.connector.service.ConnectorLoaderService$1.lambda$updateModuleReads$0(ConnectorLoaderService.java:65) ~[Connector-1.0.0-beta.46+1.20.1.jar%23396!/:1.0.0-beta.46+1.20.1]
	at cpw.mods.modlauncher.api.LamdbaExceptionUtils.uncheck(LamdbaExceptionUtils.java:95) ~[modlauncher-10.0.9.jar%2355!/:10.0.9+10.0.9+main.dcd20f30]
	at org.sinytra.connector.service.ConnectorLoaderService$1.updateModuleReads(ConnectorLoaderService.java:65) ~[Connector-1.0.0-beta.46+1.20.1.jar%23396!/:1.0.0-beta.46+1.20.1]
	at net.minecraftforge.fml.loading.ImmediateWindowHandler.acceptGameLayer(ImmediateWindowHandler.java:71) ~[fmlloader-1.20.1-47.2.0.jar%2369!/:1.0]
	at net.minecraftforge.fml.loading.FMLLoader.beforeStart(FMLLoader.java:207) ~[fmlloader-1.20.1-47.2.0.jar%2369!/:1.0]
	at net.minecraftforge.fml.loading.targets.CommonLaunchHandler.launchService(CommonLaunchHandler.java:92) ~[fmlloader-1.20.1-47.2.0.jar%2369!/:?]
	at cpw.mods.modlauncher.LaunchServiceHandlerDecorator.launch(LaunchServiceHandlerDecorator.java:30) ~[modlauncher-10.0.9.jar%2355!/:?]
	at cpw.mods.modlauncher.LaunchServiceHandler.launch(LaunchServiceHandler.java:53) ~[modlauncher-10.0.9.jar%2355!/:?]
	at cpw.mods.modlauncher.LaunchServiceHandler.launch(LaunchServiceHandler.java:71) ~[modlauncher-10.0.9.jar%2355!/:?]
	at cpw.mods.modlauncher.Launcher.run(Launcher.java:108) ~[modlauncher-10.0.9.jar%2355!/:?]
	at cpw.mods.modlauncher.Launcher.main(Launcher.java:78) ~[modlauncher-10.0.9.jar%2355!/:?]
	at cpw.mods.modlauncher.BootstrapLaunchConsumer.accept(BootstrapLaunchConsumer.java:26) ~[modlauncher-10.0.9.jar%2355!/:?]
	at cpw.mods.modlauncher.BootstrapLaunchConsumer.accept(BootstrapLaunchConsumer.java:23) ~[modlauncher-10.0.9.jar%2355!/:?]
	at cpw.mods.bootstraplauncher.BootstrapLauncher.main(BootstrapLauncher.java:141) ~[bootstraplauncher-1.1.2.jar:?]
[24Nov2024 15:06:54.483] [main/ERROR] [net.minecraftforge.fml.loading.RuntimeDistCleaner/DISTXFORM]: Attempted to load class net/minecraft/client/Camera for invalid dist DEDICATED_SERVER
[24Nov2024 15:06:54.484] [main/WARN] [mixin/]: Error loading class: net/minecraft/client/Camera (java.lang.RuntimeException: Attempted to load class net/minecraft/client/Camera for invalid dist DEDICATED_SERVER)
[24Nov2024 15:06:54.484] [main/WARN] [mixin/]: @Mixin target net.minecraft.client.Camera was not found playeranimatorapi-common.mixins.json:CameraAccessor from mod playeranimatorapi
[24Nov2024 15:06:54.553] [main/WARN] [mixin/]: Error loading class: com/copycatsplus/copycats/content/copycat/slab/CopycatSlabBlock (java.lang.ClassNotFoundException: com.copycatsplus.copycats.content.copycat.slab.CopycatSlabBlock)
[24Nov2024 15:06:54.553] [main/WARN] [mixin/]: @Mixin target com.copycatsplus.copycats.content.copycat.slab.CopycatSlabBlock was not found create_connected.mixins.json:compat.CopycatBlockMixin from mod create_connected
[24Nov2024 15:06:54.555] [main/WARN] [mixin/]: Error loading class: com/copycatsplus/copycats/content/copycat/board/CopycatBoardBlock (java.lang.ClassNotFoundException: com.copycatsplus.copycats.content.copycat.board.CopycatBoardBlock)
[24Nov2024 15:06:54.556] [main/WARN] [mixin/]: @Mixin target com.copycatsplus.copycats.content.copycat.board.CopycatBoardBlock was not found create_connected.mixins.json:compat.CopycatBlockMixin from mod create_connected
[24Nov2024 15:06:54.613] [main/WARN] [mixin/]: Error loading class: me/jellysquid/mods/lithium/common/ai/pathing/PathNodeDefaults (java.lang.ClassNotFoundException: me.jellysquid.mods.lithium.common.ai.pathing.PathNodeDefaults)
[24Nov2024 15:06:54.648] [main/ERROR] [net.minecraftforge.fml.loading.RuntimeDistCleaner/DISTXFORM]: Attempted to load class com/simibubi/create/foundation/gui/AbstractSimiScreen for invalid dist DEDICATED_SERVER
[24Nov2024 15:06:54.648] [main/WARN] [mixin/]: Error loading class: com/simibubi/create/foundation/gui/AbstractSimiScreen (java.lang.RuntimeException: Attempted to load class com/simibubi/create/foundation/gui/AbstractSimiScreen for invalid dist DEDICATED_SERVER)
[24Nov2024 15:06:54.648] [main/WARN] [mixin/]: @Mixin target com.simibubi.create.foundation.gui.AbstractSimiScreen was not found create_connected.mixins.json:sequencedgearshift.AbstractSimiScreenAccessor from mod create_connected
[24Nov2024 15:06:54.956] [main/WARN] [mixin/]: Error loading class: vazkii/quark/addons/oddities/inventory/BackpackMenu (java.lang.ClassNotFoundException: vazkii.quark.addons.oddities.inventory.BackpackMenu)
[24Nov2024 15:06:54.957] [main/WARN] [mixin/]: Error loading class: net/minecraft/client/gui/screens/inventory/CraftingScreen (java.lang.ClassNotFoundException: net.minecraft.client.gui.screens.inventory.CraftingScreen)
[24Nov2024 15:06:54.957] [main/WARN] [mixin/]: @Mixin target net.minecraft.client.gui.screens.inventory.CraftingScreen was not found fastbench.mixins.json:MixinCraftingScreen from mod fastbench
[24Nov2024 15:06:55.022] [main/ERROR] [net.minecraftforge.fml.loading.RuntimeDistCleaner/DISTXFORM]: Attempted to load class net/minecraft/client/MouseHandler for invalid dist DEDICATED_SERVER
[24Nov2024 15:06:55.023] [main/WARN] [mixin/]: Error loading class: net/minecraft/client/MouseHandler (java.lang.RuntimeException: Attempted to load class net/minecraft/client/MouseHandler for invalid dist DEDICATED_SERVER)
[24Nov2024 15:06:55.023] [main/WARN] [mixin/]: @Mixin target net.minecraft.client.MouseHandler was not found fabric-screen-api-v1.mixins.json:MouseMixin from mod fabric_screen_api_v1
[24Nov2024 15:06:55.025] [main/ERROR] [net.minecraftforge.fml.loading.RuntimeDistCleaner/DISTXFORM]: Attempted to load class net/minecraft/client/gui/screens/Screen for invalid dist DEDICATED_SERVER
[24Nov2024 15:06:55.025] [main/WARN] [mixin/]: Error loading class: net/minecraft/client/gui/screens/Screen (java.lang.RuntimeException: Attempted to load class net/minecraft/client/gui/screens/Screen for invalid dist DEDICATED_SERVER)
[24Nov2024 15:06:55.026] [main/WARN] [mixin/]: @Mixin target net.minecraft.client.gui.screens.Screen was not found fabric-screen-api-v1.mixins.json:ScreenAccessor from mod fabric_screen_api_v1
[24Nov2024 15:06:55.206] [main/ERROR] [net.minecraftforge.fml.loading.RuntimeDistCleaner/DISTXFORM]: Attempted to load class net/minecraft/client/gui/Gui for invalid dist DEDICATED_SERVER
[24Nov2024 15:06:55.206] [main/WARN] [mixin/]: Error loading class: net/minecraft/client/gui/Gui (java.lang.RuntimeException: Attempted to load class net/minecraft/client/gui/Gui for invalid dist DEDICATED_SERVER)
[24Nov2024 15:06:55.206] [main/WARN] [mixin/]: @Mixin target net.minecraft.client.gui.Gui was not found shield_overhaul.mixins.json:CursorIconMixin from mod shield_overhaul
[24Nov2024 15:06:55.610] [main/ERROR] [net.minecraftforge.fml.loading.RuntimeDistCleaner/DISTXFORM]: Attempted to load class net/minecraft/client/gui/screens/Screen for invalid dist DEDICATED_SERVER
[24Nov2024 15:06:55.610] [main/WARN] [mixin/]: Error loading class: net/minecraft/client/gui/screens/Screen (java.lang.RuntimeException: Attempted to load class net/minecraft/client/gui/screens/Screen for invalid dist DEDICATED_SERVER)
[24Nov2024 15:06:55.610] [main/WARN] [mixin/]: @Mixin target net.minecraft.client.gui.screens.Screen was not found relics.mixins.json:ScreenMixin from mod relics
[24Nov2024 15:06:56.002] [main/WARN] [mixin/]: Error loading class: net/minecraft/client/gui/screens/inventory/AnvilScreen (java.lang.ClassNotFoundException: net.minecraft.client.gui.screens.inventory.AnvilScreen)
[24Nov2024 15:06:56.002] [main/WARN] [mixin/]: @Mixin target net.minecraft.client.gui.screens.inventory.AnvilScreen was not found ante.mixins.json:AnvilScreenMixin from mod ante
[24Nov2024 15:06:56.372] [main/WARN] [dev.tonimatas.packetfixer.mixins.MixinConfigPlugin/]: You are using connectivity for fix "Badly compressed packet - size of " + X + " is larger than protocol maximum of 8388608" if you have and issue with that delete connectivity.
[24Nov2024 15:06:56.409] [main/WARN] [mixin/]: Error loading class: earth/terrarium/botarium/forge/BotariumForge (java.lang.ClassNotFoundException: earth.terrarium.botarium.forge.BotariumForge)
[24Nov2024 15:06:56.409] [main/WARN] [mixin/]: @Mixin target earth.terrarium.botarium.forge.BotariumForge was not found create_central_kitchen.mixins.json:common.botarium.BotariumForgeMixin from mod create_central_kitchen
[24Nov2024 15:06:56.411] [main/WARN] [mixin/]: Error loading class: dan200/computercraft/shared/integration/MoreRedIntegration (java.lang.ClassNotFoundException: dan200.computercraft.shared.integration.MoreRedIntegration)
[24Nov2024 15:06:56.412] [main/WARN] [mixin/]: @Mixin target dan200.computercraft.shared.integration.MoreRedIntegration was not found create_central_kitchen.mixins.json:common.computercraft.MoreRedIntegrationMixin from mod create_central_kitchen
[24Nov2024 15:06:56.452] [main/WARN] [mixin/]: Error loading class: com/sammy/minersdelight/content/block/copper_pot/CopperPotBlockEntity (java.lang.ClassNotFoundException: com.sammy.minersdelight.content.block.copper_pot.CopperPotBlockEntity)
[24Nov2024 15:06:56.453] [main/WARN] [mixin/]: @Mixin target com.sammy.minersdelight.content.block.copper_pot.CopperPotBlockEntity was not found create_central_kitchen.mixins.json:common.minersdelight.CopperPotBlockEntityMixin from mod create_central_kitchen
[24Nov2024 15:06:56.454] [main/WARN] [mixin/]: Error loading class: com/sammy/minersdelight/content/block/sticky_basket/StickyBasketBlockEntity (java.lang.ClassNotFoundException: com.sammy.minersdelight.content.block.sticky_basket.StickyBasketBlockEntity)
[24Nov2024 15:06:56.455] [main/WARN] [mixin/]: @Mixin target com.sammy.minersdelight.content.block.sticky_basket.StickyBasketBlockEntity was not found create_central_kitchen.mixins.json:common.minersdelight.StickyBasketBlockEntityAccessor from mod create_central_kitchen
[24Nov2024 15:06:56.456] [main/WARN] [mixin/]: Error loading class: com/sammy/minersdelight/content/block/sticky_basket/StickyBasketBlockEntity (java.lang.ClassNotFoundException: com.sammy.minersdelight.content.block.sticky_basket.StickyBasketBlockEntity)
[24Nov2024 15:06:56.456] [main/WARN] [mixin/]: @Mixin target com.sammy.minersdelight.content.block.sticky_basket.StickyBasketBlockEntity was not found create_central_kitchen.mixins.json:common.minersdelight.StickyBasketBlockEntityMixin from mod create_central_kitchen
[24Nov2024 15:06:56.458] [main/WARN] [mixin/]: Error loading class: net/orcinus/overweightfarming/blocks/CropFullBlock (java.lang.ClassNotFoundException: net.orcinus.overweightfarming.blocks.CropFullBlock)
[24Nov2024 15:06:56.458] [main/WARN] [mixin/]: @Mixin target net.orcinus.overweightfarming.blocks.CropFullBlock was not found create_central_kitchen.mixins.json:common.overweightfarming.CropFullBlockMixin from mod create_central_kitchen
[24Nov2024 15:06:56.488] [main/INFO] [memoryleakfix/]: [MemoryLeakFix] Will be applying 1 memory leak fixes!
[24Nov2024 15:06:56.488] [main/INFO] [memoryleakfix/]: [MemoryLeakFix] Currently enabled memory leak fixes: [biomeTemperatureLeak]
[24Nov2024 15:06:56.923] [main/INFO] [MixinExtras|Service/]: Initializing MixinExtras via com.llamalad7.mixinextras.service.MixinExtrasServiceImpl(version=0.4.1).
[24Nov2024 15:06:57.597] [main/INFO] [Smooth Boot (Reloaded)/]: Smooth Boot (Reloaded) config initialized
[24Nov2024 15:06:57.717] [main/WARN] [mixin/]: Static binding violation: PRIVATE @Overwrite method m_216202_ in modernfix-forge.mixins.json:perf.tag_id_caching.TagOrElementLocationMixin from mod modernfix cannot reduce visibiliy of PUBLIC target method, visibility will be upgraded.
[24Nov2024 15:06:58.095] [main/INFO] [net.minecraft.server.Bootstrap/]: ModernFix reached bootstrap stage (28.78 s after launch)
[24Nov2024 15:06:58.525] [main/WARN] [mixin/]: @Final field delegatesByName:Ljava/util/Map; in modernfix-forge.mixins.json:perf.forge_registry_alloc.ForgeRegistryMixin from mod modernfix should be final
[24Nov2024 15:06:58.526] [main/WARN] [mixin/]: @Final field delegatesByValue:Ljava/util/Map; in modernfix-forge.mixins.json:perf.forge_registry_alloc.ForgeRegistryMixin from mod modernfix should be final
[24Nov2024 15:06:58.648] [main/INFO] [net.minecraftforge.coremod.CoreMod.placebo/COREMODLOG]: Patching IForgeItemStack#getEnchantmentLevel
[24Nov2024 15:06:58.649] [main/INFO] [net.minecraftforge.coremod.CoreMod.placebo/COREMODLOG]: Patching IForgeItemStack#getEnchantmentLevel
[24Nov2024 15:06:59.452] [main/INFO] [ModernFix/]: Injecting BlockStateBase cache population hook into getNeighborPathNodeType from com.abdelaziz.canary.mixin.ai.pathing.BlockStateBaseMixin
[24Nov2024 15:06:59.452] [main/INFO] [ModernFix/]: Injecting BlockStateBase cache population hook into getPathNodeType from com.abdelaziz.canary.mixin.ai.pathing.BlockStateBaseMixin
[24Nov2024 15:07:01.018] [main/WARN] [mixin/]: @Inject(@At("INVOKE")) Shift.BY=1 on crittersandcompanions.mixins.json:LivingEntityMixin from mod crittersandcompanions::handler$clp000$crittersandcompanions$onDie exceeds the maximum allowed value: 0. Increase the value of maxShiftBy to suppress this warning.
[24Nov2024 15:07:02.514] [main/INFO] [net.minecraft.server.Bootstrap/]: Vanilla bootstrap took 4414 milliseconds
[24Nov2024 15:07:02.570] [main/WARN] [mixin/]: @ModifyConstant conflict. Skipping connectivity.mixins.json:ClientBoundCustomPayloadPacketLMixin from mod connectivity->@ModifyConstant::modifyLimit(I)I with priority 1, already redirected by packetfixer-common.mixins.json:ClientboundCustomPayloadPacketMixin from mod packetfixer->@ModifyConstant::newSize(I)I with priority 9999
[24Nov2024 15:07:02.570] [main/WARN] [mixin/]: @ModifyConstant conflict. Skipping connectivity.mixins.json:ClientBoundCustomPayloadPacketLMixin from mod connectivity->@ModifyConstant::modifyLimit(I)I with priority 1, already redirected by packetfixer-common.mixins.json:ClientboundCustomPayloadPacketMixin from mod packetfixer->@ModifyConstant::newSize(I)I with priority 9999
[24Nov2024 15:07:02.653] [main/WARN] [mixin/]: Method overwrite conflict for setBlockState in mmorpg-mixins.json:FallingBlockEntityMixin from mod mmorpg, previously written by com.github.alexmodguy.alexscaves.mixin.FallingBlockEntityMixin. Skipping method.
[24Nov2024 15:07:02.958] [main/INFO] [net.minecraftforge.coremod.CoreMod.placebo/COREMODLOG]: Patching IForgeItemStack#getEnchantmentLevel
[24Nov2024 15:07:02.959] [main/INFO] [net.minecraftforge.coremod.CoreMod.placebo/COREMODLOG]: Patching IForgeItemStack#getEnchantmentLevel
[24Nov2024 15:07:04.828] [main/WARN] [mixin/]: @Inject(@At("INVOKE_ASSIGN")) Shift.BY=2 on refurbished_furniture.common.mixins.json:LevelChunkMixin from mod refurbished_furniture::handler$dog000$refurbished_furniture$refurbishedFurniture$AfterRemoveBlockEntity exceeds the maximum allowed value: 0. Increase the value of maxShiftBy to suppress this warning.
[24Nov2024 15:07:05.745] [main/WARN] [mixin/]: Mixin alexscaves.mixins.json:SwampHutPieceMixin from mod alexscaves has multiple constructors, (Lnet/minecraft/world/level/levelgen/structure/pieces/StructurePieceType;IIIIIILnet/minecraft/core/Direction;)V was selected

[24Nov2024 15:07:05.873] [main/WARN] [mixin/]: Static binding violation: PRIVATE @Overwrite method m_47505_ in modernfix-common.mixins.json:perf.remove_biome_temperature_cache.BiomeMixin from mod modernfix cannot reduce visibiliy of PUBLIC target method, visibility will be upgraded.
[24Nov2024 15:07:06.513] [main/INFO] [necronomicon/]: File exists, reading config for elocin.shield_overhaul.config.server.ShieldConfig.
[24Nov2024 15:07:06.514] [main/INFO] [necronomicon/]: Config for elocin.shield_overhaul.config.server.ShieldConfig read successfully.
[24Nov2024 15:07:06.517] [main/INFO] [shield_overhaul/]: Shield Overhaul's Config Loaded!
[24Nov2024 15:07:06.529] [main/INFO] [RenameIt/]: 

[RenameIt:DONE] RenameIt is loaded, have fun!

[24Nov2024 15:07:06.938] [modloading-worker-0/INFO] [Botany Pots Tiers/]: Loading config: /workspaces/Proyect-Hopefull/servidor_minecraft/config/botanypotstiers-common.toml
[24Nov2024 15:07:06.939] [modloading-worker-0/INFO] [Botany Pots Tiers/]: Built config: /workspaces/Proyect-Hopefull/servidor_minecraft/config/botanypotstiers-common.toml
[24Nov2024 15:07:06.940] [modloading-worker-0/INFO] [Botany Pots Tiers/]: Loaded config: /workspaces/Proyect-Hopefull/servidor_minecraft/config/botanypotstiers-common.toml
[24Nov2024 15:07:07.022] [modloading-worker-0/INFO] [hordes/]: Trying to load common config
[24Nov2024 15:07:07.028] [modloading-worker-0/INFO] [hordes/]: Trying to load client config
[24Nov2024 15:07:07.037] [modloading-worker-0/INFO] [hordes/]: Config files are up to date, skipping data/asset generation
[24Nov2024 15:07:07.130] [modloading-worker-0/INFO] [Better Compatibility Checker/]: Better Compatibility Checker starting
[24Nov2024 15:07:07.261] [modloading-worker-0/INFO] [noisium/]: Loading Noisium.
[24Nov2024 15:07:07.357] [modloading-worker-0/INFO] [insane96mcp.insanelib.InsaneLib/]: Found (COMMON) InsaneLib Feature class insane96mcp.enhancedai.modules.witch.WitchFleeTarget
[24Nov2024 15:07:07.386] [modloading-worker-0/INFO] [insane96mcp.insanelib.InsaneLib/]: Found (COMMON) InsaneLib Feature class insane96mcp.enhancedai.modules.witch.throwing.WitchPotionThrowing
[24Nov2024 15:07:07.393] [modloading-worker-0/INFO] [insane96mcp.insanelib.InsaneLib/]: Found (COMMON) InsaneLib Feature class insane96mcp.enhancedai.modules.witch.ThirstyWitches
[24Nov2024 15:07:07.398] [modloading-worker-0/INFO] [insane96mcp.insanelib.InsaneLib/]: Found (COMMON) InsaneLib Feature class insane96mcp.enhancedai.modules.witch.darkart.DarkArtWitch
[24Nov2024 15:07:07.401] [modloading-worker-0/INFO] [insane96mcp.insanelib.InsaneLib/]: Found (COMMON) InsaneLib Feature class insane96mcp.enhancedai.modules.warden.Warden
[24Nov2024 15:07:07.402] [modloading-worker-0/INFO] [insane96mcp.insanelib.InsaneLib/]: Found (COMMON) InsaneLib Feature class insane96mcp.enhancedai.modules.villager.VillagerAttacking
[24Nov2024 15:07:07.404] [modloading-worker-0/INFO] [insane96mcp.insanelib.InsaneLib/]: Found (COMMON) InsaneLib Feature class insane96mcp.enhancedai.modules.spider.webber.ThrowingWeb
[24Nov2024 15:07:07.410] [modloading-worker-0/INFO] [insane96mcp.insanelib.InsaneLib/]: Found (COMMON) InsaneLib Feature class insane96mcp.enhancedai.modules.spider.Misc
[24Nov2024 15:07:07.412] [modloading-worker-0/INFO] [insane96mcp.insanelib.InsaneLib/]: Found (COMMON) InsaneLib Feature class insane96mcp.enhancedai.modules.slime.Slimes
[24Nov2024 15:07:07.415] [modloading-worker-0/INFO] [insane96mcp.insanelib.InsaneLib/]: Found (COMMON) InsaneLib Feature class insane96mcp.enhancedai.modules.skeleton.WitherSkeletons
[24Nov2024 15:07:07.417] [modloading-worker-0/INFO] [insane96mcp.insanelib.InsaneLib/]: Found (COMMON) InsaneLib Feature class insane96mcp.enhancedai.modules.skeleton.SkeletonFleeTarget
[24Nov2024 15:07:07.418] [modloading-worker-0/INFO] [insane96mcp.insanelib.InsaneLib/]: Found (COMMON) InsaneLib Feature class insane96mcp.enhancedai.modules.skeleton.shoot.SkeletonShoot
[24Nov2024 15:07:07.428] [modloading-worker-0/INFO] [insane96mcp.insanelib.InsaneLib/]: Found (COMMON) InsaneLib Feature class insane96mcp.enhancedai.modules.shulker.ShulkerBullets
[24Nov2024 15:07:07.429] [modloading-worker-0/INFO] [insane96mcp.insanelib.InsaneLib/]: Found (COMMON) InsaneLib Feature class insane96mcp.enhancedai.modules.shulker.shulkerattack.ShulkerAttack
[24Nov2024 15:07:07.431] [modloading-worker-0/INFO] [insane96mcp.insanelib.InsaneLib/]: Found (COMMON) InsaneLib Feature class insane96mcp.enhancedai.modules.shulker.ShulkerArmor
[24Nov2024 15:07:07.432] [modloading-worker-0/INFO] [insane96mcp.insanelib.InsaneLib/]: Found (COMMON) InsaneLib Feature class insane96mcp.enhancedai.modules.pets.Wolves
[24Nov2024 15:07:07.441] [modloading-worker-0/INFO] [insane96mcp.insanelib.InsaneLib/]: Found (COMMON) InsaneLib Feature class insane96mcp.enhancedai.modules.pets.snowgolem.SnowGolems
[24Nov2024 15:07:07.470] [modloading-worker-0/INFO] [insane96mcp.insanelib.InsaneLib/]: Found (COMMON) InsaneLib Feature class insane96mcp.enhancedai.modules.pets.IronGolems
[24Nov2024 15:07:07.475] [modloading-worker-0/INFO] [insane96mcp.insanelib.InsaneLib/]: Found (COMMON) InsaneLib Feature class insane96mcp.enhancedai.modules.mobs.WardenInteractions
[24Nov2024 15:07:07.485] [modloading-worker-0/INFO] [insane96mcp.insanelib.InsaneLib/]: Found (COMMON) InsaneLib Feature class insane96mcp.enhancedai.modules.mobs.targeting.Targeting
[24Nov2024 15:07:07.498] [modloading-worker-0/INFO] [Chunk Pregenerator/]: Loading Plugin: [name=JourneyMap]
[24Nov2024 15:07:07.530] [modloading-worker-0/INFO] [insane96mcp.insanelib.InsaneLib/]: Found (COMMON) InsaneLib Feature class insane96mcp.enhancedai.modules.mobs.Spawning
[24Nov2024 15:07:07.538] [modloading-worker-0/INFO] [insane96mcp.insanelib.InsaneLib/]: Found (COMMON) InsaneLib Feature class insane96mcp.enhancedai.modules.mobs.riding.Riding
[24Nov2024 15:07:07.540] [modloading-worker-0/INFO] [insane96mcp.insanelib.InsaneLib/]: Found (COMMON) InsaneLib Feature class insane96mcp.enhancedai.modules.mobs.pearler.PearlerMobs
[24Nov2024 15:07:07.542] [modloading-worker-0/INFO] [insane96mcp.insanelib.InsaneLib/]: Found (COMMON) InsaneLib Feature class insane96mcp.enhancedai.modules.mobs.OpenDoors
[24Nov2024 15:07:07.554] [modloading-worker-0/INFO] [insane96mcp.insanelib.InsaneLib/]: Found (COMMON) InsaneLib Feature class insane96mcp.enhancedai.modules.mobs.movement.Movement
[24Nov2024 15:07:07.556] [modloading-worker-0/INFO] [insane96mcp.insanelib.InsaneLib/]: Found (COMMON) InsaneLib Feature class insane96mcp.enhancedai.modules.mobs.miner.MinerMobs
[24Nov2024 15:07:07.566] [modloading-worker-0/INFO] [insane96mcp.insanelib.InsaneLib/]: Found (COMMON) InsaneLib Feature class insane96mcp.enhancedai.modules.mobs.MeleeAttacking
[24Nov2024 15:07:07.567] [modloading-worker-0/INFO] [insane96mcp.insanelib.InsaneLib/]: Found (COMMON) InsaneLib Feature class insane96mcp.enhancedai.modules.mobs.leap.Leap
[24Nov2024 15:07:07.573] [modloading-worker-0/INFO] [insane96mcp.insanelib.InsaneLib/]: Found (COMMON) InsaneLib Feature class insane96mcp.enhancedai.modules.mobs.Jump
[24Nov2024 15:07:07.578] [modloading-worker-0/INFO] [insane96mcp.insanelib.InsaneLib/]: Found (COMMON) InsaneLib Feature class insane96mcp.enhancedai.modules.mobs.ItemDisruption
[24Nov2024 15:07:07.580] [modloading-worker-0/INFO] [insane96mcp.insanelib.InsaneLib/]: Found (COMMON) InsaneLib Feature class insane96mcp.enhancedai.modules.mobs.flee.Flee
[24Nov2024 15:07:07.582] [modloading-worker-0/INFO] [insane96mcp.insanelib.InsaneLib/]: Found (COMMON) InsaneLib Feature class insane96mcp.enhancedai.modules.mobs.fisher.FisherMobs
[24Nov2024 15:07:07.588] [modloading-worker-0/INFO] [insane96mcp.insanelib.InsaneLib/]: Found (COMMON) InsaneLib Feature class insane96mcp.enhancedai.modules.mobs.breakanger.BreakAnger
[24Nov2024 15:07:07.593] [modloading-worker-0/INFO] [insane96mcp.insanelib.InsaneLib/]: Found (COMMON) InsaneLib Feature class insane96mcp.enhancedai.modules.mobs.BitingMobs
[24Nov2024 15:07:07.600] [modloading-worker-0/INFO] [insane96mcp.insanelib.InsaneLib/]: Found (COMMON) InsaneLib Feature class insane96mcp.enhancedai.modules.mobs.avoidexplosion.AvoidExplosions
[24Nov2024 15:07:07.605] [modloading-worker-0/INFO] [insane96mcp.insanelib.InsaneLib/]: Found (COMMON) InsaneLib Feature class insane96mcp.enhancedai.modules.mobs.anticheese.AntiCheese
[24Nov2024 15:07:07.620] [modloading-worker-0/INFO] [insane96mcp.insanelib.InsaneLib/]: Found (COMMON) InsaneLib Feature class insane96mcp.enhancedai.modules.illager.shoot.PillagerShoot
[24Nov2024 15:07:07.630] [modloading-worker-0/INFO] [insane96mcp.insanelib.InsaneLib/]: Found (COMMON) InsaneLib Feature class insane96mcp.enhancedai.modules.illager.RavagerFeature
[24Nov2024 15:07:07.631] [modloading-worker-0/INFO] [insane96mcp.insanelib.InsaneLib/]: Found (COMMON) InsaneLib Feature class insane96mcp.enhancedai.modules.illager.PillagerFleeTarget
[24Nov2024 15:07:07.635] [modloading-worker-0/INFO] [insane96mcp.insanelib.InsaneLib/]: Found (COMMON) InsaneLib Feature class insane96mcp.enhancedai.modules.ghast.GhastShoot
[24Nov2024 15:07:07.638] [modloading-worker-0/INFO] [insane96mcp.insanelib.InsaneLib/]: Found (COMMON) InsaneLib Feature class insane96mcp.enhancedai.modules.enderman.getoverhere.GetOverHere
[24Nov2024 15:07:07.641] [modloading-worker-0/INFO] [insane96mcp.insanelib.InsaneLib/]: Found (COMMON) InsaneLib Feature class insane96mcp.enhancedai.modules.drowned.DrownedSwimming
[24Nov2024 15:07:07.653] [modloading-worker-0/INFO] [insane96mcp.insanelib.InsaneLib/]: Found (COMMON) InsaneLib Feature class insane96mcp.enhancedai.modules.creeper.CreeperSwell
[24Nov2024 15:07:07.707] [modloading-worker-0/INFO] [insane96mcp.insanelib.InsaneLib/]: Found (COMMON) InsaneLib Feature class insane96mcp.enhancedai.modules.bugs.silverfish.SilverfishFeature
[24Nov2024 15:07:07.709] [modloading-worker-0/INFO] [insane96mcp.insanelib.InsaneLib/]: Found (COMMON) InsaneLib Feature class insane96mcp.enhancedai.modules.blaze.BlazeAttack
[24Nov2024 15:07:07.711] [modloading-worker-0/INFO] [insane96mcp.insanelib.InsaneLib/]: Found (COMMON) InsaneLib Feature class insane96mcp.enhancedai.modules.animal.NotTemptedAnimals
[24Nov2024 15:07:07.716] [modloading-worker-0/INFO] [insane96mcp.insanelib.InsaneLib/]: Found (COMMON) InsaneLib Feature class insane96mcp.enhancedai.modules.animal.AnimalsGroupFlee
[24Nov2024 15:07:07.722] [modloading-worker-0/INFO] [insane96mcp.insanelib.InsaneLib/]: Found (COMMON) InsaneLib Feature class insane96mcp.enhancedai.modules.animal.AnimalScaredAttack
[24Nov2024 15:07:07.805] [modloading-worker-0/INFO] [Puzzles Lib/]: Constructing common components for mutantmonsters:main
[24Nov2024 15:07:07.946] [modloading-worker-0/INFO] [Puzzles Lib/]: Constructing common components for visualworkbench:main
[24Nov2024 15:07:08.231] [modloading-worker-0/INFO] [necronomicon/]: Necronomicon Initialized
[24Nov2024 15:07:08.232] [modloading-worker-0/INFO] [necronomicon/]: File exists, reading config for elocindev.necronomicon.NecronomiconConfig.
[24Nov2024 15:07:08.232] [modloading-worker-0/INFO] [necronomicon/]: Config for elocindev.necronomicon.NecronomiconConfig read successfully.
[24Nov2024 15:07:08.263] [modloading-worker-0/INFO] [Ksyxis/]: Ksyxis: Booting... (platform: Forge, manual: false)
[24Nov2024 15:07:08.263] [modloading-worker-0/INFO] [Ksyxis/]: Ksyxis: Found Mixin library. (version: 0.8.5)
[24Nov2024 15:07:08.264] [modloading-worker-0/INFO] [Ksyxis/]: Ksyxis: Ready. As always, this mod will speed up your world loading and might or might not break it.
[24Nov2024 15:07:08.342] [modloading-worker-0/INFO] [Lexiconfig/]: Shelved lexicon com.codinglitch.simpleradio.SimpleRadioServerConfig@267aa09d!
[24Nov2024 15:07:09.028] [modloading-worker-0/INFO] [atomicstryker.multimine.common.MultiMine/]: mod instantiated
[24Nov2024 15:07:09.033] [modloading-worker-0/INFO] [atomicstryker.multimine.common.MultiMine/]: MultiMineServer initializing
[24Nov2024 15:07:09.060] [modloading-worker-0/INFO] [insane96mcp.insanelib.InsaneLib/]: Found (COMMON) InsaneLib Feature class insane96mcp.insanelib.module.base.TagsFeature
[24Nov2024 15:07:09.070] [modloading-worker-0/INFO] [insane96mcp.insanelib.InsaneLib/]: Found (COMMON) InsaneLib Feature class insane96mcp.insanelib.module.base.FixFeature
[24Nov2024 15:07:09.072] [modloading-worker-0/INFO] [insane96mcp.insanelib.InsaneLib/]: Found (COMMON) InsaneLib Feature class insane96mcp.insanelib.module.base.BaseFeature
[24Nov2024 15:07:09.073] [modloading-worker-0/INFO] [insane96mcp.insanelib.InsaneLib/]: Found (COMMON) InsaneLib Feature class insane96mcp.insanelib.module.base.AEC3DFeature
[24Nov2024 15:07:09.122] [modloading-worker-0/INFO] [Bookshelf/]: Fixing MC-151457. Crafting remainder for minecraft:pufferfish_bucket is now minecraft:bucket.
[24Nov2024 15:07:09.122] [modloading-worker-0/INFO] [Bookshelf/]: Fixing MC-151457. Crafting remainder for minecraft:salmon_bucket is now minecraft:bucket.
[24Nov2024 15:07:09.123] [modloading-worker-0/INFO] [Bookshelf/]: Fixing MC-151457. Crafting remainder for minecraft:cod_bucket is now minecraft:bucket.
[24Nov2024 15:07:09.123] [modloading-worker-0/INFO] [Bookshelf/]: Fixing MC-151457. Crafting remainder for minecraft:tropical_fish_bucket is now minecraft:bucket.
[24Nov2024 15:07:09.123] [modloading-worker-0/INFO] [Bookshelf/]: Fixing MC-151457. Crafting remainder for minecraft:axolotl_bucket is now minecraft:bucket.
[24Nov2024 15:07:09.123] [modloading-worker-0/INFO] [Bookshelf/]: Fixing MC-151457. Crafting remainder for minecraft:powder_snow_bucket is now minecraft:bucket.
[24Nov2024 15:07:09.123] [modloading-worker-0/INFO] [Bookshelf/]: Fixing MC-151457. Crafting remainder for minecraft:tadpole_bucket is now minecraft:bucket.
[24Nov2024 15:07:09.634] [modloading-worker-0/INFO] [de.keksuccino.konkrete.Konkrete/]: [KONKRETE] Successfully initialized!
[24Nov2024 15:07:09.634] [modloading-worker-0/INFO] [de.keksuccino.konkrete.Konkrete/]: [KONKRETE] Server-side libs ready to use!
[24Nov2024 15:07:10.307] [modloading-worker-0/INFO] [com.cupboard.Cupboard/]: Loaded config for: cupboard.json
[24Nov2024 15:07:10.424] [modloading-worker-0/INFO] [Puzzles Lib/]: Constructing common components for easymagic:main
[24Nov2024 15:07:10.448] [modloading-worker-0/ERROR] [net.minecraftforge.eventbus.EventSubclassTransformer/EVENTBUS]: Could not find parent net/minecraft/client/renderer/entity/layers/RenderLayer for class com/obscuria/obscureapi/client/renderer/PatreonLayer in classloader cpw.mods.modlauncher.TransformingClassLoader@624baf71 on thread Thread[#39,modloading-worker-0,5,main]
[24Nov2024 15:07:10.449] [modloading-worker-0/ERROR] [net.minecraftforge.eventbus.EventSubclassTransformer/EVENTBUS]: An error occurred building event handler
java.lang.ClassNotFoundException: net.minecraft.client.renderer.entity.layers.RenderLayer
	at cpw.mods.cl.ModuleClassLoader.loadClass(ModuleClassLoader.java:141) ~[securejarhandler-2.1.10.jar:?]
	at java.lang.ClassLoader.loadClass(ClassLoader.java:526) ~[?:?]
	at net.minecraftforge.eventbus.EventSubclassTransformer.buildEvents(EventSubclassTransformer.java:97) ~[eventbus-6.0.5.jar%2352!/:?]
	at net.minecraftforge.eventbus.EventSubclassTransformer.transform(EventSubclassTransformer.java:48) ~[eventbus-6.0.5.jar%2352!/:?]
	at net.minecraftforge.eventbus.EventBusEngine.processClass(EventBusEngine.java:26) ~[eventbus-6.0.5.jar%2352!/:?]
	at net.minecraftforge.eventbus.service.ModLauncherService.processClassWithFlags(ModLauncherService.java:32) ~[eventbus-6.0.5.jar%2352!/:6.0.5+6.0.5+master.eb8e549b]
	at cpw.mods.modlauncher.LaunchPluginHandler.offerClassNodeToPlugins(LaunchPluginHandler.java:88) ~[modlauncher-10.0.9.jar%2355!/:?]
	at cpw.mods.modlauncher.ClassTransformer.transform(ClassTransformer.java:120) ~[modlauncher-10.0.9.jar%2355!/:?]
	at cpw.mods.modlauncher.TransformingClassLoader.maybeTransformClassBytes(TransformingClassLoader.java:50) ~[modlauncher-10.0.9.jar%2355!/:?]
	at cpw.mods.cl.ModuleClassLoader.readerToClass(ModuleClassLoader.java:113) ~[securejarhandler-2.1.10.jar:?]
	at cpw.mods.cl.ModuleClassLoader.lambda$findClass$15(ModuleClassLoader.java:219) ~[securejarhandler-2.1.10.jar:?]
	at cpw.mods.cl.ModuleClassLoader.loadFromModule(ModuleClassLoader.java:229) ~[securejarhandler-2.1.10.jar:?]
	at cpw.mods.cl.ModuleClassLoader.findClass(ModuleClassLoader.java:219) ~[securejarhandler-2.1.10.jar:?]
	at cpw.mods.cl.ModuleClassLoader.loadClass(ModuleClassLoader.java:135) ~[securejarhandler-2.1.10.jar:?]
	at java.lang.ClassLoader.loadClass(ClassLoader.java:526) ~[?:?]
	at java.lang.ClassLoader.defineClass0(Native Method) ~[?:?]
	at java.lang.System$2.defineClass(System.java:2394) ~[?:?]
	at java.lang.invoke.MethodHandles$Lookup$ClassDefiner.defineClass(MethodHandles.java:2505) ~[?:?]
	at java.lang.invoke.InnerClassLambdaMetafactory.generateInnerClass(InnerClassLambdaMetafactory.java:361) ~[?:?]
	at java.lang.invoke.InnerClassLambdaMetafactory.spinInnerClass(InnerClassLambdaMetafactory.java:286) ~[?:?]
	at java.lang.invoke.InnerClassLambdaMetafactory.buildCallSite(InnerClassLambdaMetafactory.java:221) ~[?:?]
	at java.lang.invoke.LambdaMetafactory.metafactory(LambdaMetafactory.java:341) ~[?:?]
	at java.lang.invoke.BootstrapMethodInvoker.invoke(BootstrapMethodInvoker.java:134) ~[?:?]
	at java.lang.invoke.CallSite.makeSite(CallSite.java:316) ~[?:?]
	at java.lang.invoke.MethodHandleNatives.linkCallSiteImpl(MethodHandleNatives.java:274) ~[?:?]
	at java.lang.invoke.MethodHandleNatives.linkCallSite(MethodHandleNatives.java:264) ~[?:?]
	at com.obscuria.obscureapi.client.renderer.PatreonLayer$Mode.<clinit>(PatreonLayer.java:55) ~[obscure_api-15.jar%23606!/:com.obscuria]
	at com.obscuria.obscureapi.ObscureAPIConfig$Client.<clinit>(ObscureAPIConfig.java:28) ~[obscure_api-15.jar%23606!/:com.obscuria]
	at com.obscuria.obscureapi.ObscureAPIConfig.register(ObscureAPIConfig.java:46) ~[obscure_api-15.jar%23606!/:com.obscuria]
	at com.obscuria.obscureapi.ObscureAPI.<init>(ObscureAPI.java:69) ~[obscure_api-15.jar%23606!/:com.obscuria]
	at jdk.internal.reflect.DirectConstructorHandleAccessor.newInstance(DirectConstructorHandleAccessor.java:62) ~[?:?]
	at java.lang.reflect.Constructor.newInstanceWithCaller(Constructor.java:502) ~[?:?]
	at java.lang.reflect.Constructor.newInstance(Constructor.java:486) ~[?:?]
	at net.minecraftforge.fml.javafmlmod.FMLModContainer.constructMod(FMLModContainer.java:68) ~[javafmllanguage-1.20.1-47.2.0.jar%23701!/:?]
	at net.minecraftforge.fml.ModContainer.lambda$buildTransitionHandler$10(ModContainer.java:123) ~[fmlcore-1.20.1-47.2.0.jar%23700!/:?]
	at java.util.concurrent.CompletableFuture$AsyncRun.run(CompletableFuture.java:1804) ~[?:?]
	at java.util.concurrent.CompletableFuture$AsyncRun.exec(CompletableFuture.java:1796) ~[?:?]
	at java.util.concurrent.ForkJoinTask.doExec(ForkJoinTask.java:387) ~[?:?]
	at java.util.concurrent.ForkJoinPool$WorkQueue.topLevelExec(ForkJoinPool.java:1312) ~[?:?]
	at java.util.concurrent.ForkJoinPool.scan(ForkJoinPool.java:1843) ~[?:?]
	at java.util.concurrent.ForkJoinPool.runWorker(ForkJoinPool.java:1808) ~[?:?]
	at java.util.concurrent.ForkJoinWorkerThread.run(ForkJoinWorkerThread.java:188) ~[?:?]
[24Nov2024 15:07:10.451] [modloading-worker-0/ERROR] [net.minecraftforge.fml.loading.RuntimeDistCleaner/DISTXFORM]: Attempted to load class com/obscuria/obscureapi/client/renderer/PatreonLayer for invalid dist DEDICATED_SERVER
[24Nov2024 15:07:10.595] [modloading-worker-0/INFO] [dev.architectury.networking.forge.NetworkManagerImpl/]: Registering C2S receiver with id architectury:sync_ids
[24Nov2024 15:07:10.596] [modloading-worker-0/INFO] [dev.architectury.networking.forge.NetworkManagerImpl/]: Registering C2S receiver with id artifacts:networking_channel/42a7ad70b1cc371599a0eff744096b8a
[24Nov2024 15:07:10.598] [modloading-worker-0/INFO] [dev.architectury.networking.forge.NetworkManagerImpl/]: Registering C2S receiver with id artifacts:networking_channel/74a5e841822a3a87854ae896a33430d6
[24Nov2024 15:07:10.599] [modloading-worker-0/INFO] [dev.architectury.networking.forge.NetworkManagerImpl/]: Registering C2S receiver with id artifacts:networking_channel/eb3d1e2748533430848cadf0f37c7e9c
[24Nov2024 15:07:10.600] [modloading-worker-0/INFO] [dev.architectury.networking.forge.NetworkManagerImpl/]: Registering C2S receiver with id artifacts:networking_channel/91c8520f19f93b3e8b6a727568e194ab
[24Nov2024 15:07:10.601] [modloading-worker-0/INFO] [dev.architectury.networking.forge.NetworkManagerImpl/]: Registering C2S receiver with id artifacts:networking_channel/8c2784d778293fd482ed84b8aa5fedb9
[24Nov2024 15:07:10.605] [modloading-worker-0/INFO] [dev.architectury.networking.forge.NetworkManagerImpl/]: Registering C2S receiver with id artifacts:networking_channel/ea038224ea783d40b2863f52239e2604
[24Nov2024 15:07:10.606] [modloading-worker-0/INFO] [dev.architectury.networking.forge.NetworkManagerImpl/]: Registering C2S receiver with id artifacts:networking_channel/97ad64b7ecaf33209991c4f031501a58
[24Nov2024 15:07:10.816] [modloading-worker-0/INFO] [coroutil/]: forge loader environment detected
[24Nov2024 15:07:10.956] [modloading-worker-0/INFO] [Spartan Shields/]: Constructing Mod: Spartan Shields
[24Nov2024 15:07:11.126] [modloading-worker-0/WARN] [auudio/Auudio/]: WARNING: Auudio is a client mod and has no effect when loaded on a server!
[24Nov2024 15:07:11.134] [modloading-worker-0/INFO] [Puzzles Lib/]: Constructing common components for easyanvils:main
[24Nov2024 15:07:11.182] [modloading-worker-0/INFO] [MaxHealthFix/]: Loaded maxhealthfix for Forge.
[24Nov2024 15:07:11.229] [modloading-worker-0/INFO] [dev.su5ed.sinytra.connectorextras.terrablenderbridge.TerraBlenderBridge/]: Injecting TerraBlender API classes
[24Nov2024 15:07:11.301] [modloading-worker-0/WARN] [mixin/]: Static binding violation: PRIVATE @Overwrite method m_215924_ in modernfix-forge.mixins.json:perf.tag_id_caching.TagEntryMixin from mod modernfix cannot reduce visibiliy of PUBLIC target method, visibility will be upgraded.
[24Nov2024 15:07:11.303] [modloading-worker-0/INFO] [ironfurnaces.IronFurnaces/]: Initializing Update Checker...
[24Nov2024 15:07:11.310] [ Iron Furnaces Update Checker/INFO] [ironfurnaces.IronFurnaces/]: Starting Update Check...
[24Nov2024 15:07:11.349] [ Iron Furnaces Update Checker/INFO] [ironfurnaces.IronFurnaces/]: Update Check done!
[24Nov2024 15:07:11.349] [ Iron Furnaces Update Checker/INFO] [ironfurnaces.IronFurnaces/]: Iron Furnaces is up to date!
[24Nov2024 15:07:11.378] [modloading-worker-0/INFO] [unilib/]: Disabling UniLib, as it is client side only.
[24Nov2024 15:07:11.438] [modloading-worker-0/INFO] [me.wesley1808.servercore.common.ServerCore/]: [ServerCore] Loaded V1.5.1+1.20.1!
[24Nov2024 15:07:11.447] [modloading-worker-0/INFO] [insane96mcp.insanelib.InsaneLib/]: Found (COMMON) InsaneLib Feature class insane96mcp.mobspropertiesrandomness.module.base.feature.MPRBase
[24Nov2024 15:07:11.568] [modloading-worker-0/INFO] [net.minecraftforge.common.ForgeMod/FORGEMOD]: Forge mod loading, version 47.2.0, for MC 1.20.1 with MCP 20230612.114412
[24Nov2024 15:07:11.568] [modloading-worker-0/INFO] [net.minecraftforge.common.MinecraftForge/FORGE]: MinecraftForge v47.2.0 Initialized
[24Nov2024 15:07:11.825] [modloading-worker-0/INFO] [Puzzles Lib/]: Constructing common components for puzzleslib:main
[24Nov2024 15:07:12.071] [modloading-worker-0/INFO] [Easy NPC/]: Initializing Easy NPC (Forge) ...
[24Nov2024 15:07:12.073] [modloading-worker-0/INFO] [Easy NPC/]: 🗣 Register Easy NPC Debug Manager ...
[24Nov2024 15:07:12.077] [modloading-worker-0/WARN] [Easy NPC/]: [Debug Manager] Detected debug log level for Easy NPC with ALL!
[24Nov2024 15:07:12.077] [modloading-worker-0/WARN] [Easy NPC/]: [Debug Manager] Adjusting log level for Easy NPC from ALL to INFO, for performance reasons!
[24Nov2024 15:07:12.078] [modloading-worker-0/INFO] [Easy NPC/]: [Debug Manager] Add new logger config for Easy NPC with level INFO ...
[24Nov2024 15:07:12.079] [modloading-worker-0/INFO] [Easy NPC/]: 🗣 Register Easy NPC Constants ...
[24Nov2024 15:07:12.081] [modloading-worker-0/INFO] [Easy NPC/]: 🗣 Register Easy NPC Configuration ...
[24Nov2024 15:07:12.082] [modloading-worker-0/INFO] [Easy NPC/]: [Config] Updated configuration path to /workspaces/Proyect-Hopefull/servidor_minecraft/config/easy_npc
[24Nov2024 15:07:12.090] [modloading-worker-0/INFO] [Easy NPC/]: [Config] Render Entity Type Support Configuration

 Please note that this configuration file only includes confirmed entity types.
 If an entity type is not listed here, it doesn't mean it's automatically supported or unsupported!
 is up to date: {minecraft:giant=true, dannys_expansion:mundane_slime=false, botania:pool_minecart=false, botania:ender_air=false, minecraft:end_crystal=false, simple_mobs:rumble=false, minecraft:experience_bottle=false, minecraft:glow_squid=true, minecraft:trader_llama=true, orcz:decaystrikecustom=false, simple_mobs:staff_usage=false, minecraft:horse=true, the_bumblezone:purple_spike_entity=false, minecraft:llama=true, minecraft:husk=true, minecraft:cave_spider=true, minecraft:enderman=true, minecraft:dolphin=true, frostiful:freezing_wind=false, minecraft:shulker_bullet=false, simple_mobs:projecttest=false, minecraft:donkey=true, minecraft:area_effect_cloud=false, minecraft:ghast=false, frostiful:packed_snowball=false, twigs:pebble=false, handcrafted:fancy_painting=false, moretotems:summoned_zombie=false, minecraft:piglin_brute=true, minecraft:creeper=true, minecraft:glow_item_frame=false, minecraft:bee=true, botania:mana_storm=false, minecraft:illusioner=true, minecraft:player=false, minecraft:wither_skull=false, minecraft:mooshroom=true, smallships:galley=false, create:stationary_contraption=false, minecraft:eye_of_ender=false, minecraft:villager=true, ad_astra:tier_1_rocket=false, botania:magic_landmine=false, minecraft:stray=true, smallships:cog=false, minecraft:falling_block=false, minecraft:drowned=true, minecraft:axolotl=true, botania:doppleganger=false, botania:flame_ring=false, botania:ender_air_bottle=false, minecraft:tnt=false, ae2:tiny_tnt_primed=false, botania:magic_missile=false, create:crafting_blueprint=false, create:contraption=false, minecraft:strider=true, smallships:brigg=false, minecraft:guardian=true, minecraft:parrot=true, minecraft:arrow=false, lootr:lootr_minecart=false, the_bumblezone:pollen_puff=false, minecraft:chest_minecart=false, minecraft:wither=true, minecraft:ender_pearl=false, create:super_glue=false, minecraft:wandering_trader=true, handcrafted:seat=false, simple_mobs:dragon_smoke=false, minecraft:wither_skeleton=true, botania:thorn_chakram=false, minecraft:iron_golem=true, botania:pixie=false, dummmmmmy:target_dummy=false, minecraft:elder_guardian=true, graveyard:skull=false, minecraft:mule=true, the_bumblezone:bee_stinger=false, the_bumblezone:thrown_stinger_spear=false, minecraft:armor_stand=false, aquamirae:pillagers_patrol=false, minecraft:vindicator=true, botania:mana_burst=false, minecraft:evoker=true, minecraft:slime=false, minecraft:leash_knot=false, botania:babylon_weapon=false, minecraft:pufferfish=true, terraform:boat=false, swampier_swamps:swamp_gas=false, minecraft:experience_orb=false, ad_astra:tier_3_rocket=false, minecraft:fox=true, botania:thrown_item=false, the_bumblezone:cosmic_crystal_entity=false, graveyard:ghouling=false, botania:player_mover=false, minecraft:silverfish=true, minecraft:endermite=true, minecraft:firework_rocket=false, minecraft:chicken=true, minecraft:zombie=true, the_bumblezone:sentry_watcher=false, minecraft:spawner_minecart=false, botania:spark=false, botania:falling_star=false, minecraft:hoglin=true, minecraft:boat=false, minecraft:trident=false, friendsandfoes:player_illusion=false, minecraft:polar_bear=true, minecraft:phantom=false, ad_astra:tier_4_rocket=false, minecraft:zombified_piglin=true, minecraft:witch=true, ad_astra:tier_2_rocket=false, minecraft:pig=true, minecraft:turtle=true, moretotems:summoned_bee=false, minecraft:sheep=true, minecraft:ender_dragon=false, minecraft:goat=true, minecraft:item_frame=false, create:carriage_contraption=false, minecraft:vex=true, minecraft:minecart=false, minecraft:item=false, minecraft:dragon_fireball=false, minecraft:cod=true, minecraft:skeleton=true, ad_astra:space_painting=false, create:seat=false, simple_mobs:staff_interact=false, minecraft:ravager=true, minecraft:squid=true, minecraft:skeleton_horse=true, minecraft:cow=true, minecraft:potion=false, ad_astra:lander=false, minecraft:salmon=true, minecraft:snow_golem=true, minecraft:shulker=true, friendsandfoes:ice_chunk=false, minecraft:hopper_minecart=false, the_bumblezone:honey_crystal_shard=false, simple_mobs:lightning_spear=false, minecraft:rabbit=true, minecraft:painting=false, minecraft:pillager=true, the_bumblezone:electric_ring_entity=false, minecraft:zoglin=true, minecraft:lightning_bolt=false, frostiful:frost_spell=false, minecraft:fishing_bobber=false, minecraft:tnt_minecart=false, simple_mobs:ground_spike=false, minecraft:command_block_minecart=false, minecraft:bat=false, the_bumblezone:dirt_pellet=false, minecraft:fireball=false, minecraft:llama_spit=false, minecraft:furnace_minecart=false, minecraft:evoker_fangs=false, minecraft:piglin=true, minecraft:snowball=false, minecraft:spectral_arrow=false, orcz:wither_strikeringcustom=false, simple_mobs:elemental_chain=false, minecraft:blaze=true, ad_astra:ice_spit=false, techreborn:nuke=false, minecraft:egg=false, minecraft:zombie_horse=true, minecraft:magma_cube=false, minecraft:small_fireball=false, frostiful:thrown_icicle=false, minecraft:spider=true, ad_astra:tier_1_rover=false, minecraft:marker=false, majruszsdifficulty:cursed_armor=false, minecraft:text_display=false, farmersdelight:rotten_tomato=false, minecraft:cat=true, armourers_workshop:mannequin=false, create:gantry_contraption=false, minecraft:tropical_fish=true, botania:corporea_spark=false, minecraft:ocelot=true, minecraft:wolf=true, minecraft:panda=true, minecraft:zombie_villager=true}
[24Nov2024 15:07:12.093] [modloading-worker-0/INFO] [Easy NPC/]: 🗣 Register Easy NPC Entity Data Serializers ...
[24Nov2024 15:07:12.139] [modloading-worker-0/INFO] [Easy NPC/]: Registered entity data serializer ActionEventSet with id 32
[24Nov2024 15:07:12.139] [modloading-worker-0/INFO] [Easy NPC/]: Registered entity data serializer CustomAttributes with id 33
[24Nov2024 15:07:12.140] [modloading-worker-0/INFO] [Easy NPC/]: Registered entity data serializer DialogDataSet with id 34
[24Nov2024 15:07:12.140] [modloading-worker-0/INFO] [Easy NPC/]: Registered entity data serializer DisplayAttributeSet with id 35
[24Nov2024 15:07:12.140] [modloading-worker-0/INFO] [Easy NPC/]: Registered entity data serializer EntityAttributes with id 36
[24Nov2024 15:07:12.141] [modloading-worker-0/INFO] [Easy NPC/]: Registered entity data serializer MerchantOffers with id 37
[24Nov2024 15:07:12.141] [modloading-worker-0/INFO] [Easy NPC/]: Registered entity data serializer ModelPose with id 38
[24Nov2024 15:07:12.141] [modloading-worker-0/INFO] [Easy NPC/]: Registered entity data serializer ObjectiveDataSet with id 39
[24Nov2024 15:07:12.142] [modloading-worker-0/INFO] [Easy NPC/]: Registered entity data serializer CustomPosition with id 40
[24Nov2024 15:07:12.142] [modloading-worker-0/INFO] [Easy NPC/]: Registered entity data serializer Profession with id 41
[24Nov2024 15:07:12.142] [modloading-worker-0/INFO] [Easy NPC/]: Registered entity data serializer RenderDataSet with id 42
[24Nov2024 15:07:12.143] [modloading-worker-0/INFO] [Easy NPC/]: Registered entity data serializer CustomRotation with id 43
[24Nov2024 15:07:12.144] [modloading-worker-0/INFO] [Easy NPC/]: Registered entity data serializer CustomScale with id 44
[24Nov2024 15:07:12.144] [modloading-worker-0/INFO] [Easy NPC/]: Registered entity data serializer SkinDataEntry with id 45
[24Nov2024 15:07:12.152] [modloading-worker-0/INFO] [Easy NPC/]: Registered entity data serializer SoundDataSet with id 46
[24Nov2024 15:07:12.153] [modloading-worker-0/INFO] [Easy NPC/]: Registered entity data serializer HashSet:UUID with id 47
[24Nov2024 15:07:12.153] [modloading-worker-0/INFO] [Easy NPC/]: Registered entity data serializer HashSet:String with id 48
[24Nov2024 15:07:12.153] [modloading-worker-0/INFO] [Easy NPC/]: Registered entity data serializer TradingDataSet with id 49
[24Nov2024 15:07:12.153] [modloading-worker-0/INFO] [Easy NPC/]: Registered entity data serializer UUID with id 50
[24Nov2024 15:07:12.154] [modloading-worker-0/INFO] [Easy NPC/]: 🗣 Register Easy NPC Compatibility Handler ...
[24Nov2024 15:07:12.159] [modloading-worker-0/INFO] [Easy NPC/]: 🗣 Register Easy NPC Compat Handler ...
[24Nov2024 15:07:12.161] [modloading-worker-0/INFO] [Easy NPC/]: [Compat Manager] Epic Fight mod with id 'epicfight' loaded: false
[24Nov2024 15:07:12.162] [modloading-worker-0/INFO] [Easy NPC/]: [Compat Manager] Cobblemon mod with id 'cobblemon' loaded: false
[24Nov2024 15:07:12.162] [modloading-worker-0/INFO] [Easy NPC/]: 🗣 Register Easy NPC Command Argument Types ...
[24Nov2024 15:07:12.173] [modloading-worker-0/INFO] [Easy NPC/]: 🗣 Register Easy NPC Entity Types ...
[24Nov2024 15:07:12.178] [modloading-worker-0/INFO] [Easy NPC/]: 🗣 Register Easy NPC Blocks ...
[24Nov2024 15:07:12.180] [modloading-worker-0/INFO] [Easy NPC/]: 🗣 Register Easy NPC Blocks Entity Types ...
[24Nov2024 15:07:12.183] [modloading-worker-0/INFO] [Easy NPC/]: 🗣 Register Easy NPC Items ...
[24Nov2024 15:07:12.190] [modloading-worker-0/INFO] [thedarkcolour.kotlinforforge.test.KotlinForForge/]: Kotlin For Forge Enabled!
[24Nov2024 15:07:12.190] [modloading-worker-0/INFO] [Easy NPC/]: 🗣 Register Easy NPC Menu Types ...
[24Nov2024 15:07:12.207] [modloading-worker-0/INFO] [Easy NPC/]: 🗣 Register Easy NPC Menu Handler ...
[24Nov2024 15:07:12.211] [modloading-worker-0/INFO] [Easy NPC/]: 🗣 Register Easy NPC Network Handler ...
[24Nov2024 15:07:12.213] [modloading-worker-0/INFO] [Easy NPC/]: Registering server network handler for Server -> Client messages.
[24Nov2024 15:07:12.213] [modloading-worker-0/INFO] [Easy NPC/]: 🗣 Register Easy NPC Client Network Message Handler ...
[24Nov2024 15:07:12.234] [modloading-worker-0/INFO] [dynamiclights/]: [Dynamic Lights] Registering server started event...
[24Nov2024 15:07:12.454] [modloading-worker-0/INFO] [plus.dragons.createdragonlib.DragonLib/]: Create: Dragon Lib 1.4.3 has initialized, ready to support your Create add-ons!
[24Nov2024 15:07:12.477] [modloading-worker-0/INFO] [Railways/]: Steam 'n' Rails v1.6.7 initializing! Commit hash: 0a7cc000d6c7a1419919bc3e315bc62932287eb9 on Create version: 0.5.1j on platform: Forge
[24Nov2024 15:07:12.901] [modloading-worker-0/INFO] [Create Unbreakable Tools Mod/]: Create Unbreakable Tools Mod initializing! Create version: 0.5.1f on platform: Forge
[24Nov2024 15:07:12.912] [modloading-worker-0/INFO] [Create Unbreakable Tools Mod/]: Registering items for Create Unbreakable Tools Mod
[24Nov2024 15:07:12.913] [modloading-worker-0/INFO] [Create Unbreakable Tools Mod/]: Registering blocks for Create Unbreakable Tools Mod
[24Nov2024 15:07:13.049] [modloading-worker-0/INFO] [Collective/]: Loading Collective version 7.87.
[24Nov2024 15:07:13.053] [modloading-worker-0/INFO] [Railways/]: Registered bogey styles from railways
[24Nov2024 15:07:13.097] [modloading-worker-0/INFO] [io.github.lightman314.lightmanscurrency.LightmansCurrency/]: Registered TraderType claim_shop_for_lightmans_currency:claim
[24Nov2024 15:07:13.245] [modloading-worker-0/INFO] [Spartan Weaponry/]: Constructing Mod: Spartan Weaponry
[24Nov2024 15:07:13.245] [modloading-worker-0/INFO] [Spartan Weaponry/]: Initialising API! Version: 11
[24Nov2024 15:07:13.245] [modloading-worker-0/INFO] [Spartan Weaponry/]: Spartan Weaponry API version 11 has been initalized!
[24Nov2024 15:07:13.330] [modloading-worker-0/INFO] [Railways/]: Registering data fixers
[24Nov2024 15:07:13.399] [modloading-worker-0/INFO] [dev.architectury.networking.forge.NetworkManagerImpl/]: Registering C2S receiver with id ftbfiltersystem:sync_filter
[24Nov2024 15:07:13.477] [modloading-worker-0/INFO] [ModernFix/]: Bypassed Mojang DFU
[24Nov2024 15:07:13.478] [modloading-worker-0/INFO] [ModernFix/]: Instantiating Mojang DFU
[24Nov2024 15:07:13.552] [modloading-worker-0/INFO] [dev.architectury.networking.forge.NetworkManagerImpl/]: Registering C2S receiver with id brewery:alcohol_sync_request
[24Nov2024 15:07:13.556] [modloading-worker-0/INFO] [dev.architectury.networking.forge.NetworkManagerImpl/]: Registering C2S receiver with id brewery:drink_alcohol
[24Nov2024 15:07:13.605] [modloading-worker-0/INFO] [dev.architectury.networking.forge.NetworkManagerImpl/]: Registering C2S receiver with id dragonlib:dragonlib_network/69a65f20acde32448da097b16eacfce9
[24Nov2024 15:07:13.605] [modloading-worker-0/INFO] [dev.architectury.networking.forge.NetworkManagerImpl/]: Registering C2S receiver with id dragonlib:dragonlib_network/69d73e101ecb38b59cc59ce369f9f0e6
[24Nov2024 15:07:13.617] [Fire Dragon/INFO] [DragonLib/]:                            +++ 🐉 +++                             
[24Nov2024 15:07:13.619] [Fire Dragon/INFO] [DragonLib/]: ------------------------------------------------------------------
[24Nov2024 15:07:13.620] [Fire Dragon/INFO] [DragonLib/]:                   Loaded DRAGONLIB by MRJULSEN!                   
[24Nov2024 15:07:13.620] [Fire Dragon/INFO] [DragonLib/]:                       Minecraft Forge 1.20.1                      
[24Nov2024 15:07:13.621] [Fire Dragon/INFO] [DragonLib/]:              Discord: https://discord.gg/AeSbNgvc7f               
[24Nov2024 15:07:13.621] [Fire Dragon/INFO] [DragonLib/]:       GitHub: https://github.com/MisterJulsen/MC-DragonLib2       
[24Nov2024 15:07:13.621] [Fire Dragon/INFO] [DragonLib/]:  Bug Reports: https://github.com/MisterJulsen/MC-DragonLib2/issues
[24Nov2024 15:07:13.621] [Fire Dragon/INFO] [DragonLib/]: ------------------------------------------------------------------
[24Nov2024 15:07:13.621] [Fire Dragon/INFO] [DragonLib/]:                            +++ 🐉 +++                             
[24Nov2024 15:07:13.645] [modloading-worker-0/INFO] [dev.architectury.networking.forge.NetworkManagerImpl/]: Registering C2S receiver with id dragnsounds:blockbeats_network/d1798eed8a56390ab70597a4d24688b7
[24Nov2024 15:07:13.646] [modloading-worker-0/INFO] [dev.architectury.networking.forge.NetworkManagerImpl/]: Registering C2S receiver with id dragnsounds:blockbeats_network/1dca8d2d0a49340195613fc1a2d8126e
[24Nov2024 15:07:13.647] [modloading-worker-0/INFO] [dev.architectury.networking.forge.NetworkManagerImpl/]: Registering C2S receiver with id dragnsounds:blockbeats_network/3401eb11a714366a9549b17db08570f6
[24Nov2024 15:07:13.649] [modloading-worker-0/INFO] [dev.architectury.networking.forge.NetworkManagerImpl/]: Registering C2S receiver with id dragnsounds:blockbeats_network/32307140ec8d35c4af8582080c0c5659
[24Nov2024 15:07:13.649] [modloading-worker-0/INFO] [dev.architectury.networking.forge.NetworkManagerImpl/]: Registering C2S receiver with id dragnsounds:blockbeats_network/409b9fe8ff8930959ad3ba7e5cb77bf3
[24Nov2024 15:07:13.649] [modloading-worker-0/INFO] [dev.architectury.networking.forge.NetworkManagerImpl/]: Registering C2S receiver with id dragnsounds:blockbeats_network/5899325c5f62325ea0f4cf61c9c9cd7f
[24Nov2024 15:07:13.650] [modloading-worker-0/INFO] [dev.architectury.networking.forge.NetworkManagerImpl/]: Registering C2S receiver with id dragnsounds:blockbeats_network/a5a97a8faa8834989bf19c944be9ad62
[24Nov2024 15:07:13.650] [modloading-worker-0/INFO] [dev.architectury.networking.forge.NetworkManagerImpl/]: Registering C2S receiver with id dragnsounds:blockbeats_network/ee3a109c1310373d9e567c12e2ea4d46
[24Nov2024 15:07:13.650] [modloading-worker-0/INFO] [dev.architectury.networking.forge.NetworkManagerImpl/]: Registering C2S receiver with id dragnsounds:blockbeats_network/58ed9805d9b73e19a3e72599ef5ddc52
[24Nov2024 15:07:13.650] [modloading-worker-0/INFO] [dev.architectury.networking.forge.NetworkManagerImpl/]: Registering C2S receiver with id dragnsounds:blockbeats_network/cf745c4cc6833d339b8d21bbc4bf64ab
[24Nov2024 15:07:13.651] [modloading-worker-0/INFO] [dev.architectury.networking.forge.NetworkManagerImpl/]: Registering C2S receiver with id dragnsounds:blockbeats_network/6b8ccf84064a3eebae4f1f588d275709
[24Nov2024 15:07:13.651] [modloading-worker-0/INFO] [dev.architectury.networking.forge.NetworkManagerImpl/]: Registering C2S receiver with id dragnsounds:blockbeats_network/687d7acb26ac3147a3fc1f9d6d79355c
[24Nov2024 15:07:13.651] [modloading-worker-0/INFO] [dev.architectury.networking.forge.NetworkManagerImpl/]: Registering C2S receiver with id dragnsounds:blockbeats_network/602fe4e3f93d3addab2699df4eeba7be
[24Nov2024 15:07:13.652] [modloading-worker-0/INFO] [dev.architectury.networking.forge.NetworkManagerImpl/]: Registering C2S receiver with id dragnsounds:blockbeats_network/71d734d698a6393195e90dede68a9975
[24Nov2024 15:07:13.654] [modloading-worker-0/INFO] [dev.architectury.networking.forge.NetworkManagerImpl/]: Registering C2S receiver with id dragnsounds:blockbeats_network/d67ac117a13a3672bdc3ab1a427de3f3
[24Nov2024 15:07:13.654] [modloading-worker-0/INFO] [dev.architectury.networking.forge.NetworkManagerImpl/]: Registering C2S receiver with id dragnsounds:blockbeats_network/f012751edadd3fcf8aa8c638755f9d0a
[24Nov2024 15:07:13.654] [modloading-worker-0/INFO] [dev.architectury.networking.forge.NetworkManagerImpl/]: Registering C2S receiver with id dragnsounds:blockbeats_network/00f7afbc0ddb35f490275b9ee9a74af8
[24Nov2024 15:07:13.655] [modloading-worker-0/INFO] [dev.architectury.networking.forge.NetworkManagerImpl/]: Registering C2S receiver with id dragnsounds:blockbeats_network/e53f6c8c2ae23eec8290cd64381831c9
[24Nov2024 15:07:13.655] [modloading-worker-0/INFO] [dev.architectury.networking.forge.NetworkManagerImpl/]: Registering C2S receiver with id dragnsounds:blockbeats_network/528e9a78c1d0310cb5202c41e4cd5869
[24Nov2024 15:07:13.658] [modloading-worker-0/INFO] [dev.architectury.networking.forge.NetworkManagerImpl/]: Registering C2S receiver with id dragnsounds:blockbeats_network/8dd0a02238823b7abf8ad27bb888c29b
[24Nov2024 15:07:13.658] [modloading-worker-0/INFO] [dev.architectury.networking.forge.NetworkManagerImpl/]: Registering C2S receiver with id dragnsounds:blockbeats_network/b87fe9389d4f3b2f8ff0b2392848bf7c
[24Nov2024 15:07:13.659] [modloading-worker-0/INFO] [dev.architectury.networking.forge.NetworkManagerImpl/]: Registering C2S receiver with id dragnsounds:blockbeats_network/9400ae3235ac32579344b8ada9e68632
[24Nov2024 15:07:13.659] [modloading-worker-0/INFO] [dev.architectury.networking.forge.NetworkManagerImpl/]: Registering C2S receiver with id dragnsounds:blockbeats_network/c052168efef63d9faef5dc0722e68f57
[24Nov2024 15:07:13.660] [modloading-worker-0/INFO] [dev.architectury.networking.forge.NetworkManagerImpl/]: Registering C2S receiver with id dragnsounds:blockbeats_network/0d438d1e0b5c309f88195f8c7a3d9022
[24Nov2024 15:07:13.660] [modloading-worker-0/INFO] [dev.architectury.networking.forge.NetworkManagerImpl/]: Registering C2S receiver with id dragnsounds:blockbeats_network/ce62ff752f2033b298c3b415f11748a0
[24Nov2024 15:07:13.660] [modloading-worker-0/INFO] [dev.architectury.networking.forge.NetworkManagerImpl/]: Registering C2S receiver with id dragnsounds:blockbeats_network/0afd8e2e580e3cb3a34432e7e55ae404
[24Nov2024 15:07:13.661] [modloading-worker-0/INFO] [dev.architectury.networking.forge.NetworkManagerImpl/]: Registering C2S receiver with id dragnsounds:blockbeats_network/b3c7d2bf8442369b816a736730d2f177
[24Nov2024 15:07:13.667] [modloading-worker-0/INFO] [dev.architectury.networking.forge.NetworkManagerImpl/]: Registering C2S receiver with id dragnsounds:blockbeats_network/3994c809227e3937b4379d83bcb33658
[24Nov2024 15:07:13.667] [modloading-worker-0/INFO] [dev.architectury.networking.forge.NetworkManagerImpl/]: Registering C2S receiver with id dragnsounds:blockbeats_network/0fa9b4d58859328abb08489a4af5fd0a
[24Nov2024 15:07:13.667] [modloading-worker-0/INFO] [dev.architectury.networking.forge.NetworkManagerImpl/]: Registering C2S receiver with id dragnsounds:blockbeats_network/6974af2040fc3833a3d6ab1add14b1a4
[24Nov2024 15:07:13.668] [modloading-worker-0/INFO] [dev.architectury.networking.forge.NetworkManagerImpl/]: Registering C2S receiver with id dragnsounds:blockbeats_network/5397486d5a9936bb8c90d306475431db
[24Nov2024 15:07:13.668] [modloading-worker-0/INFO] [dev.architectury.networking.forge.NetworkManagerImpl/]: Registering C2S receiver with id dragnsounds:blockbeats_network/93328731bd893674abab1721c394d6e3
[24Nov2024 15:07:13.668] [modloading-worker-0/INFO] [dev.architectury.networking.forge.NetworkManagerImpl/]: Registering C2S receiver with id dragnsounds:blockbeats_network/585479fc4a2730e78b379a4f14c8315f
[24Nov2024 15:07:13.669] [modloading-worker-0/INFO] [dev.architectury.networking.forge.NetworkManagerImpl/]: Registering C2S receiver with id dragnsounds:blockbeats_network/5c151cb2d5a434ceb44390982886f8e5
[24Nov2024 15:07:13.669] [modloading-worker-0/INFO] [dev.architectury.networking.forge.NetworkManagerImpl/]: Registering C2S receiver with id dragnsounds:blockbeats_network/8a4db291bb61305180d0bb374390e2cb
[24Nov2024 15:07:13.669] [modloading-worker-0/INFO] [dev.architectury.networking.forge.NetworkManagerImpl/]: Registering C2S receiver with id dragnsounds:blockbeats_network/3168abaecd703c40b6d1d22d100d107e
[24Nov2024 15:07:13.669] [modloading-worker-0/INFO] [dev.architectury.networking.forge.NetworkManagerImpl/]: Registering C2S receiver with id dragnsounds:blockbeats_network/3dca8bfde0893ad6a9aed7049b8e7f62
[24Nov2024 15:07:13.686] [modloading-worker-0/INFO] [dev.architectury.networking.forge.NetworkManagerImpl/]: Registering C2S receiver with id ftblibrary:edit_nbt_response
[24Nov2024 15:07:13.714] [modloading-worker-0/INFO] [dev.architectury.networking.forge.NetworkManagerImpl/]: Registering C2S receiver with id ftbteams:open_gui
[24Nov2024 15:07:13.717] [modloading-worker-0/INFO] [dev.architectury.networking.forge.NetworkManagerImpl/]: Registering C2S receiver with id ftbteams:update_settings
[24Nov2024 15:07:13.723] [modloading-worker-0/INFO] [dev.architectury.networking.forge.NetworkManagerImpl/]: Registering C2S receiver with id ftbteams:send_message
[24Nov2024 15:07:13.727] [modloading-worker-0/INFO] [dev.architectury.networking.forge.NetworkManagerImpl/]: Registering C2S receiver with id ftbteams:create_party
[24Nov2024 15:07:13.729] [modloading-worker-0/INFO] [dev.architectury.networking.forge.NetworkManagerImpl/]: Registering C2S receiver with id ftbteams:player_gui_operation
[24Nov2024 15:07:13.818] [modloading-worker-0/INFO] [dev.architectury.networking.forge.NetworkManagerImpl/]: Registering C2S receiver with id ftbchunks:request_map_data
[24Nov2024 15:07:13.820] [modloading-worker-0/INFO] [dev.architectury.networking.forge.NetworkManagerImpl/]: Registering C2S receiver with id ftbchunks:share_waypoint
[24Nov2024 15:07:13.824] [modloading-worker-0/INFO] [dev.architectury.networking.forge.NetworkManagerImpl/]: Registering C2S receiver with id ftbchunks:request_chunk_change
[24Nov2024 15:07:13.830] [modloading-worker-0/INFO] [dev.architectury.networking.forge.NetworkManagerImpl/]: Registering C2S receiver with id ftbchunks:teleport_from_map
[24Nov2024 15:07:13.833] [modloading-worker-0/INFO] [dev.architectury.networking.forge.NetworkManagerImpl/]: Registering C2S receiver with id ftbchunks:sync_tx
[24Nov2024 15:07:13.838] [modloading-worker-0/INFO] [dev.architectury.networking.forge.NetworkManagerImpl/]: Registering C2S receiver with id ftbchunks:update_force_load_expiry
[24Nov2024 15:07:13.840] [modloading-worker-0/INFO] [dev.architectury.networking.forge.NetworkManagerImpl/]: Registering C2S receiver with id ftbchunks:server_config_request
[24Nov2024 15:07:14.079] [modloading-worker-0/INFO] [dev.architectury.networking.forge.NetworkManagerImpl/]: Registering C2S receiver with id ftbquests:submit_task
[24Nov2024 15:07:14.085] [modloading-worker-0/INFO] [dev.architectury.networking.forge.NetworkManagerImpl/]: Registering C2S receiver with id ftbquests:claim_reward
[24Nov2024 15:07:14.103] [modloading-worker-0/INFO] [dev.architectury.networking.forge.NetworkManagerImpl/]: Registering C2S receiver with id ftbquests:get_emergency_items
[24Nov2024 15:07:14.108] [modloading-worker-0/INFO] [dev.architectury.networking.forge.NetworkManagerImpl/]: Registering C2S receiver with id ftbquests:claim_all_rewards
[24Nov2024 15:07:14.109] [modloading-worker-0/INFO] [dev.architectury.networking.forge.NetworkManagerImpl/]: Registering C2S receiver with id ftbquests:claim_choice_reward
[24Nov2024 15:07:14.111] [modloading-worker-0/INFO] [dev.architectury.networking.forge.NetworkManagerImpl/]: Registering C2S receiver with id ftbquests:toggle_pinned
[24Nov2024 15:07:14.112] [modloading-worker-0/INFO] [dev.architectury.networking.forge.NetworkManagerImpl/]: Registering C2S receiver with id ftbquests:toggle_chapter_pinned
[24Nov2024 15:07:14.114] [modloading-worker-0/INFO] [dev.architectury.networking.forge.NetworkManagerImpl/]: Registering C2S receiver with id ftbquests:toggle_editing_mode
[24Nov2024 15:07:14.116] [modloading-worker-0/INFO] [dev.architectury.networking.forge.NetworkManagerImpl/]: Registering C2S receiver with id ftbquests:force_save
[24Nov2024 15:07:14.119] [modloading-worker-0/INFO] [dev.architectury.networking.forge.NetworkManagerImpl/]: Registering C2S receiver with id ftbquests:set_custom_image
[24Nov2024 15:07:14.128] [modloading-worker-0/INFO] [dev.architectury.networking.forge.NetworkManagerImpl/]: Registering C2S receiver with id ftbquests:task_screen_config_resp
[24Nov2024 15:07:14.132] [modloading-worker-0/INFO] [dev.architectury.networking.forge.NetworkManagerImpl/]: Registering C2S receiver with id ftbquests:change_progress
[24Nov2024 15:07:14.135] [modloading-worker-0/INFO] [dev.architectury.networking.forge.NetworkManagerImpl/]: Registering C2S receiver with id ftbquests:create_object
[24Nov2024 15:07:14.137] [modloading-worker-0/INFO] [dev.architectury.networking.forge.NetworkManagerImpl/]: Registering C2S receiver with id ftbquests:create_task_at
[24Nov2024 15:07:14.140] [modloading-worker-0/INFO] [dev.architectury.networking.forge.NetworkManagerImpl/]: Registering C2S receiver with id ftbquests:delete_object
[24Nov2024 15:07:14.143] [modloading-worker-0/INFO] [dev.architectury.networking.forge.NetworkManagerImpl/]: Registering C2S receiver with id ftbquests:edit_object
[24Nov2024 15:07:14.145] [modloading-worker-0/INFO] [dev.architectury.networking.forge.NetworkManagerImpl/]: Registering C2S receiver with id ftbquests:move_chapter
[24Nov2024 15:07:14.146] [modloading-worker-0/INFO] [dev.architectury.networking.forge.NetworkManagerImpl/]: Registering C2S receiver with id ftbquests:move_quest
[24Nov2024 15:07:14.149] [modloading-worker-0/INFO] [dev.architectury.networking.forge.NetworkManagerImpl/]: Registering C2S receiver with id ftbquests:change_chapter_group
[24Nov2024 15:07:14.154] [modloading-worker-0/INFO] [dev.architectury.networking.forge.NetworkManagerImpl/]: Registering C2S receiver with id ftbquests:move_chapter_group
[24Nov2024 15:07:14.156] [modloading-worker-0/INFO] [dev.architectury.networking.forge.NetworkManagerImpl/]: Registering C2S receiver with id ftbquests:copy_quest
[24Nov2024 15:07:14.159] [modloading-worker-0/INFO] [dev.architectury.networking.forge.NetworkManagerImpl/]: Registering C2S receiver with id ftbquests:copy_chapter_image
[24Nov2024 15:07:14.165] [modloading-worker-0/INFO] [dev.architectury.networking.forge.NetworkManagerImpl/]: Registering C2S receiver with id ftbquests:sync_structures_request
[24Nov2024 15:07:14.170] [modloading-worker-0/INFO] [dev.architectury.networking.forge.NetworkManagerImpl/]: Registering C2S receiver with id ftbquests:request_team_data
[24Nov2024 15:07:14.232] [modloading-worker-0/INFO] [KubeJS/]: Loaded common.properties
[24Nov2024 15:07:14.235] [modloading-worker-0/INFO] [KubeJS/]: Loaded dev.properties
[24Nov2024 15:07:14.249] [modloading-worker-0/INFO] [KubeJS/]: Looking for KubeJS plugins...
[24Nov2024 15:07:14.294] [modloading-worker-0/INFO] [KubeJS/]: Found plugin source kubejs
[24Nov2024 15:07:14.312] [modloading-worker-0/WARN] [KubeJS/]: Plugin dev.latvian.mods.kubejs.forge.BuiltinKubeJSForgeClientPlugin does not load on server side, skipping
[24Nov2024 15:07:14.397] [modloading-worker-0/INFO] [KubeJS/]: Found plugin source exposure
[24Nov2024 15:07:14.399] [modloading-worker-0/INFO] [KubeJS/]: Found plugin source ftbxmodcompat
[24Nov2024 15:07:14.421] [modloading-worker-0/INFO] [KubeJS/]: Found plugin source kubejs_create
[24Nov2024 15:07:14.535] [modloading-worker-0/INFO] [KubeJS/]: Done in 285.1 ms
[24Nov2024 15:07:14.708] [modloading-worker-0/INFO] [FTB XMod Compat/]: [FTB Quests] Enabled KubeJS integration
[24Nov2024 15:07:14.714] [modloading-worker-0/INFO] [FTB XMod Compat/]: [FTB Chunks] Enabled KubeJS integration
[24Nov2024 15:07:14.732] [modloading-worker-0/INFO] [com.mojang.datafixers.DataFixerBuilder/]: 0 Datafixer optimizations took 0 milliseconds
[24Nov2024 15:07:14.740] [modloading-worker-0/INFO] [Railways/]: Registering tracks for Hex Casting
[24Nov2024 15:07:14.746] [modloading-worker-0/INFO] [Railways/]: Registering tracks for Oh The Biomes You'll Go
[24Nov2024 15:07:14.747] [modloading-worker-0/INFO] [Railways/]: Registering tracks for Blue Skies
[24Nov2024 15:07:14.756] [modloading-worker-0/INFO] [Railways/]: Registering tracks for Twilight Forest
[24Nov2024 15:07:14.819] [modloading-worker-0/INFO] [Railways/]: Registering tracks for Biomes O' Plenty
[24Nov2024 15:07:14.820] [modloading-worker-0/INFO] [Railways/]: Registering tracks for Nature's Spirit
[24Nov2024 15:07:14.821] [modloading-worker-0/INFO] [Railways/]: Registering tracks for Dreams and Desires
[24Nov2024 15:07:14.822] [modloading-worker-0/INFO] [Railways/]: Registering tracks for Quark
[24Nov2024 15:07:14.826] [modloading-worker-0/INFO] [Railways/]: Registering tracks for TerraFirmaCraft
[24Nov2024 15:07:14.833] [modloading-worker-0/INFO] [Rhino Script Remapper/]: Loading Rhino Minecraft remapper...
[24Nov2024 15:07:14.845] [modloading-worker-0/INFO] [dev.latvian.mods.rhino.mod.util.RhinoProperties/]: Rhino properties loaded.
[24Nov2024 15:07:14.849] [modloading-worker-0/INFO] [Rhino Script Remapper/]: Loading mappings for 1.20.1
[24Nov2024 15:07:15.077] [modloading-worker-0/INFO] [Rhino Script Remapper/]: Done in 0.233 s
[24Nov2024 15:07:15.720] [modloading-worker-0/INFO] [KubeJS/]: Added bindings for script type STARTUP from mod 'almostunified': [AlmostUnified]
[24Nov2024 15:07:15.831] [modloading-worker-0/INFO] [KubeJS Startup/]: example.js#5: Hello, World! (Loaded startup scripts)
[24Nov2024 15:07:15.834] [modloading-worker-0/INFO] [KubeJS Startup/]: Loaded script startup_scripts:example.js in 0.094 s
[24Nov2024 15:07:15.839] [modloading-worker-0/INFO] [KubeJS Startup/]: Loaded 1/1 KubeJS startup scripts in 0.757 s with 0 errors and 0 warnings
[24Nov2024 15:07:15.904] [modloading-worker-0/INFO] [dev.architectury.networking.forge.NetworkManagerImpl/]: Registering C2S receiver with id kubejs:send_data_from_client
[24Nov2024 15:07:15.917] [modloading-worker-0/INFO] [dev.architectury.networking.forge.NetworkManagerImpl/]: Registering C2S receiver with id kubejs:first_click
[24Nov2024 15:07:16.043] [modloading-worker-0/INFO] [com.cstav.genshinstrument.sound.registrar.NoteSoundRegistrar/]: Successfully registered 23 note sounds of evenmoreinstruments:note_block_instrument
[24Nov2024 15:07:16.044] [modloading-worker-0/INFO] [com.cstav.genshinstrument.sound.registrar.NoteSoundRegistrar/]: Successfully registered 21 note sounds of evenmoreinstruments:keyboard
[24Nov2024 15:07:16.045] [modloading-worker-0/INFO] [com.cstav.genshinstrument.sound.registrar.NoteSoundRegistrar/]: Successfully registered 21 note sounds of evenmoreinstruments:violin_full
[24Nov2024 15:07:16.045] [modloading-worker-0/INFO] [com.cstav.genshinstrument.sound.registrar.NoteSoundRegistrar/]: Successfully registered 21 note sounds of evenmoreinstruments:violin_half
[24Nov2024 15:07:16.045] [modloading-worker-0/INFO] [com.cstav.genshinstrument.sound.registrar.NoteSoundRegistrar/]: Successfully registered 21 note sounds of evenmoreinstruments:trombone
[24Nov2024 15:07:16.046] [modloading-worker-0/INFO] [com.cstav.genshinstrument.sound.registrar.NoteSoundRegistrar/]: Successfully registered 21 note sounds of evenmoreinstruments:saxophone
[24Nov2024 15:07:16.046] [modloading-worker-0/INFO] [com.cstav.genshinstrument.sound.registrar.NoteSoundRegistrar/]: Successfully registered 21 note sounds of evenmoreinstruments:guitar
[24Nov2024 15:07:16.046] [modloading-worker-0/INFO] [com.cstav.genshinstrument.sound.registrar.NoteSoundRegistrar/]: Successfully registered 21 note sounds of evenmoreinstruments:shamisen
[24Nov2024 15:07:16.047] [modloading-worker-0/INFO] [com.cstav.genshinstrument.sound.registrar.NoteSoundRegistrar/]: Successfully registered 21 note sounds of evenmoreinstruments:koto
[24Nov2024 15:07:16.047] [modloading-worker-0/INFO] [com.cstav.genshinstrument.sound.registrar.NoteSoundRegistrar/]: Successfully registered 21 note sounds of evenmoreinstruments:pipa_regular
[24Nov2024 15:07:16.048] [modloading-worker-0/INFO] [com.cstav.genshinstrument.sound.registrar.NoteSoundRegistrar/]: Successfully registered 21 note sounds of evenmoreinstruments:pipa_tremolo
[24Nov2024 15:07:16.052] [modloading-worker-0/INFO] [com.cstav.genshinstrument.sound.registrar.NoteSoundRegistrar/]: Successfully registered 21 note sounds of genshinstrument:windsong_lyre
[24Nov2024 15:07:16.057] [modloading-worker-0/INFO] [com.cstav.genshinstrument.sound.registrar.NoteSoundRegistrar/]: Successfully registered 21 note sounds of genshinstrument:vintage_lyre
[24Nov2024 15:07:16.059] [modloading-worker-0/INFO] [com.cstav.genshinstrument.sound.registrar.NoteSoundRegistrar/]: Successfully registered 21 note sounds of genshinstrument:floral_zither_new
[24Nov2024 15:07:16.059] [modloading-worker-0/INFO] [com.cstav.genshinstrument.sound.registrar.NoteSoundRegistrar/]: Successfully registered 21 note sounds of genshinstrument:floral_zither_old
[24Nov2024 15:07:16.059] [modloading-worker-0/INFO] [com.cstav.genshinstrument.sound.registrar.NoteSoundRegistrar/]: Successfully registered 2 note sounds of genshinstrument:glorious_drum
[24Nov2024 15:07:16.061] [modloading-worker-0/INFO] [com.cstav.genshinstrument.sound.registrar.NoteSoundRegistrar/]: Successfully registered 14 note sounds of genshinstrument:nightwind_horn_hold
[24Nov2024 15:07:16.061] [modloading-worker-0/INFO] [com.cstav.genshinstrument.sound.registrar.NoteSoundRegistrar/]: Successfully registered 14 note sounds of genshinstrument:nightwind_horn_attack
[24Nov2024 15:07:16.062] [modloading-worker-0/INFO] [com.cstav.genshinstrument.sound.registrar.HeldNoteSoundRegistrar/]: Successfully loaded 14 (x2, 28 total) held note sounds for genshinstrument:nightwind_horn
[24Nov2024 15:07:16.124] [modloading-worker-0/INFO] [dev.architectury.networking.forge.NetworkManagerImpl/]: Registering C2S receiver with id blockbeats:blockbeats_network/60923f542bc738538834f3b8cd72eaa8
[24Nov2024 15:07:16.128] [modloading-worker-0/INFO] [dev.architectury.networking.forge.NetworkManagerImpl/]: Registering C2S receiver with id blockbeats:blockbeats_network/d431fc3367933c9abf8825de8ad5098c
[24Nov2024 15:07:16.128] [modloading-worker-0/INFO] [dev.architectury.networking.forge.NetworkManagerImpl/]: Registering C2S receiver with id blockbeats:blockbeats_network/e6b8b5c028d33dbd86e4e81671913ae8
[24Nov2024 15:07:16.130] [modloading-worker-0/INFO] [dev.architectury.networking.forge.NetworkManagerImpl/]: Registering C2S receiver with id blockbeats:blockbeats_network/65512ac4cc603f8a9ecc17880d3576db
[24Nov2024 15:07:16.130] [modloading-worker-0/INFO] [dev.architectury.networking.forge.NetworkManagerImpl/]: Registering C2S receiver with id blockbeats:blockbeats_network/719c5927d517392c89b69d80f8d97c35
[24Nov2024 15:07:16.131] [modloading-worker-0/INFO] [dev.architectury.networking.forge.NetworkManagerImpl/]: Registering C2S receiver with id blockbeats:blockbeats_network/9d2fad3f6d8f30c6a4fdc2fd86e5f7f8
[24Nov2024 15:07:16.131] [modloading-worker-0/INFO] [dev.architectury.networking.forge.NetworkManagerImpl/]: Registering C2S receiver with id blockbeats:blockbeats_network/829bc5a6973335ab87e15f84bb574c51
[24Nov2024 15:07:16.296] [modloading-worker-0/INFO] [quark/]: Initializing TerraBlender underground biome compat
[24Nov2024 15:07:16.756] [modloading-worker-0/INFO] [quark-zeta/]: Discovered 164 modules to load.
[24Nov2024 15:07:16.756] [modloading-worker-0/INFO] [quark-zeta/]: Constructing module Abacus...
[24Nov2024 15:07:16.762] [modloading-worker-0/INFO] [quark-zeta/]: Constructing module Adjustable Chat...
[24Nov2024 15:07:16.762] [modloading-worker-0/INFO] [quark-zeta/]: Constructing module Ambient Discs...
[24Nov2024 15:07:16.763] [modloading-worker-0/INFO] [quark-zeta/]: Constructing module Ancient Tomes...
[24Nov2024 15:07:16.772] [modloading-worker-0/INFO] [quark-zeta/]: Constructing module Ancient Wood...
[24Nov2024 15:07:16.813] [modloading-worker-0/INFO] [quark-zeta/]: Constructing module Armed Armor Stands...
[24Nov2024 15:07:16.817] [modloading-worker-0/INFO] [quark-zeta/]: Constructing module Auto Walk Keybind...
[24Nov2024 15:07:16.818] [modloading-worker-0/INFO] [quark-zeta/]: Constructing module Automatic Recipe Unlock...
[24Nov2024 15:07:16.821] [modloading-worker-0/INFO] [quark-zeta/]: Constructing module Automatic Tool Restock...
[24Nov2024 15:07:16.824] [modloading-worker-0/INFO] [quark-zeta/]: Constructing module Azalea Wood...
[24Nov2024 15:07:16.826] [modloading-worker-0/INFO] [quark-zeta/]: Constructing module Back Button Keybind...
[24Nov2024 15:07:16.826] [modloading-worker-0/INFO] [quark-zeta/]: Constructing module Backpack...
[24Nov2024 15:07:16.833] [modloading-worker-0/INFO] [quark-zeta/]: Constructing module Beacon Redirection...
[24Nov2024 15:07:16.834] [modloading-worker-0/INFO] [quark-zeta/]: Constructing module Better Elytra Rocket...
[24Nov2024 15:07:16.834] [modloading-worker-0/INFO] [quark-zeta/]: Constructing module Big Stone Clusters...
[24Nov2024 15:07:16.839] [modloading-worker-0/INFO] [quark-zeta/]: Constructing module Blossom Trees...
[24Nov2024 15:07:16.840] [modloading-worker-0/INFO] [quark-zeta/]: Constructing module Bottled Cloud...
[24Nov2024 15:07:16.842] [modloading-worker-0/INFO] [quark-zeta/]: Constructing module Buckets Show Inhabitants...
[24Nov2024 15:07:16.842] [modloading-worker-0/INFO] [quark-zeta/]: Constructing module Camera...
[24Nov2024 15:07:16.844] [modloading-worker-0/INFO] [quark-zeta/]: Constructing module Campfires Boost Elytra...
[24Nov2024 15:07:16.844] [modloading-worker-0/INFO] [quark-zeta/]: Constructing module Celebratory Lamps...
[24Nov2024 15:07:16.844] [modloading-worker-0/INFO] [quark-zeta/]: Constructing module Chains Connect Blocks...
[24Nov2024 15:07:16.845] [modloading-worker-0/INFO] [quark-zeta/]: Constructing module Chest Searching...
[24Nov2024 15:07:16.845] [modloading-worker-0/INFO] [quark-zeta/]: Constructing module Chorus Vegetation...
[24Nov2024 15:07:16.850] [modloading-worker-0/INFO] [quark-zeta/]: Constructing module Chute...
[24Nov2024 15:07:16.852] [modloading-worker-0/INFO] [quark-zeta/]: Constructing module Climate Control Remover...
[24Nov2024 15:07:16.852] [modloading-worker-0/INFO] [quark-zeta/]: Constructing module Color Runes...
[24Nov2024 15:07:16.859] [modloading-worker-0/INFO] [quark-zeta/]: Constructing module Compasses Work Everywhere...
[24Nov2024 15:07:16.864] [modloading-worker-0/INFO] [quark-zeta/]: Constructing module Compressed Blocks...
[24Nov2024 15:07:16.865] [modloading-worker-0/INFO] [quark-zeta/]: Constructing module Coral On Cactus...
[24Nov2024 15:07:16.869] [modloading-worker-0/INFO] [quark-zeta/]: Constructing module Corundum...
[24Nov2024 15:07:16.906] [modloading-worker-0/INFO] [quark-zeta/]: Constructing module Crabs...
[24Nov2024 15:07:16.909] [modloading-worker-0/ERROR] [zeta/]: Client event interface org.violetmoon.zeta.client.event.load.ZClientSetup was found in a non client only class!
[24Nov2024 15:07:16.910] [modloading-worker-0/INFO] [quark-zeta/]: Constructing module Crafter...
[24Nov2024 15:07:16.912] [modloading-worker-0/ERROR] [zeta/]: Client event interface org.violetmoon.zeta.client.event.load.ZClientSetup was found in a non client only class!
[24Nov2024 15:07:16.912] [modloading-worker-0/INFO] [quark-zeta/]: Constructing module Crate...
[24Nov2024 15:07:16.913] [modloading-worker-0/INFO] [quark-zeta/]: Constructing module Diamond Repair...
[24Nov2024 15:07:16.915] [modloading-worker-0/INFO] [quark-zeta/]: Constructing module Dispensers Place Blocks...
[24Nov2024 15:07:16.916] [modloading-worker-0/INFO] [quark-zeta/]: Constructing module Double Door Opening...
[24Nov2024 15:07:16.917] [modloading-worker-0/INFO] [quark-zeta/]: Constructing module Dragon Scales...
[24Nov2024 15:07:16.918] [modloading-worker-0/INFO] [quark-zeta/]: Constructing module Duskbound Blocks...
[24Nov2024 15:07:16.919] [modloading-worker-0/INFO] [quark-zeta/]: Constructing module Dyeable Item Frames...
[24Nov2024 15:07:16.927] [modloading-worker-0/INFO] [quark-zeta/]: Constructing module Easy Transfering...
[24Nov2024 15:07:16.927] [modloading-worker-0/INFO] [quark-zeta/]: Constructing module Elytra Indicator...
[24Nov2024 15:07:16.928] [modloading-worker-0/INFO] [quark-zeta/]: Constructing module Emotes...
[24Nov2024 15:07:16.928] [modloading-worker-0/INFO] [quark-zeta/]: Constructing module Enchantment Predicates...
[24Nov2024 15:07:16.928] [modloading-worker-0/INFO] [quark-zeta/]: Constructing module Enchantments Begone...
[24Nov2024 15:07:16.929] [modloading-worker-0/INFO] [quark-zeta/]: Constructing module Ender Watcher...
[24Nov2024 15:07:16.930] [modloading-worker-0/INFO] [quark-zeta/]: Constructing module Endermosh Music Disc...
[24Nov2024 15:07:16.930] [modloading-worker-0/INFO] [quark-zeta/]: Constructing module Enhanced Ladders...
[24Nov2024 15:07:16.932] [modloading-worker-0/INFO] [quark-zeta/]: Constructing module Expanded Item Interactions...
[24Nov2024 15:07:16.933] [modloading-worker-0/ERROR] [zeta/]: Client event interface org.violetmoon.zeta.client.event.load.ZClientSetup was found in a non client only class!
[24Nov2024 15:07:16.933] [modloading-worker-0/INFO] [quark-zeta/]: Constructing module Fairy Rings...
[24Nov2024 15:07:16.934] [modloading-worker-0/INFO] [quark-zeta/]: Constructing module Fallen Logs...
[24Nov2024 15:07:16.935] [modloading-worker-0/INFO] [quark-zeta/]: Constructing module Feeding Trough...
[24Nov2024 15:07:16.939] [modloading-worker-0/ERROR] [zeta/]: Client event interface org.violetmoon.zeta.client.event.load.ZClientSetup was found in a non client only class!
[24Nov2024 15:07:16.939] [modloading-worker-0/INFO] [quark-zeta/]: Constructing module Forgotten...
[24Nov2024 15:07:16.947] [modloading-worker-0/INFO] [quark-zeta/]: Constructing module Foxhound...
[24Nov2024 15:07:16.948] [modloading-worker-0/INFO] [quark-zeta/]: Constructing module Framed Glass...
[24Nov2024 15:07:16.949] [modloading-worker-0/INFO] [quark-zeta/]: Constructing module Game Nerfs...
[24Nov2024 15:07:16.950] [modloading-worker-0/INFO] [dev.tonimatas.packetfixer.PacketFixer/]: Packet Fixer has been initialized successfully
[24Nov2024 15:07:16.951] [modloading-worker-0/INFO] [quark-zeta/]: Constructing module Glass Item Frame...
[24Nov2024 15:07:16.951] [modloading-worker-0/INFO] [be.florens.expandability.ExpandAbility/]: ExpandAbility here, who dis?
[24Nov2024 15:07:16.956] [modloading-worker-0/ERROR] [zeta/]: Client event interface org.violetmoon.zeta.client.event.load.ZClientSetup was found in a non client only class!
[24Nov2024 15:07:16.958] [modloading-worker-0/INFO] [quark-zeta/]: Constructing module Glass Shard...
[24Nov2024 15:07:16.959] [modloading-worker-0/INFO] [quark-zeta/]: Constructing module Glimmering Weald...
[24Nov2024 15:07:16.983] [modloading-worker-0/INFO] [quark-zeta/]: Constructing module Gold Bars...
[24Nov2024 15:07:16.984] [modloading-worker-0/INFO] [quark-zeta/]: Constructing module Gold Tools Have Fortune...
[24Nov2024 15:07:16.985] [modloading-worker-0/INFO] [quark-zeta/]: Constructing module Grab Chickens...
[24Nov2024 15:07:16.985] [modloading-worker-0/INFO] [quark-zeta/]: Constructing module Grate...
[24Nov2024 15:07:16.987] [modloading-worker-0/INFO] [quark-zeta/]: Constructing module Gravisand...
[24Nov2024 15:07:16.988] [modloading-worker-0/INFO] [quark-zeta/]: Constructing module Greener Grass...
[24Nov2024 15:07:16.990] [modloading-worker-0/INFO] [quark-zeta/]: Constructing module Hedges...
[24Nov2024 15:07:16.992] [modloading-worker-0/INFO] [quark-zeta/]: Constructing module Hoe Harvesting...
[24Nov2024 15:07:16.992] [modloading-worker-0/INFO] [quark-zeta/]: Constructing module Hollow Logs...
[24Nov2024 15:07:16.993] [modloading-worker-0/INFO] [quark-zeta/]: Constructing module Horses Swim...
[24Nov2024 15:07:16.993] [modloading-worker-0/INFO] [quark-zeta/]: Constructing module Hotbar Changer...
[24Nov2024 15:07:16.993] [modloading-worker-0/INFO] [quark-zeta/]: Constructing module Improved Sponges...
[24Nov2024 15:07:16.994] [modloading-worker-0/INFO] [quark-zeta/]: Constructing module Improved Tooltips...
[24Nov2024 15:07:16.994] [modloading-worker-0/INFO] [quark-zeta/]: Constructing module Industrial Palette...
[24Nov2024 15:07:16.997] [modloading-worker-0/INFO] [quark-zeta/]: Constructing module Inventory Sorting...
[24Nov2024 15:07:16.998] [modloading-worker-0/INFO] [quark-zeta/]: Constructing module Iron Rod...
[24Nov2024 15:07:17.007] [modloading-worker-0/INFO] [quark-zeta/]: Constructing module Item Sharing...
[24Nov2024 15:07:17.008] [modloading-worker-0/INFO] [quark-zeta/]: Constructing module Japanese Palette...
[24Nov2024 15:07:17.008] [modloading-worker-0/INFO] [quark-zeta/]: Constructing module Leaf Carpet...
[24Nov2024 15:07:17.009] [modloading-worker-0/INFO] [quark-zeta/]: Constructing module Lock Rotation...
[24Nov2024 15:07:17.009] [modloading-worker-0/INFO] [quark-zeta/]: Constructing module Long Range Pick Block...
[24Nov2024 15:07:17.010] [modloading-worker-0/INFO] [quark-zeta/]: Constructing module Magma Keeps Concrete Powder...
[24Nov2024 15:07:17.011] [modloading-worker-0/INFO] [quark-zeta/]: Constructing module Magnets...
[24Nov2024 15:07:17.015] [modloading-worker-0/ERROR] [zeta/]: Client event interface org.violetmoon.zeta.client.event.load.ZClientSetup was found in a non client only class!
[24Nov2024 15:07:17.015] [modloading-worker-0/INFO] [quark-zeta/]: Constructing module Map Washing...
[24Nov2024 15:07:17.016] [modloading-worker-0/INFO] [quark-zeta/]: Constructing module Matrix Enchanting...
[24Nov2024 15:07:17.024] [modloading-worker-0/ERROR] [zeta/]: Client event interface org.violetmoon.zeta.client.event.load.ZClientSetup was found in a non client only class!
[24Nov2024 15:07:17.024] [modloading-worker-0/INFO] [quark-zeta/]: Constructing module Metal Buttons...
[24Nov2024 15:07:17.024] [modloading-worker-0/INFO] [quark-zeta/]: Constructing module Microcrafting Helper...
[24Nov2024 15:07:17.025] [modloading-worker-0/INFO] [quark-zeta/]: Constructing module Midori...
[24Nov2024 15:07:17.025] [modloading-worker-0/INFO] [quark-zeta/]: Constructing module Monster Box...
[24Nov2024 15:07:17.025] [modloading-worker-0/INFO] [quark-zeta/]: Constructing module More Banner Layers...
[24Nov2024 15:07:17.026] [modloading-worker-0/INFO] [quark-zeta/]: Constructing module More Brick Types...
[24Nov2024 15:07:17.026] [modloading-worker-0/INFO] [quark-zeta/]: Constructing module More Mud Blocks...
[24Nov2024 15:07:17.026] [modloading-worker-0/INFO] [quark-zeta/]: Constructing module More Note Block Sounds...
[24Nov2024 15:07:17.027] [modloading-worker-0/INFO] [quark-zeta/]: Constructing module More Potted Plants...
[24Nov2024 15:07:17.027] [modloading-worker-0/ERROR] [zeta/]: Client event interface org.violetmoon.zeta.client.event.load.ZClientSetup was found in a non client only class!
[24Nov2024 15:07:17.028] [modloading-worker-0/INFO] [quark-zeta/]: Constructing module More Villagers...
[24Nov2024 15:07:17.028] [modloading-worker-0/INFO] [quark-zeta/]: Constructing module Narrator Readout...
[24Nov2024 15:07:17.028] [modloading-worker-0/INFO] [quark-zeta/]: Constructing module Nether Brick Fence Gate...
[24Nov2024 15:07:17.028] [modloading-worker-0/INFO] [quark-zeta/]: Constructing module Nether Obsidian Spikes...
[24Nov2024 15:07:17.029] [modloading-worker-0/INFO] [quark-zeta/]: Constructing module New Stone Types...
[24Nov2024 15:07:17.033] [modloading-worker-0/INFO] [quark-zeta/]: Constructing module No Durability On Cosmetics...
[24Nov2024 15:07:17.034] [modloading-worker-0/INFO] [quark-zeta/]: Constructing module No More Lava Pockets...
[24Nov2024 15:07:17.034] [modloading-worker-0/INFO] [quark-zeta/]: Constructing module Obsidian Plate...
[24Nov2024 15:07:17.034] [modloading-worker-0/INFO] [quark-zeta/]: Constructing module Overlay Shader...
[24Nov2024 15:07:17.034] [modloading-worker-0/INFO] [quark-zeta/]: Constructing module Parrot Eggs...
[24Nov2024 15:07:17.035] [modloading-worker-0/ERROR] [zeta/]: Client event interface org.violetmoon.zeta.client.event.load.ZClientSetup was found in a non client only class!
[24Nov2024 15:07:17.035] [modloading-worker-0/INFO] [quark-zeta/]: Constructing module Pat The Dogs...
[24Nov2024 15:07:17.036] [modloading-worker-0/INFO] [quark-zeta/]: Constructing module Pathfinder Maps...
[24Nov2024 15:07:17.037] [modloading-worker-0/INFO] [quark-zeta/]: Constructing module Permafrost...
[24Nov2024 15:07:17.038] [modloading-worker-0/INFO] [quark-zeta/]: Constructing module Petals On Water...
[24Nov2024 15:07:17.039] [modloading-worker-0/INFO] [quark-zeta/]: Constructing module Pickarang...
[24Nov2024 15:07:17.041] [modloading-worker-0/INFO] [quark-zeta/]: Constructing module Pig Litters...
[24Nov2024 15:07:17.042] [modloading-worker-0/INFO] [quark-zeta/]: Constructing module Pipes...
[24Nov2024 15:07:17.045] [modloading-worker-0/INFO] [quark-zeta/]: Constructing module Pistons Move Tile Entities...
[24Nov2024 15:07:17.045] [modloading-worker-0/INFO] [quark-zeta/]: Constructing module Poison Potato Usage...
[24Nov2024 15:07:17.046] [modloading-worker-0/INFO] [quark-zeta/]: Constructing module Quick Armor Swapping...
[24Nov2024 15:07:17.046] [modloading-worker-0/INFO] [quark-zeta/]: Constructing module Rainbow Lamps...
[24Nov2024 15:07:17.047] [modloading-worker-0/INFO] [quark-zeta/]: Constructing module Raw Metal Bricks...
[24Nov2024 15:07:17.047] [modloading-worker-0/INFO] [quark-zeta/]: Constructing module Reacharound Placing...
[24Nov2024 15:07:17.048] [modloading-worker-0/INFO] [quark-zeta/]: Constructing module Redstone Randomizer...
[24Nov2024 15:07:17.049] [modloading-worker-0/INFO] [quark-zeta/]: Constructing module Renewable Spore Blossoms...
[24Nov2024 15:07:17.049] [modloading-worker-0/INFO] [quark-zeta/]: Constructing module Replace Scaffolding...
[24Nov2024 15:07:17.050] [modloading-worker-0/INFO] [quark-zeta/]: Constructing module Rope...
[24Nov2024 15:07:17.051] [modloading-worker-0/INFO] [quark-zeta/]: Constructing module Safer Creatures...
[24Nov2024 15:07:17.052] [modloading-worker-0/INFO] [quark-zeta/]: Constructing module Seed Pouch...
[24Nov2024 15:07:17.054] [modloading-worker-0/INFO] [quark-zeta/]: Constructing module Shear Vines...
[24Nov2024 15:07:17.062] [modloading-worker-0/INFO] [quark-zeta/]: Constructing module Shiba...
[24Nov2024 15:07:17.063] [modloading-worker-0/ERROR] [zeta/]: Client event interface org.violetmoon.zeta.client.event.load.ZClientSetup was found in a non client only class!
[24Nov2024 15:07:17.063] [modloading-worker-0/INFO] [quark-zeta/]: Constructing module Shingles...
[24Nov2024 15:07:17.063] [modloading-worker-0/INFO] [quark-zeta/]: Constructing module Shulker Packing...
[24Nov2024 15:07:17.064] [modloading-worker-0/INFO] [quark-zeta/]: Constructing module Simple Harvest...
[24Nov2024 15:07:17.065] [modloading-worker-0/INFO] [quark-zeta/]: Constructing module Skull Pikes...
[24Nov2024 15:07:17.067] [modloading-worker-0/ERROR] [zeta/]: Client event interface org.violetmoon.zeta.client.event.load.ZClientSetup was found in a non client only class!
[24Nov2024 15:07:17.067] [modloading-worker-0/INFO] [quark-zeta/]: Constructing module Slabs To Blocks...
[24Nov2024 15:07:17.068] [modloading-worker-0/INFO] [quark-zeta/]: Constructing module Slime In A Bucket...
[24Nov2024 15:07:17.069] [modloading-worker-0/INFO] [quark-zeta/]: Constructing module Slimes To Magma Cubes...
[24Nov2024 15:07:17.070] [modloading-worker-0/INFO] [quark-zeta/]: Constructing module Snow Golem Player Heads...
[24Nov2024 15:07:17.070] [modloading-worker-0/INFO] [quark-zeta/]: Constructing module Soul Candles...
[24Nov2024 15:07:17.070] [modloading-worker-0/INFO] [quark-zeta/]: Constructing module Soul Sandstone...
[24Nov2024 15:07:17.072] [modloading-worker-0/INFO] [quark-zeta/]: Constructing module Spawner Replacer...
[24Nov2024 15:07:17.073] [modloading-worker-0/INFO] [quark-zeta/]: Constructing module Spiral Spires...
[24Nov2024 15:07:17.075] [modloading-worker-0/INFO] [quark-zeta/]: Constructing module Stonelings...
[24Nov2024 15:07:17.108] [modloading-worker-0/ERROR] [zeta/]: Client event interface org.violetmoon.zeta.client.event.load.ZClientSetup was found in a non client only class!
[24Nov2024 15:07:17.109] [modloading-worker-0/INFO] [quark-zeta/]: Constructing module Stools...
[24Nov2024 15:07:17.110] [modloading-worker-0/ERROR] [zeta/]: Client event interface org.violetmoon.zeta.client.event.load.ZClientSetup was found in a non client only class!
[24Nov2024 15:07:17.110] [modloading-worker-0/INFO] [quark-zeta/]: Constructing module Sturdy Stone...
[24Nov2024 15:07:17.111] [modloading-worker-0/INFO] [quark-zeta/]: Constructing module Thatch...
[24Nov2024 15:07:17.113] [modloading-worker-0/INFO] [quark-zeta/]: Constructing module Tiny Potato...
[24Nov2024 15:07:17.113] [modloading-worker-0/INFO] [quark-zeta/]: Constructing module Torch Arrow...
[24Nov2024 15:07:17.117] [modloading-worker-0/INFO] [quark-zeta/]: Constructing module Toretoise...
[24Nov2024 15:07:17.117] [modloading-worker-0/ERROR] [zeta/]: Client event interface org.violetmoon.zeta.client.event.load.ZClientSetup was found in a non client only class!
[24Nov2024 15:07:17.118] [modloading-worker-0/INFO] [quark-zeta/]: Constructing module Totem Of Holding...
[24Nov2024 15:07:17.120] [modloading-worker-0/INFO] [quark-zeta/]: Constructing module Trowel...
[24Nov2024 15:07:17.121] [modloading-worker-0/INFO] [quark-zeta/]: Constructing module Usage Ticker...
[24Nov2024 15:07:17.122] [modloading-worker-0/INFO] [quark-zeta/]: Constructing module Uses For Curses...
[24Nov2024 15:07:17.122] [modloading-worker-0/INFO] [quark-zeta/]: Constructing module Utility Recipes...
[24Nov2024 15:07:17.124] [modloading-worker-0/INFO] [quark-zeta/]: Constructing module Variant Animal Textures...
[24Nov2024 15:07:17.125] [modloading-worker-0/INFO] [quark-zeta/]: Constructing module Variant Bookshelves...
[24Nov2024 15:07:17.125] [modloading-worker-0/INFO] [quark-zeta/]: Constructing module Variant Chests...
[24Nov2024 15:07:17.139] [modloading-worker-0/INFO] [quark-zeta/]: Constructing module Variant Furnaces...
[24Nov2024 15:07:17.149] [modloading-worker-0/INFO] [quark-zeta/]: Constructing module Variant Ladders...
[24Nov2024 15:07:17.150] [modloading-worker-0/INFO] [quark-zeta/]: Constructing module Variant Selector...
[24Nov2024 15:07:17.152] [modloading-worker-0/INFO] [quark-zeta/]: Constructing module Vertical Planks...
[24Nov2024 15:07:17.153] [modloading-worker-0/INFO] [quark-zeta/]: Constructing module Vertical Slabs...
[24Nov2024 15:07:17.170] [modloading-worker-0/INFO] [quark-zeta/]: Constructing module Vexes Die With Their Masters...
[24Nov2024 15:07:17.170] [modloading-worker-0/INFO] [quark-zeta/]: Constructing module Villager Rerolling Rework...
[24Nov2024 15:07:17.171] [modloading-worker-0/INFO] [quark-zeta/]: Constructing module Villagers Follow Emeralds...
[24Nov2024 15:07:17.172] [modloading-worker-0/INFO] [quark-zeta/]: Constructing module Wooden Posts...
[24Nov2024 15:07:17.173] [modloading-worker-0/INFO] [quark-zeta/]: Constructing module Wool Shuts Up Minecarts...
[24Nov2024 15:07:17.174] [modloading-worker-0/INFO] [quark-zeta/]: Constructing module Wraith...
[24Nov2024 15:07:17.176] [modloading-worker-0/ERROR] [zeta/]: Client event interface org.violetmoon.zeta.client.event.load.ZClientSetup was found in a non client only class!
[24Nov2024 15:07:17.176] [modloading-worker-0/INFO] [quark-zeta/]: Constructing module Zombie Villagers On Normal...
[24Nov2024 15:07:17.176] [modloading-worker-0/INFO] [quark-zeta/]: Constructing module More Stone Variants...
[24Nov2024 15:07:17.177] [modloading-worker-0/INFO] [quark-zeta/]: Constructed 164 modules.
[24Nov2024 15:07:17.292] [modloading-worker-0/INFO] [yuushya/]: Yuushya has been loaded successfully!
[24Nov2024 15:07:17.408] [main/INFO] [ModernFix/]: Invalidating pack caches
[24Nov2024 15:07:17.410] [main/INFO] [net.minecraft.server.packs.resources.ReloadableResourceManager/]: Reloading ResourceManager: mod_resources
[24Nov2024 15:07:20.633] [main/INFO] [net.minecraft.resources.RegistryDataLoader/]: Capturing existing worldgen registries
[24Nov2024 15:07:20.633] [main/INFO] [net.minecraft.resources.RegistryDataLoader/]: Found 0 injected RegistryDataLoader worldgen registries
[24Nov2024 15:07:21.660] [main/INFO] [dev.gigaherz.jsonthings.things.parsers.SoundEventParser/]: Started registering SoundEvent things, errors about unexpected registry domains are harmless...
[24Nov2024 15:07:21.660] [main/INFO] [dev.gigaherz.jsonthings.things.parsers.SoundEventParser/]: Done processing thingpack SoundEvents.
[24Nov2024 15:07:22.325] [main/INFO] [dev.gigaherz.jsonthings.things.parsers.FluidParser/]: Started registering Fluid things, errors about unexpected registry domains are harmless...
[24Nov2024 15:07:22.325] [main/INFO] [dev.gigaherz.jsonthings.things.parsers.FluidParser/]: Done processing thingpack Fluids.
[24Nov2024 15:07:23.378] [main/INFO] [dev.gigaherz.jsonthings.things.parsers.BlockParser/]: Started registering Block things, errors about unexpected registry domains are harmless...
[24Nov2024 15:07:23.378] [main/INFO] [dev.gigaherz.jsonthings.things.parsers.BlockParser/]: Done processing thingpack Blocks.
[24Nov2024 15:07:24.797] [main/WARN] [Moonlight/]: Failed to find custom wood type mynethersdelight:powdery
[24Nov2024 15:07:24.831] [main/INFO] [Moonlight/]: Initialized block sets in 47ms
[24Nov2024 15:07:25.326] [main/INFO] [dev.gigaherz.jsonthings.things.parsers.ItemParser/]: Started registering Item things, errors about unexpected registry domains are harmless...
[24Nov2024 15:07:25.326] [main/INFO] [dev.gigaherz.jsonthings.things.parsers.ItemParser/]: Done processing thingpack Items.
[24Nov2024 15:07:26.283] [main/WARN] [dev.architectury.registry.registries.forge.RegistrarManagerImpl/]: Registry entry listened Registry Entry [minecraft:entity_type / vinery:wandering_winemaker] was not realized!
[24Nov2024 15:07:26.284] [main/WARN] [dev.architectury.registry.registries.forge.RegistrarManagerImpl/]: Registry entry listened Registry Entry [minecraft:entity_type / vinery:mule] was not realized!
[24Nov2024 15:07:26.284] [main/WARN] [dev.architectury.registry.registries.forge.RegistrarManagerImpl/]: Registry entry listened Registry Entry [minecraft:entity_type / artifacts:mimic] was not realized!
[24Nov2024 15:07:26.284] [main/WARN] [dev.architectury.registry.registries.forge.RegistrarManagerImpl/]: Registry entry listened Registry Entry [minecraft:entity_type / mca:male_zombie_villager] was not realized!
[24Nov2024 15:07:26.284] [main/WARN] [dev.architectury.registry.registries.forge.RegistrarManagerImpl/]: Registry entry listened Registry Entry [minecraft:entity_type / mca:female_zombie_villager] was not realized!
[24Nov2024 15:07:26.285] [main/WARN] [dev.architectury.registry.registries.forge.RegistrarManagerImpl/]: Registry entry listened Registry Entry [minecraft:entity_type / bakery:wandering_baker] was not realized!
[24Nov2024 15:07:26.285] [main/WARN] [dev.architectury.registry.registries.forge.RegistrarManagerImpl/]: Registry entry listened Registry Entry [minecraft:entity_type / mca:male_villager] was not realized!
[24Nov2024 15:07:26.285] [main/WARN] [dev.architectury.registry.registries.forge.RegistrarManagerImpl/]: Registry entry listened Registry Entry [minecraft:entity_type / brewery:beer_elemental] was not realized!
[24Nov2024 15:07:26.285] [main/WARN] [dev.architectury.registry.registries.forge.RegistrarManagerImpl/]: Registry entry listened Registry Entry [minecraft:entity_type / mca:grim_reaper] was not realized!
[24Nov2024 15:07:26.285] [main/WARN] [dev.architectury.registry.registries.forge.RegistrarManagerImpl/]: Registry entry listened Registry Entry [minecraft:entity_type / mca:female_villager] was not realized!
[24Nov2024 15:07:26.541] [main/WARN] [dev.architectury.registry.registries.forge.RegistrarManagerImpl/]: Registry entry listened Registry Entry [minecraft:entity_type / vinery:wandering_winemaker] was not realized!
[24Nov2024 15:07:26.541] [main/WARN] [dev.architectury.registry.registries.forge.RegistrarManagerImpl/]: Registry entry listened Registry Entry [minecraft:entity_type / vinery:mule] was not realized!
[24Nov2024 15:07:26.541] [main/WARN] [dev.architectury.registry.registries.forge.RegistrarManagerImpl/]: Registry entry listened Registry Entry [minecraft:entity_type / mca:male_zombie_villager] was not realized!
[24Nov2024 15:07:26.541] [main/WARN] [dev.architectury.registry.registries.forge.RegistrarManagerImpl/]: Registry entry listened Registry Entry [minecraft:entity_type / mca:female_zombie_villager] was not realized!
[24Nov2024 15:07:26.541] [main/WARN] [dev.architectury.registry.registries.forge.RegistrarManagerImpl/]: Registry entry listened Registry Entry [minecraft:entity_type / bakery:wandering_baker] was not realized!
[24Nov2024 15:07:26.542] [main/WARN] [dev.architectury.registry.registries.forge.RegistrarManagerImpl/]: Registry entry listened Registry Entry [minecraft:entity_type / mca:male_villager] was not realized!
[24Nov2024 15:07:26.542] [main/WARN] [dev.architectury.registry.registries.forge.RegistrarManagerImpl/]: Registry entry listened Registry Entry [minecraft:entity_type / brewery:beer_elemental] was not realized!
[24Nov2024 15:07:26.542] [main/WARN] [dev.architectury.registry.registries.forge.RegistrarManagerImpl/]: Registry entry listened Registry Entry [minecraft:entity_type / mca:grim_reaper] was not realized!
[24Nov2024 15:07:26.542] [main/WARN] [dev.architectury.registry.registries.forge.RegistrarManagerImpl/]: Registry entry listened Registry Entry [minecraft:entity_type / mca:female_villager] was not realized!
[24Nov2024 15:07:27.338] [main/WARN] [dev.architectury.registry.registries.forge.RegistrarManagerImpl/]: Registry entry listened Registry Entry [minecraft:entity_type / vinery:wandering_winemaker] was not realized!
[24Nov2024 15:07:27.338] [main/WARN] [dev.architectury.registry.registries.forge.RegistrarManagerImpl/]: Registry entry listened Registry Entry [minecraft:entity_type / vinery:mule] was not realized!
[24Nov2024 15:07:27.338] [main/WARN] [dev.architectury.registry.registries.forge.RegistrarManagerImpl/]: Registry entry listened Registry Entry [minecraft:entity_type / mca:male_zombie_villager] was not realized!
[24Nov2024 15:07:27.338] [main/WARN] [dev.architectury.registry.registries.forge.RegistrarManagerImpl/]: Registry entry listened Registry Entry [minecraft:entity_type / mca:female_zombie_villager] was not realized!
[24Nov2024 15:07:27.338] [main/WARN] [dev.architectury.registry.registries.forge.RegistrarManagerImpl/]: Registry entry listened Registry Entry [minecraft:entity_type / bakery:wandering_baker] was not realized!
[24Nov2024 15:07:27.338] [main/WARN] [dev.architectury.registry.registries.forge.RegistrarManagerImpl/]: Registry entry listened Registry Entry [minecraft:entity_type / mca:male_villager] was not realized!
[24Nov2024 15:07:27.338] [main/WARN] [dev.architectury.registry.registries.forge.RegistrarManagerImpl/]: Registry entry listened Registry Entry [minecraft:entity_type / brewery:beer_elemental] was not realized!
[24Nov2024 15:07:27.338] [main/WARN] [dev.architectury.registry.registries.forge.RegistrarManagerImpl/]: Registry entry listened Registry Entry [minecraft:entity_type / mca:grim_reaper] was not realized!
[24Nov2024 15:07:27.338] [main/WARN] [dev.architectury.registry.registries.forge.RegistrarManagerImpl/]: Registry entry listened Registry Entry [minecraft:entity_type / mca:female_villager] was not realized!
[24Nov2024 15:07:27.340] [main/WARN] [dev.architectury.registry.registries.forge.RegistrarManagerImpl/]: Registry entry listened Registry Entry [minecraft:entity_type / vinery:wandering_winemaker] was not realized!
[24Nov2024 15:07:27.340] [main/WARN] [dev.architectury.registry.registries.forge.RegistrarManagerImpl/]: Registry entry listened Registry Entry [minecraft:entity_type / vinery:mule] was not realized!
[24Nov2024 15:07:27.340] [main/WARN] [dev.architectury.registry.registries.forge.RegistrarManagerImpl/]: Registry entry listened Registry Entry [minecraft:entity_type / mca:male_zombie_villager] was not realized!
[24Nov2024 15:07:27.340] [main/WARN] [dev.architectury.registry.registries.forge.RegistrarManagerImpl/]: Registry entry listened Registry Entry [minecraft:entity_type / mca:female_zombie_villager] was not realized!
[24Nov2024 15:07:27.340] [main/WARN] [dev.architectury.registry.registries.forge.RegistrarManagerImpl/]: Registry entry listened Registry Entry [minecraft:entity_type / bakery:wandering_baker] was not realized!
[24Nov2024 15:07:27.340] [main/WARN] [dev.architectury.registry.registries.forge.RegistrarManagerImpl/]: Registry entry listened Registry Entry [minecraft:entity_type / mca:male_villager] was not realized!
[24Nov2024 15:07:27.340] [main/WARN] [dev.architectury.registry.registries.forge.RegistrarManagerImpl/]: Registry entry listened Registry Entry [minecraft:entity_type / brewery:beer_elemental] was not realized!
[24Nov2024 15:07:27.340] [main/WARN] [dev.architectury.registry.registries.forge.RegistrarManagerImpl/]: Registry entry listened Registry Entry [minecraft:entity_type / mca:grim_reaper] was not realized!
[24Nov2024 15:07:27.340] [main/WARN] [dev.architectury.registry.registries.forge.RegistrarManagerImpl/]: Registry entry listened Registry Entry [minecraft:entity_type / mca:female_villager] was not realized!
[24Nov2024 15:07:27.345] [main/WARN] [dev.architectury.registry.registries.forge.RegistrarManagerImpl/]: Registry entry listened Registry Entry [minecraft:entity_type / mca:male_zombie_villager] was not realized!
[24Nov2024 15:07:27.345] [main/WARN] [dev.architectury.registry.registries.forge.RegistrarManagerImpl/]: Registry entry listened Registry Entry [minecraft:entity_type / mca:female_zombie_villager] was not realized!
[24Nov2024 15:07:27.345] [main/WARN] [dev.architectury.registry.registries.forge.RegistrarManagerImpl/]: Registry entry listened Registry Entry [minecraft:entity_type / bakery:wandering_baker] was not realized!
[24Nov2024 15:07:27.345] [main/WARN] [dev.architectury.registry.registries.forge.RegistrarManagerImpl/]: Registry entry listened Registry Entry [minecraft:entity_type / mca:male_villager] was not realized!
[24Nov2024 15:07:27.345] [main/WARN] [dev.architectury.registry.registries.forge.RegistrarManagerImpl/]: Registry entry listened Registry Entry [minecraft:entity_type / brewery:beer_elemental] was not realized!
[24Nov2024 15:07:27.346] [main/WARN] [dev.architectury.registry.registries.forge.RegistrarManagerImpl/]: Registry entry listened Registry Entry [minecraft:entity_type / mca:grim_reaper] was not realized!
[24Nov2024 15:07:27.346] [main/WARN] [dev.architectury.registry.registries.forge.RegistrarManagerImpl/]: Registry entry listened Registry Entry [minecraft:entity_type / mca:female_villager] was not realized!
[24Nov2024 15:07:27.346] [main/WARN] [dev.architectury.registry.registries.forge.RegistrarManagerImpl/]: Registry entry listened Registry Entry [minecraft:entity_type / mca:male_zombie_villager] was not realized!
[24Nov2024 15:07:27.346] [main/WARN] [dev.architectury.registry.registries.forge.RegistrarManagerImpl/]: Registry entry listened Registry Entry [minecraft:entity_type / mca:female_zombie_villager] was not realized!
[24Nov2024 15:07:27.346] [main/WARN] [dev.architectury.registry.registries.forge.RegistrarManagerImpl/]: Registry entry listened Registry Entry [minecraft:entity_type / bakery:wandering_baker] was not realized!
[24Nov2024 15:07:27.346] [main/WARN] [dev.architectury.registry.registries.forge.RegistrarManagerImpl/]: Registry entry listened Registry Entry [minecraft:entity_type / mca:male_villager] was not realized!
[24Nov2024 15:07:27.346] [main/WARN] [dev.architectury.registry.registries.forge.RegistrarManagerImpl/]: Registry entry listened Registry Entry [minecraft:entity_type / brewery:beer_elemental] was not realized!
[24Nov2024 15:07:27.346] [main/WARN] [dev.architectury.registry.registries.forge.RegistrarManagerImpl/]: Registry entry listened Registry Entry [minecraft:entity_type / mca:grim_reaper] was not realized!
[24Nov2024 15:07:27.346] [main/WARN] [dev.architectury.registry.registries.forge.RegistrarManagerImpl/]: Registry entry listened Registry Entry [minecraft:entity_type / mca:female_villager] was not realized!
[24Nov2024 15:07:27.349] [main/WARN] [dev.architectury.registry.registries.forge.RegistrarManagerImpl/]: Registry entry listened Registry Entry [minecraft:entity_type / mca:male_zombie_villager] was not realized!
[24Nov2024 15:07:27.349] [main/WARN] [dev.architectury.registry.registries.forge.RegistrarManagerImpl/]: Registry entry listened Registry Entry [minecraft:entity_type / mca:female_zombie_villager] was not realized!
[24Nov2024 15:07:27.349] [main/WARN] [dev.architectury.registry.registries.forge.RegistrarManagerImpl/]: Registry entry listened Registry Entry [minecraft:entity_type / mca:male_villager] was not realized!
[24Nov2024 15:07:27.349] [main/WARN] [dev.architectury.registry.registries.forge.RegistrarManagerImpl/]: Registry entry listened Registry Entry [minecraft:entity_type / brewery:beer_elemental] was not realized!
[24Nov2024 15:07:27.349] [main/WARN] [dev.architectury.registry.registries.forge.RegistrarManagerImpl/]: Registry entry listened Registry Entry [minecraft:entity_type / mca:grim_reaper] was not realized!
[24Nov2024 15:07:27.349] [main/WARN] [dev.architectury.registry.registries.forge.RegistrarManagerImpl/]: Registry entry listened Registry Entry [minecraft:entity_type / mca:female_villager] was not realized!
[24Nov2024 15:07:27.356] [main/WARN] [dev.architectury.registry.registries.forge.RegistrarManagerImpl/]: Registry entry listened Registry Entry [minecraft:entity_type / mca:male_zombie_villager] was not realized!
[24Nov2024 15:07:27.356] [main/WARN] [dev.architectury.registry.registries.forge.RegistrarManagerImpl/]: Registry entry listened Registry Entry [minecraft:entity_type / mca:female_zombie_villager] was not realized!
[24Nov2024 15:07:27.356] [main/WARN] [dev.architectury.registry.registries.forge.RegistrarManagerImpl/]: Registry entry listened Registry Entry [minecraft:entity_type / mca:male_villager] was not realized!
[24Nov2024 15:07:27.356] [main/WARN] [dev.architectury.registry.registries.forge.RegistrarManagerImpl/]: Registry entry listened Registry Entry [minecraft:entity_type / mca:grim_reaper] was not realized!
[24Nov2024 15:07:27.356] [main/WARN] [dev.architectury.registry.registries.forge.RegistrarManagerImpl/]: Registry entry listened Registry Entry [minecraft:entity_type / mca:female_villager] was not realized!
[24Nov2024 15:07:27.708] [main/INFO] [dev.gigaherz.jsonthings.things.parsers.EnchantmentParser/]: Started registering Enchantment things, errors about unexpected registry domains are harmless...
[24Nov2024 15:07:27.708] [main/INFO] [dev.gigaherz.jsonthings.things.parsers.EnchantmentParser/]: Done processing thingpack Enchantments.
[24Nov2024 15:07:28.606] [main/INFO] [dev.gigaherz.jsonthings.things.parsers.CreativeModeTabParser/]: Started registering Item things, errors about unexpected registry domains are harmless...
[24Nov2024 15:07:28.607] [main/INFO] [dev.gigaherz.jsonthings.things.parsers.CreativeModeTabParser/]: Done processing thingpack CreativeModeTabs.
[24Nov2024 15:07:28.720] [main/INFO] [dev.gigaherz.jsonthings.things.parsers.FluidTypeParser/]: Started registering FluidType things, errors about unexpected registry domains are harmless...
[24Nov2024 15:07:28.721] [main/INFO] [dev.gigaherz.jsonthings.things.parsers.FluidTypeParser/]: Done processing thingpack FluidTypes.
[24Nov2024 15:07:28.730] [main/INFO] [io.github.lightman314.lightmanscurrency.LightmansCurrency/]: CoinsInChestModifier was deserialized!
[24Nov2024 15:07:28.849] [main/WARN] [net.minecraft.network.syncher.SynchedEntityData/]: defineId called for: class net.mcreator.borninchaosv.entity.BabySpiderEntity from class net.mcreator.borninchaosv.entity.MotherSpiderEntity
[24Nov2024 15:07:28.872] [main/INFO] [Easy NPC/]: - Registering Synched Attack Data for EasyNPCBaseEntity.
[24Nov2024 15:07:28.872] [main/WARN] [net.minecraft.network.syncher.SynchedEntityData/]: defineId called for: class de.markusbordihn.easynpc.entity.EasyNPCBaseEntity from interface de.markusbordihn.easynpc.entity.easynpc.data.AttackData
[24Nov2024 15:07:28.872] [main/INFO] [Easy NPC/]: - Registering Synched Attribute Data for EasyNPCBaseEntity.
[24Nov2024 15:07:28.872] [main/WARN] [net.minecraft.network.syncher.SynchedEntityData/]: defineId called for: class de.markusbordihn.easynpc.entity.EasyNPCBaseEntity from interface de.markusbordihn.easynpc.entity.easynpc.data.AttributeData
[24Nov2024 15:07:28.872] [main/INFO] [Easy NPC/]: - Registering Synched Custom Attribute Data for EasyNPCBaseEntity.
[24Nov2024 15:07:28.872] [main/WARN] [net.minecraft.network.syncher.SynchedEntityData/]: defineId called for: class de.markusbordihn.easynpc.entity.EasyNPCBaseEntity from interface de.markusbordihn.easynpc.entity.easynpc.data.CustomAttributeData
[24Nov2024 15:07:28.872] [main/INFO] [Easy NPC/]: - Registering Synched Display Attribute Data for EasyNPCBaseEntity.
[24Nov2024 15:07:28.873] [main/WARN] [net.minecraft.network.syncher.SynchedEntityData/]: defineId called for: class de.markusbordihn.easynpc.entity.EasyNPCBaseEntity from interface de.markusbordihn.easynpc.entity.easynpc.data.DisplayAttributeData
[24Nov2024 15:07:28.873] [main/INFO] [Easy NPC/]: - Registering Synched Navigation Data for EasyNPCBaseEntity.
[24Nov2024 15:07:28.873] [main/WARN] [net.minecraft.network.syncher.SynchedEntityData/]: defineId called for: class de.markusbordihn.easynpc.entity.EasyNPCBaseEntity from interface de.markusbordihn.easynpc.entity.easynpc.data.NavigationData
[24Nov2024 15:07:28.873] [main/INFO] [Easy NPC/]: - Registering Synched Owner Data for EasyNPCBaseEntity.
[24Nov2024 15:07:28.873] [main/WARN] [net.minecraft.network.syncher.SynchedEntityData/]: defineId called for: class de.markusbordihn.easynpc.entity.EasyNPCBaseEntity from interface de.markusbordihn.easynpc.entity.easynpc.data.OwnerData
[24Nov2024 15:07:28.873] [main/INFO] [Easy NPC/]: - Registering Synched Profession Data for EasyNPCBaseEntity.
[24Nov2024 15:07:28.873] [main/WARN] [net.minecraft.network.syncher.SynchedEntityData/]: defineId called for: class de.markusbordihn.easynpc.entity.EasyNPCBaseEntity from interface de.markusbordihn.easynpc.entity.easynpc.data.ProfessionData
[24Nov2024 15:07:28.873] [main/INFO] [Easy NPC/]: - Registering Synched Render Data for EasyNPCBaseEntity.
[24Nov2024 15:07:28.873] [main/WARN] [net.minecraft.network.syncher.SynchedEntityData/]: defineId called for: class de.markusbordihn.easynpc.entity.EasyNPCBaseEntity from interface de.markusbordihn.easynpc.entity.easynpc.data.RenderData
[24Nov2024 15:07:28.874] [main/INFO] [Easy NPC/]: - Registering Synched Skin Data for EasyNPCBaseEntity.
[24Nov2024 15:07:28.874] [main/WARN] [net.minecraft.network.syncher.SynchedEntityData/]: defineId called for: class de.markusbordihn.easynpc.entity.EasyNPCBaseEntity from interface de.markusbordihn.easynpc.entity.easynpc.data.SkinData
[24Nov2024 15:07:28.874] [main/INFO] [Easy NPC/]: - Registering Synched Sound Data for EasyNPCBaseEntity.
[24Nov2024 15:07:28.874] [main/WARN] [net.minecraft.network.syncher.SynchedEntityData/]: defineId called for: class de.markusbordihn.easynpc.entity.EasyNPCBaseEntity from interface de.markusbordihn.easynpc.entity.easynpc.data.SoundData
[24Nov2024 15:07:28.874] [main/INFO] [Easy NPC/]: - Registering Synched Trading Data for EasyNPCBaseEntity.
[24Nov2024 15:07:28.874] [main/WARN] [net.minecraft.network.syncher.SynchedEntityData/]: defineId called for: class de.markusbordihn.easynpc.entity.EasyNPCBaseEntity from interface de.markusbordihn.easynpc.entity.easynpc.data.TradingData
[24Nov2024 15:07:28.874] [main/WARN] [net.minecraft.network.syncher.SynchedEntityData/]: defineId called for: class de.markusbordihn.easynpc.entity.EasyNPCBaseEntity from interface de.markusbordihn.easynpc.entity.easynpc.data.TradingData
[24Nov2024 15:07:28.874] [main/WARN] [net.minecraft.network.syncher.SynchedEntityData/]: defineId called for: class de.markusbordihn.easynpc.entity.EasyNPCBaseEntity from interface de.markusbordihn.easynpc.entity.easynpc.data.TradingData
[24Nov2024 15:07:28.874] [main/INFO] [Easy NPC/]: - Registering Synched Variant Data for EasyNPCBaseEntity.
[24Nov2024 15:07:28.875] [main/WARN] [net.minecraft.network.syncher.SynchedEntityData/]: defineId called for: class de.markusbordihn.easynpc.entity.EasyNPCBaseEntity from interface de.markusbordihn.easynpc.entity.easynpc.data.VariantData
[24Nov2024 15:07:28.875] [main/INFO] [Easy NPC/]: - Registering Synched Model Data for EasyNPCBaseModelEntity.
[24Nov2024 15:07:28.875] [main/WARN] [net.minecraft.network.syncher.SynchedEntityData/]: defineId called for: class de.markusbordihn.easynpc.entity.EasyNPCBaseModelEntity from interface de.markusbordihn.easynpc.entity.easynpc.data.ModelData
[24Nov2024 15:07:28.875] [main/WARN] [net.minecraft.network.syncher.SynchedEntityData/]: defineId called for: class de.markusbordihn.easynpc.entity.EasyNPCBaseModelEntity from interface de.markusbordihn.easynpc.entity.easynpc.data.ModelData
[24Nov2024 15:07:28.875] [main/WARN] [net.minecraft.network.syncher.SynchedEntityData/]: defineId called for: class de.markusbordihn.easynpc.entity.EasyNPCBaseModelEntity from interface de.markusbordihn.easynpc.entity.easynpc.data.ModelData
[24Nov2024 15:07:28.875] [main/WARN] [net.minecraft.network.syncher.SynchedEntityData/]: defineId called for: class de.markusbordihn.easynpc.entity.EasyNPCBaseModelEntity from interface de.markusbordihn.easynpc.entity.easynpc.data.ModelData
[24Nov2024 15:07:28.876] [main/WARN] [net.minecraft.network.syncher.SynchedEntityData/]: defineId called for: class de.markusbordihn.easynpc.entity.EasyNPCBaseModelEntity from interface de.markusbordihn.easynpc.entity.easynpc.data.ModelData
[24Nov2024 15:07:28.876] [main/WARN] [net.minecraft.network.syncher.SynchedEntityData/]: defineId called for: class de.markusbordihn.easynpc.entity.EasyNPCBaseModelEntity from interface de.markusbordihn.easynpc.entity.easynpc.data.ModelData
[24Nov2024 15:07:28.876] [main/WARN] [net.minecraft.network.syncher.SynchedEntityData/]: defineId called for: class de.markusbordihn.easynpc.entity.EasyNPCBaseModelEntity from interface de.markusbordihn.easynpc.entity.easynpc.data.ModelData
[24Nov2024 15:07:28.876] [main/WARN] [net.minecraft.network.syncher.SynchedEntityData/]: defineId called for: class de.markusbordihn.easynpc.entity.EasyNPCBaseModelEntity from interface de.markusbordihn.easynpc.entity.easynpc.data.ModelData
[24Nov2024 15:07:28.876] [main/WARN] [net.minecraft.network.syncher.SynchedEntityData/]: defineId called for: class de.markusbordihn.easynpc.entity.EasyNPCBaseModelEntity from interface de.markusbordihn.easynpc.entity.easynpc.data.ModelData
[24Nov2024 15:07:28.876] [main/WARN] [net.minecraft.network.syncher.SynchedEntityData/]: defineId called for: class de.markusbordihn.easynpc.entity.EasyNPCBaseModelEntity from interface de.markusbordihn.easynpc.entity.easynpc.data.ModelData
[24Nov2024 15:07:28.876] [main/INFO] [Easy NPC/]: - Registering Synched Model Position Data for EasyNPCBaseModelEntity.
[24Nov2024 15:07:28.876] [main/WARN] [net.minecraft.network.syncher.SynchedEntityData/]: defineId called for: class de.markusbordihn.easynpc.entity.EasyNPCBaseModelEntity from interface de.markusbordihn.easynpc.entity.easynpc.data.ModelPositionData
[24Nov2024 15:07:28.876] [main/WARN] [net.minecraft.network.syncher.SynchedEntityData/]: defineId called for: class de.markusbordihn.easynpc.entity.EasyNPCBaseModelEntity from interface de.markusbordihn.easynpc.entity.easynpc.data.ModelPositionData
[24Nov2024 15:07:28.877] [main/WARN] [net.minecraft.network.syncher.SynchedEntityData/]: defineId called for: class de.markusbordihn.easynpc.entity.EasyNPCBaseModelEntity from interface de.markusbordihn.easynpc.entity.easynpc.data.ModelPositionData
[24Nov2024 15:07:28.877] [main/WARN] [net.minecraft.network.syncher.SynchedEntityData/]: defineId called for: class de.markusbordihn.easynpc.entity.EasyNPCBaseModelEntity from interface de.markusbordihn.easynpc.entity.easynpc.data.ModelPositionData
[24Nov2024 15:07:28.877] [main/WARN] [net.minecraft.network.syncher.SynchedEntityData/]: defineId called for: class de.markusbordihn.easynpc.entity.EasyNPCBaseModelEntity from interface de.markusbordihn.easynpc.entity.easynpc.data.ModelPositionData
[24Nov2024 15:07:28.877] [main/WARN] [net.minecraft.network.syncher.SynchedEntityData/]: defineId called for: class de.markusbordihn.easynpc.entity.EasyNPCBaseModelEntity from interface de.markusbordihn.easynpc.entity.easynpc.data.ModelPositionData
[24Nov2024 15:07:28.877] [main/WARN] [net.minecraft.network.syncher.SynchedEntityData/]: defineId called for: class de.markusbordihn.easynpc.entity.EasyNPCBaseModelEntity from interface de.markusbordihn.easynpc.entity.easynpc.data.ModelPositionData
[24Nov2024 15:07:28.877] [main/INFO] [Easy NPC/]: - Registering Synched Model Rotation Data for EasyNPCBaseModelEntity.
[24Nov2024 15:07:28.877] [main/WARN] [net.minecraft.network.syncher.SynchedEntityData/]: defineId called for: class de.markusbordihn.easynpc.entity.EasyNPCBaseModelEntity from interface de.markusbordihn.easynpc.entity.easynpc.data.ModelRotationData
[24Nov2024 15:07:28.877] [main/WARN] [net.minecraft.network.syncher.SynchedEntityData/]: defineId called for: class de.markusbordihn.easynpc.entity.EasyNPCBaseModelEntity from interface de.markusbordihn.easynpc.entity.easynpc.data.ModelRotationData
[24Nov2024 15:07:28.877] [main/WARN] [net.minecraft.network.syncher.SynchedEntityData/]: defineId called for: class de.markusbordihn.easynpc.entity.EasyNPCBaseModelEntity from interface de.markusbordihn.easynpc.entity.easynpc.data.ModelRotationData
[24Nov2024 15:07:28.878] [main/WARN] [net.minecraft.network.syncher.SynchedEntityData/]: defineId called for: class de.markusbordihn.easynpc.entity.EasyNPCBaseModelEntity from interface de.markusbordihn.easynpc.entity.easynpc.data.ModelRotationData
[24Nov2024 15:07:28.878] [main/WARN] [net.minecraft.network.syncher.SynchedEntityData/]: defineId called for: class de.markusbordihn.easynpc.entity.EasyNPCBaseModelEntity from interface de.markusbordihn.easynpc.entity.easynpc.data.ModelRotationData
[24Nov2024 15:07:28.878] [main/WARN] [net.minecraft.network.syncher.SynchedEntityData/]: defineId called for: class de.markusbordihn.easynpc.entity.EasyNPCBaseModelEntity from interface de.markusbordihn.easynpc.entity.easynpc.data.ModelRotationData
[24Nov2024 15:07:28.878] [main/WARN] [net.minecraft.network.syncher.SynchedEntityData/]: defineId called for: class de.markusbordihn.easynpc.entity.EasyNPCBaseModelEntity from interface de.markusbordihn.easynpc.entity.easynpc.data.ModelRotationData
[24Nov2024 15:07:28.878] [main/WARN] [net.minecraft.network.syncher.SynchedEntityData/]: defineId called for: class de.markusbordihn.easynpc.entity.EasyNPCBaseModelEntity from interface de.markusbordihn.easynpc.entity.easynpc.data.ModelRotationData
[24Nov2024 15:07:28.878] [main/WARN] [net.minecraft.network.syncher.SynchedEntityData/]: defineId called for: class de.markusbordihn.easynpc.entity.EasyNPCBaseModelEntity from interface de.markusbordihn.easynpc.entity.easynpc.data.ModelRotationData
[24Nov2024 15:07:28.878] [main/INFO] [Easy NPC/]: - Registering Synched Model Visibility Data for EasyNPCBaseModelEntity.
[24Nov2024 15:07:28.878] [main/WARN] [net.minecraft.network.syncher.SynchedEntityData/]: defineId called for: class de.markusbordihn.easynpc.entity.EasyNPCBaseModelEntity from interface de.markusbordihn.easynpc.entity.easynpc.data.ModelVisibilityData
[24Nov2024 15:07:28.879] [main/WARN] [net.minecraft.network.syncher.SynchedEntityData/]: defineId called for: class de.markusbordihn.easynpc.entity.EasyNPCBaseModelEntity from interface de.markusbordihn.easynpc.entity.easynpc.data.ModelVisibilityData
[24Nov2024 15:07:28.879] [main/WARN] [net.minecraft.network.syncher.SynchedEntityData/]: defineId called for: class de.markusbordihn.easynpc.entity.EasyNPCBaseModelEntity from interface de.markusbordihn.easynpc.entity.easynpc.data.ModelVisibilityData
[24Nov2024 15:07:28.879] [main/WARN] [net.minecraft.network.syncher.SynchedEntityData/]: defineId called for: class de.markusbordihn.easynpc.entity.EasyNPCBaseModelEntity from interface de.markusbordihn.easynpc.entity.easynpc.data.ModelVisibilityData
[24Nov2024 15:07:28.879] [main/WARN] [net.minecraft.network.syncher.SynchedEntityData/]: defineId called for: class de.markusbordihn.easynpc.entity.EasyNPCBaseModelEntity from interface de.markusbordihn.easynpc.entity.easynpc.data.ModelVisibilityData
[24Nov2024 15:07:28.879] [main/WARN] [net.minecraft.network.syncher.SynchedEntityData/]: defineId called for: class de.markusbordihn.easynpc.entity.EasyNPCBaseModelEntity from interface de.markusbordihn.easynpc.entity.easynpc.data.ModelVisibilityData
[24Nov2024 15:07:28.879] [main/WARN] [net.minecraft.network.syncher.SynchedEntityData/]: defineId called for: class de.markusbordihn.easynpc.entity.EasyNPCBaseModelEntity from interface de.markusbordihn.easynpc.entity.easynpc.data.ModelVisibilityData
[24Nov2024 15:07:28.879] [main/WARN] [net.minecraft.network.syncher.SynchedEntityData/]: defineId called for: class de.markusbordihn.easynpc.entity.EasyNPCBaseModelEntity from interface de.markusbordihn.easynpc.entity.easynpc.data.ModelVisibilityData
[24Nov2024 15:07:28.879] [main/WARN] [net.minecraft.network.syncher.SynchedEntityData/]: defineId called for: class de.markusbordihn.easynpc.entity.EasyNPCBaseModelEntity from interface de.markusbordihn.easynpc.entity.easynpc.data.ModelVisibilityData
[24Nov2024 15:07:28.880] [main/WARN] [net.minecraft.network.syncher.SynchedEntityData/]: defineId called for: class de.markusbordihn.easynpc.entity.EasyNPCBaseModelEntity from interface de.markusbordihn.easynpc.entity.easynpc.data.ModelVisibilityData
[24Nov2024 15:07:28.880] [main/WARN] [net.minecraft.network.syncher.SynchedEntityData/]: defineId called for: class de.markusbordihn.easynpc.entity.EasyNPCBaseModelEntity from interface de.markusbordihn.easynpc.entity.easynpc.data.ModelVisibilityData
[24Nov2024 15:07:28.880] [main/INFO] [Easy NPC/]: - Registering Synched Scale Data for EasyNPCBaseModelEntity.
[24Nov2024 15:07:28.880] [main/WARN] [net.minecraft.network.syncher.SynchedEntityData/]: defineId called for: class de.markusbordihn.easynpc.entity.EasyNPCBaseModelEntity from interface de.markusbordihn.easynpc.entity.easynpc.data.ScaleData
[24Nov2024 15:07:28.880] [main/WARN] [net.minecraft.network.syncher.SynchedEntityData/]: defineId called for: class de.markusbordihn.easynpc.entity.EasyNPCBaseModelEntity from interface de.markusbordihn.easynpc.entity.easynpc.data.ScaleData
[24Nov2024 15:07:28.880] [main/WARN] [net.minecraft.network.syncher.SynchedEntityData/]: defineId called for: class de.markusbordihn.easynpc.entity.EasyNPCBaseModelEntity from interface de.markusbordihn.easynpc.entity.easynpc.data.ScaleData
[24Nov2024 15:07:28.938] [main/WARN] [net.minecraft.network.syncher.SynchedEntityData/]: defineId called for: class forge.net.mca.entity.VillagerEntityMCA from class forge.net.mca.util.network.datasync.CDataParameter
[24Nov2024 15:07:28.939] [main/WARN] [net.minecraft.network.syncher.SynchedEntityData/]: defineId called for: class forge.net.mca.entity.VillagerEntityMCA from class forge.net.mca.util.network.datasync.CDataParameter
[24Nov2024 15:07:28.939] [main/WARN] [net.minecraft.network.syncher.SynchedEntityData/]: defineId called for: class forge.net.mca.entity.VillagerEntityMCA from class forge.net.mca.util.network.datasync.CDataParameter
[24Nov2024 15:07:28.939] [main/WARN] [net.minecraft.network.syncher.SynchedEntityData/]: defineId called for: class forge.net.mca.entity.VillagerEntityMCA from class forge.net.mca.util.network.datasync.CDataParameter
[24Nov2024 15:07:28.939] [main/WARN] [net.minecraft.network.syncher.SynchedEntityData/]: defineId called for: class forge.net.mca.entity.VillagerEntityMCA from class forge.net.mca.util.network.datasync.CDataParameter
[24Nov2024 15:07:28.939] [main/WARN] [net.minecraft.network.syncher.SynchedEntityData/]: defineId called for: class forge.net.mca.entity.VillagerEntityMCA from class forge.net.mca.util.network.datasync.CDataParameter
[24Nov2024 15:07:28.939] [main/WARN] [net.minecraft.network.syncher.SynchedEntityData/]: defineId called for: class forge.net.mca.entity.VillagerEntityMCA from class forge.net.mca.util.network.datasync.CDataParameter
[24Nov2024 15:07:28.939] [main/WARN] [net.minecraft.network.syncher.SynchedEntityData/]: defineId called for: class forge.net.mca.entity.VillagerEntityMCA from class forge.net.mca.util.network.datasync.CEnumParameter
[24Nov2024 15:07:28.941] [main/WARN] [net.minecraft.network.syncher.SynchedEntityData/]: defineId called for: class forge.net.mca.entity.VillagerEntityMCA from class forge.net.mca.util.network.datasync.CDataParameter
[24Nov2024 15:07:28.941] [main/WARN] [net.minecraft.network.syncher.SynchedEntityData/]: defineId called for: class forge.net.mca.entity.VillagerEntityMCA from class forge.net.mca.util.network.datasync.CDataParameter
[24Nov2024 15:07:28.941] [main/WARN] [net.minecraft.network.syncher.SynchedEntityData/]: defineId called for: class forge.net.mca.entity.VillagerEntityMCA from class forge.net.mca.util.network.datasync.CDataParameter
[24Nov2024 15:07:28.941] [main/WARN] [net.minecraft.network.syncher.SynchedEntityData/]: defineId called for: class forge.net.mca.entity.VillagerEntityMCA from class forge.net.mca.util.network.datasync.CDataParameter
[24Nov2024 15:07:28.941] [main/WARN] [net.minecraft.network.syncher.SynchedEntityData/]: defineId called for: class forge.net.mca.entity.VillagerEntityMCA from class forge.net.mca.util.network.datasync.CDataParameter
[24Nov2024 15:07:28.942] [main/WARN] [net.minecraft.network.syncher.SynchedEntityData/]: defineId called for: class forge.net.mca.entity.VillagerEntityMCA from class forge.net.mca.util.network.datasync.CDataParameter
[24Nov2024 15:07:28.942] [main/WARN] [net.minecraft.network.syncher.SynchedEntityData/]: defineId called for: class forge.net.mca.entity.VillagerEntityMCA from class forge.net.mca.util.network.datasync.CDataParameter
[24Nov2024 15:07:28.942] [main/WARN] [net.minecraft.network.syncher.SynchedEntityData/]: defineId called for: class forge.net.mca.entity.VillagerEntityMCA from class forge.net.mca.util.network.datasync.CDataParameter
[24Nov2024 15:07:28.942] [main/WARN] [net.minecraft.network.syncher.SynchedEntityData/]: defineId called for: class forge.net.mca.entity.VillagerEntityMCA from class forge.net.mca.util.network.datasync.CDataParameter
[24Nov2024 15:07:28.942] [main/WARN] [net.minecraft.network.syncher.SynchedEntityData/]: defineId called for: class forge.net.mca.entity.VillagerEntityMCA from class forge.net.mca.util.network.datasync.CDataParameter
[24Nov2024 15:07:28.942] [main/WARN] [net.minecraft.network.syncher.SynchedEntityData/]: defineId called for: class forge.net.mca.entity.VillagerEntityMCA from class forge.net.mca.util.network.datasync.CDataParameter
[24Nov2024 15:07:28.942] [main/WARN] [net.minecraft.network.syncher.SynchedEntityData/]: defineId called for: class forge.net.mca.entity.VillagerEntityMCA from class forge.net.mca.util.network.datasync.CEnumParameter
[24Nov2024 15:07:28.943] [main/WARN] [net.minecraft.network.syncher.SynchedEntityData/]: defineId called for: class forge.net.mca.entity.VillagerEntityMCA from class forge.net.mca.util.network.datasync.CDataParameter
[24Nov2024 15:07:28.946] [main/WARN] [net.minecraft.network.syncher.SynchedEntityData/]: defineId called for: class forge.net.mca.entity.VillagerEntityMCA from class forge.net.mca.util.network.datasync.CDataParameter
[24Nov2024 15:07:28.946] [main/WARN] [net.minecraft.network.syncher.SynchedEntityData/]: defineId called for: class forge.net.mca.entity.VillagerEntityMCA from class forge.net.mca.util.network.datasync.CEnumParameter
[24Nov2024 15:07:28.946] [main/WARN] [net.minecraft.network.syncher.SynchedEntityData/]: defineId called for: class forge.net.mca.entity.VillagerEntityMCA from class forge.net.mca.util.network.datasync.CDataParameter
[24Nov2024 15:07:28.946] [main/WARN] [net.minecraft.network.syncher.SynchedEntityData/]: defineId called for: class forge.net.mca.entity.VillagerEntityMCA from class forge.net.mca.util.network.datasync.CEnumParameter
[24Nov2024 15:07:28.947] [main/WARN] [net.minecraft.network.syncher.SynchedEntityData/]: defineId called for: class forge.net.mca.entity.VillagerEntityMCA from class forge.net.mca.util.network.datasync.CEnumParameter
[24Nov2024 15:07:28.947] [main/WARN] [net.minecraft.network.syncher.SynchedEntityData/]: defineId called for: class forge.net.mca.entity.VillagerEntityMCA from class forge.net.mca.util.network.datasync.CDataParameter
[24Nov2024 15:07:28.947] [main/WARN] [net.minecraft.network.syncher.SynchedEntityData/]: defineId called for: class forge.net.mca.entity.VillagerEntityMCA from class forge.net.mca.util.network.datasync.CDataParameter
[24Nov2024 15:07:28.947] [main/WARN] [net.minecraft.network.syncher.SynchedEntityData/]: defineId called for: class forge.net.mca.entity.VillagerEntityMCA from class forge.net.mca.util.network.datasync.CDataParameter
[24Nov2024 15:07:28.947] [main/WARN] [net.minecraft.network.syncher.SynchedEntityData/]: defineId called for: class forge.net.mca.entity.VillagerEntityMCA from class forge.net.mca.util.network.datasync.CDataParameter
[24Nov2024 15:07:28.947] [main/WARN] [net.minecraft.network.syncher.SynchedEntityData/]: defineId called for: class forge.net.mca.entity.VillagerEntityMCA from class forge.net.mca.util.network.datasync.CDataParameter
[24Nov2024 15:07:28.949] [main/WARN] [net.minecraft.network.syncher.SynchedEntityData/]: defineId called for: class forge.net.mca.entity.VillagerEntityMCA from class forge.net.mca.util.network.datasync.CDataParameter
[24Nov2024 15:07:28.952] [main/WARN] [net.minecraft.network.syncher.SynchedEntityData/]: defineId called for: class forge.net.mca.entity.VillagerEntityMCA from class forge.net.mca.util.network.datasync.CDataParameter
[24Nov2024 15:07:28.953] [main/WARN] [net.minecraft.network.syncher.SynchedEntityData/]: defineId called for: class forge.net.mca.entity.VillagerEntityMCA from class forge.net.mca.util.network.datasync.CDataParameter
[24Nov2024 15:07:28.954] [main/WARN] [net.minecraft.network.syncher.SynchedEntityData/]: defineId called for: class forge.net.mca.entity.VillagerEntityMCA from class forge.net.mca.util.network.datasync.CDataParameter
[24Nov2024 15:07:28.954] [main/WARN] [net.minecraft.network.syncher.SynchedEntityData/]: defineId called for: class forge.net.mca.entity.VillagerEntityMCA from class forge.net.mca.util.network.datasync.CDataParameter
[24Nov2024 15:07:28.954] [main/WARN] [net.minecraft.network.syncher.SynchedEntityData/]: defineId called for: class forge.net.mca.entity.VillagerEntityMCA from class forge.net.mca.util.network.datasync.CDataParameter
[24Nov2024 15:07:28.955] [main/WARN] [net.minecraft.network.syncher.SynchedEntityData/]: defineId called for: class forge.net.mca.entity.GrimReaperEntity from class forge.net.mca.util.network.datasync.CEnumParameter
[24Nov2024 15:07:28.962] [main/WARN] [net.minecraft.network.syncher.SynchedEntityData/]: defineId called for: class com.github.alexmodguy.alexscaves.server.entity.living.TremorzillaEntity from class com.github.alexmodguy.alexscaves.server.entity.living.LicowitchEntity
[24Nov2024 15:07:29.223] [main/INFO] [com.cupboard.Cupboard/]: Loaded config for: connectivity.json
[24Nov2024 15:07:29.232] [main/INFO] [Puzzles Lib/]: Loading common config for mutantmonsters
[24Nov2024 15:07:29.361] [main/INFO] [Spartan Shields/]: Loading config spartanshields-common.toml
[24Nov2024 15:07:29.379] [main/INFO] [zeta/]: 'zeta' is enabling Zeta's piston structure resolver.
[24Nov2024 15:07:29.473] [main/WARN] [net.minecraftforge.common.ForgeConfigSpec/CORE]: Configuration file /workspaces/Proyect-Hopefull/servidor_minecraft/config/legendarycreatures/legendarycreatures-common.toml is not correct. Correcting
[24Nov2024 15:07:29.474] [main/WARN] [net.minecraftforge.common.ForgeConfigSpec/CORE]: Incorrect key MobSpawning.wisp.Wisp Purse Xp Reward Range  was corrected from [30, 30] to its default, [30, 30]. 
[24Nov2024 15:07:29.474] [main/WARN] [net.minecraftforge.common.ForgeConfigSpec/CORE]: Incorrect key MobSpawning.nether_wisp.Nether Wisp Purse Xp Reward Range  was corrected from [80, 80] to its default, [80, 80]. 
[24Nov2024 15:07:29.474] [main/WARN] [net.minecraftforge.common.ForgeConfigSpec/CORE]: Incorrect key MobSpawning.ender_wisp.Ender Wisp Purse Xp Reward Range  was corrected from [240, 240] to its default, [240, 240]. 
[24Nov2024 15:07:29.667] [modloading-worker-0/INFO] [Better Compatibility Checker/]: Better Compatibility Checker setup
[24Nov2024 15:07:29.676] [modloading-worker-0/INFO] [thetadev.constructionwand.ConstructionWand/]: ConstructionWand says hello - may the odds be ever in your favor.
[24Nov2024 15:07:29.678] [modloading-worker-0/WARN] [Exile Log: com.robertx22.library_of_exile.registry.ExileRegistryContainer/]: Entry of type: mmorpg_stat_condition already exists as seriazable: random_roll
[24Nov2024 15:07:29.761] [modloading-worker-0/INFO] [com.logprot.Logprot/]: Shields up!
[24Nov2024 15:07:29.762] [modloading-worker-0/INFO] [voicechat/]: [voicechat] Compatibility version 18
[24Nov2024 15:07:29.844] [modloading-worker-0/INFO] [voicechat/]: [voicechat] Loading plugins
[24Nov2024 15:07:29.865] [modloading-worker-0/INFO] [voicechat/]: [voicechat] Loaded 1 plugin(s)
[24Nov2024 15:07:29.866] [modloading-worker-0/INFO] [voicechat/]: [voicechat] Initializing plugins
[24Nov2024 15:07:29.881] [modloading-worker-0/INFO] [voicechat/]: [voicechat] Initialized 1 plugin(s)
[24Nov2024 15:07:29.887] [modloading-worker-0/INFO] [voicechat/]: [voicechat] Registering events for 'simpleradio'
[24Nov2024 15:07:29.919] [modloading-worker-0/INFO] [Achievements Optimizer/]: Enabling Achievement Optimizer
[24Nov2024 15:07:29.921] [Thread-1/INFO] [ModernFix/]: Please use /mfsrc to reload any changed mod config files
[24Nov2024 15:07:29.968] [modloading-worker-0/INFO] [Spartan Shields/]: Setting up Spartan Shields!
[24Nov2024 15:07:29.980] [modloading-worker-0/INFO] [com.jaquadro.minecraft.storagedrawers.StorageDrawers/]: New compacting rule 4 clay_ball = 1 clay
[24Nov2024 15:07:29.980] [modloading-worker-0/INFO] [com.jaquadro.minecraft.storagedrawers.StorageDrawers/]: New compacting rule 4 snowball = 1 snow_block
[24Nov2024 15:07:29.981] [modloading-worker-0/INFO] [com.jaquadro.minecraft.storagedrawers.StorageDrawers/]: New compacting rule 4 glowstone_dust = 1 glowstone
[24Nov2024 15:07:29.981] [modloading-worker-0/INFO] [com.jaquadro.minecraft.storagedrawers.StorageDrawers/]: New compacting rule 4 brick = 1 bricks
[24Nov2024 15:07:29.981] [modloading-worker-0/INFO] [com.jaquadro.minecraft.storagedrawers.StorageDrawers/]: New compacting rule 4 nether_brick = 1 nether_bricks
[24Nov2024 15:07:29.981] [modloading-worker-0/INFO] [com.jaquadro.minecraft.storagedrawers.StorageDrawers/]: New compacting rule 9 nether_wart = 1 nether_wart_block
[24Nov2024 15:07:29.982] [modloading-worker-0/INFO] [com.jaquadro.minecraft.storagedrawers.StorageDrawers/]: New compacting rule 4 quartz = 1 quartz_block
[24Nov2024 15:07:29.982] [modloading-worker-0/INFO] [com.jaquadro.minecraft.storagedrawers.StorageDrawers/]: New compacting rule 9 melon_slice = 1 melon
[24Nov2024 15:07:29.982] [modloading-worker-0/INFO] [com.jaquadro.minecraft.storagedrawers.StorageDrawers/]: New compacting rule 4 sand = 1 sandstone
[24Nov2024 15:07:29.982] [modloading-worker-0/INFO] [com.jaquadro.minecraft.storagedrawers.StorageDrawers/]: New compacting rule 4 red_sand = 1 red_sandstone
[24Nov2024 15:07:30.005] [modloading-worker-0/INFO] [com.jaquadro.minecraft.storagedrawers.StorageDrawers/]: New compacting rule 4 clay_ball = 1 clay
[24Nov2024 15:07:30.012] [modloading-worker-0/INFO] [corgitaco.enhancedcelestials.EnhancedCelestials/]: Initialized enhancedcelestials network!
[24Nov2024 15:07:30.014] [modloading-worker-0/INFO] [CorgiLib/]: Initializing network...
[24Nov2024 15:07:30.018] [modloading-worker-0/INFO] [CorgiLib/]: Initialized network!
[24Nov2024 15:07:30.092] [Forge Version Check/INFO] [net.minecraftforge.fml.VersionChecker/]: [hordes] Starting version check at https://raw.githubusercontent.com/SmileycorpMC/The-Hordes/1.20/update.json
[24Nov2024 15:07:30.135] [modloading-worker-0/INFO] [incontrol/]: Enabling support for Game Stages
[24Nov2024 15:07:30.149] [modloading-worker-0/INFO] [com.connectivity.Connectivity/]: Connectivity initialized
[24Nov2024 15:07:30.150] [modloading-worker-0/INFO] [dynamiclights/]: [Dynamic Lights] Loaded Dynamic Lights by Tschipcraft successfully!
[24Nov2024 15:07:30.150] [Forge Version Check/INFO] [net.minecraftforge.fml.VersionChecker/]: [hordes] Found status: UP_TO_DATE Current: 1.5.4 Target: null
[24Nov2024 15:07:30.153] [Forge Version Check/INFO] [net.minecraftforge.fml.VersionChecker/]: [corpse] Starting version check at https://update.maxhenkel.de/forge/corpse
[24Nov2024 15:07:30.399] [modloading-worker-0/INFO] [Spartan Weaponry/]: Setting up Spartan Weaponry!
[24Nov2024 15:07:30.433] [modloading-worker-0/INFO] [dev.architectury.networking.forge.NetworkManagerImpl/]: Registering C2S receiver with id skin_changer:mbechannel/c6416779da663f62836ae72f0509aa3e
[24Nov2024 15:07:30.435] [modloading-worker-0/INFO] [dev.architectury.networking.forge.NetworkManagerImpl/]: Registering C2S receiver with id skin_changer:mbechannel/8489ea5ae87e3a6199b65ea21ca8f8c8
[24Nov2024 15:07:30.440] [modloading-worker-0/INFO] [FTB Library/]: Setting game stages provider implementation to: KubeJS Stages
[24Nov2024 15:07:30.440] [modloading-worker-0/INFO] [FTB XMod Compat/]: Chose [KubeJS Stages] as the active game stages implementation
[24Nov2024 15:07:30.443] [modloading-worker-0/INFO] [FTB XMod Compat/]: Chose [FALLBACK] as the active permissions implementation
[24Nov2024 15:07:30.444] [modloading-worker-0/INFO] [FTB XMod Compat/]: [FTB Quests] recipe helper provider is [JEI]
[24Nov2024 15:07:30.446] [modloading-worker-0/INFO] [FTB XMod Compat/]: [FTB Quests] Enabled FTB Filter System integration
[24Nov2024 15:07:30.454] [modloading-worker-0/INFO] [FTB XMod Compat/]: [FTB Chunks] Enabled Waystones integration
[24Nov2024 15:07:30.459] [modloading-worker-0/INFO] [FTB Quests Optimizer/]: Enabling FTB Quests Optimizer
[24Nov2024 15:07:30.673] [modloading-worker-0/INFO] [com.sk89q.worldedit.extension.platform.PlatformManager/]: Got request to register class com.sk89q.worldedit.forge.ForgePlatform with WorldEdit [com.sk89q.worldedit.extension.platform.PlatformManager@2be50012]
[24Nov2024 15:07:30.679] [modloading-worker-0/INFO] [com.sk89q.worldedit.forge.ForgeWorldEdit/]: WorldEdit for Forge (version 7.2.15+6463-5ca4dff) is loaded
[24Nov2024 15:07:30.728] [main/INFO] [ribbits/]: Registering Ribbit umbrella types...
[24Nov2024 15:07:30.728] [main/INFO] [ribbits/]: Registering Ribbit professions...
[24Nov2024 15:07:30.729] [main/INFO] [ribbits/]: Registering Ribbit instruments...
[24Nov2024 15:07:30.730] [main/INFO] [ribbits/]: Registering Ribbit data serializers...
[24Nov2024 15:07:30.757] [main/INFO] [dev.architectury.networking.forge.NetworkManagerImpl/]: Registering C2S receiver with id questsadditions:submit_structure
[24Nov2024 15:07:30.860] [main/WARN] [net.mehvahdjukaar.smarterfarmers.SmarterFarmers/]: Failed to add custom foods to villagers
[24Nov2024 15:07:30.861] [main/INFO] [io.github.lightman314.lightmanscurrency.LightmansCurrency/]: Reloading config/lightmanscurrency-common.lcconfig
[24Nov2024 15:07:30.880] [main/INFO] [io.github.lightman314.lightmanscurrency.LightmansCurrency/]: ATM Icon Type 'lightmanscurrency:item' has been registered successfully.
[24Nov2024 15:07:30.880] [main/INFO] [io.github.lightman314.lightmanscurrency.LightmansCurrency/]: ATM Icon Type 'lightmanscurrency:small_arrow' has been registered successfully.
[24Nov2024 15:07:30.881] [main/INFO] [io.github.lightman314.lightmanscurrency.LightmansCurrency/]: ATM Icon Type 'lightmanscurrency:sprite' has been registered successfully.
[24Nov2024 15:07:30.928] [main/INFO] [io.github.lightman314.lightmanscurrency.LightmansCurrency/]: Registered TraderType lightmanscurrency:item_trader
[24Nov2024 15:07:30.929] [main/INFO] [io.github.lightman314.lightmanscurrency.LightmansCurrency/]: Registered TraderType lightmanscurrency:item_trader_armor
[24Nov2024 15:07:30.930] [main/INFO] [io.github.lightman314.lightmanscurrency.LightmansCurrency/]: Registered TraderType lightmanscurrency:item_trader_ticket
[24Nov2024 15:07:30.930] [main/INFO] [io.github.lightman314.lightmanscurrency.LightmansCurrency/]: Registered TraderType lightmanscurrency:item_trader_book
[24Nov2024 15:07:30.932] [main/INFO] [io.github.lightman314.lightmanscurrency.LightmansCurrency/]: Registered TraderType lightmanscurrency:slot_machine_trader
[24Nov2024 15:07:30.933] [main/INFO] [io.github.lightman314.lightmanscurrency.LightmansCurrency/]: Registered TraderType lightmanscurrency:paygate
[24Nov2024 15:07:30.940] [main/INFO] [io.github.lightman314.lightmanscurrency.LightmansCurrency/]: Registered TraderType lightmanscurrency:auction_house
[24Nov2024 15:07:30.942] [main/INFO] [io.github.lightman314.lightmanscurrency.LightmansCurrency/]: Registered TradeRuleType lightmanscurrency:player_list
[24Nov2024 15:07:30.942] [main/INFO] [io.github.lightman314.lightmanscurrency.LightmansCurrency/]: Registered TradeRuleType lightmanscurrency:player_trade_limit
[24Nov2024 15:07:30.942] [main/INFO] [io.github.lightman314.lightmanscurrency.LightmansCurrency/]: Registered TradeRuleType lightmanscurrency:discount_list
[24Nov2024 15:07:30.942] [main/INFO] [io.github.lightman314.lightmanscurrency.LightmansCurrency/]: Registered TradeRuleType lightmanscurrency:timed_sale
[24Nov2024 15:07:30.942] [main/INFO] [io.github.lightman314.lightmanscurrency.LightmansCurrency/]: Registered TradeRuleType lightmanscurrency:trade_limit
[24Nov2024 15:07:30.942] [main/INFO] [io.github.lightman314.lightmanscurrency.LightmansCurrency/]: Registered TradeRuleType lightmanscurrency:free_sample
[24Nov2024 15:07:30.942] [main/INFO] [io.github.lightman314.lightmanscurrency.LightmansCurrency/]: Registered TradeRuleType lightmanscurrency:price_fluctuation
[24Nov2024 15:07:30.942] [main/INFO] [io.github.lightman314.lightmanscurrency.LightmansCurrency/]: Registered TradeRuleType lightmanscurrency:demand_pricing
[24Nov2024 15:07:30.943] [main/INFO] [io.github.lightman314.lightmanscurrency.LightmansCurrency/]: Registered NotificationType lightmanscurrency:item_trade
[24Nov2024 15:07:30.943] [main/INFO] [io.github.lightman314.lightmanscurrency.LightmansCurrency/]: Registered NotificationType lightmanscurrency:paygate_trade
[24Nov2024 15:07:30.943] [main/INFO] [io.github.lightman314.lightmanscurrency.LightmansCurrency/]: Registered NotificationType lightmanscurrency:slot_machine_trade
[24Nov2024 15:07:30.944] [main/INFO] [io.github.lightman314.lightmanscurrency.LightmansCurrency/]: Registered NotificationType lightmanscurrency:out_of_stock
[24Nov2024 15:07:30.944] [main/INFO] [io.github.lightman314.lightmanscurrency.LightmansCurrency/]: Registered NotificationType lightmanscurrency:bank_low_balance
[24Nov2024 15:07:30.944] [main/INFO] [io.github.lightman314.lightmanscurrency.LightmansCurrency/]: Registered NotificationType lightmanscurrency:auction_house_seller
[24Nov2024 15:07:30.944] [main/INFO] [io.github.lightman314.lightmanscurrency.LightmansCurrency/]: Registered NotificationType lightmanscurrency:auction_house_buyer
[24Nov2024 15:07:30.944] [main/INFO] [io.github.lightman314.lightmanscurrency.LightmansCurrency/]: Registered NotificationType lightmanscurrency:auction_house_seller_nobid
[24Nov2024 15:07:30.944] [main/INFO] [io.github.lightman314.lightmanscurrency.LightmansCurrency/]: Registered NotificationType lightmanscurrency:auction_house_outbid
[24Nov2024 15:07:30.944] [main/INFO] [io.github.lightman314.lightmanscurrency.LightmansCurrency/]: Registered NotificationType lightmanscurrency:auction_house_canceled
[24Nov2024 15:07:30.945] [main/INFO] [io.github.lightman314.lightmanscurrency.LightmansCurrency/]: Registered NotificationType lightmanscurrency:text
[24Nov2024 15:07:30.945] [main/INFO] [io.github.lightman314.lightmanscurrency.LightmansCurrency/]: Registered NotificationType lightmanscurrency:add_remove_ally
[24Nov2024 15:07:30.945] [main/INFO] [io.github.lightman314.lightmanscurrency.LightmansCurrency/]: Registered NotificationType lightmanscurrency:add_remove_trade
[24Nov2024 15:07:30.945] [main/INFO] [io.github.lightman314.lightmanscurrency.LightmansCurrency/]: Registered NotificationType lightmanscurrency:change_ally_permissions
[24Nov2024 15:07:30.945] [main/INFO] [io.github.lightman314.lightmanscurrency.LightmansCurrency/]: Registered NotificationType lightmanscurrency:change_creative
[24Nov2024 15:07:30.945] [main/INFO] [io.github.lightman314.lightmanscurrency.LightmansCurrency/]: Registered NotificationType lightmanscurrency:changed_name
[24Nov2024 15:07:30.945] [main/INFO] [io.github.lightman314.lightmanscurrency.LightmansCurrency/]: Registered NotificationType lightmanscurrency:change_ownership
[24Nov2024 15:07:30.945] [main/INFO] [io.github.lightman314.lightmanscurrency.LightmansCurrency/]: Registered NotificationType lightmanscurrency:change_settings_simple
[24Nov2024 15:07:30.945] [main/INFO] [io.github.lightman314.lightmanscurrency.LightmansCurrency/]: Registered NotificationType lightmanscurrency:change_settings_advanced
[24Nov2024 15:07:30.947] [main/INFO] [io.github.lightman314.lightmanscurrency.LightmansCurrency/]: Registered NotificationType lightmanscurrency:bank_deposit_player
[24Nov2024 15:07:30.947] [main/INFO] [io.github.lightman314.lightmanscurrency.LightmansCurrency/]: Registered NotificationType lightmanscurrency:bank_deposit_trader
[24Nov2024 15:07:30.947] [main/INFO] [io.github.lightman314.lightmanscurrency.LightmansCurrency/]: Registered NotificationType lightmanscurrency:bank_deposit_server
[24Nov2024 15:07:30.947] [main/INFO] [io.github.lightman314.lightmanscurrency.LightmansCurrency/]: Registered NotificationType lightmanscurrency:bank_transfer
[24Nov2024 15:07:30.947] [main/INFO] [io.github.lightman314.lightmanscurrency.LightmansCurrency/]: Registered NotificationType lightmanscurrency:bank_interest
[24Nov2024 15:07:30.947] [main/INFO] [io.github.lightman314.lightmanscurrency.LightmansCurrency/]: Registered NotificationType lightmanscurrency:taxes_collected
[24Nov2024 15:07:30.947] [main/INFO] [io.github.lightman314.lightmanscurrency.LightmansCurrency/]: Registered NotificationType lightmanscurrency:taxes_paid
[24Nov2024 15:07:30.947] [main/INFO] [io.github.lightman314.lightmanscurrency.LightmansCurrency/]: Registered NotificationType lightmanscurrency:block_ejected
[24Nov2024 15:07:30.948] [main/INFO] [io.github.lightman314.lightmanscurrency.LightmansCurrency/]: Registered NotificationCategoryType lightmanscurrency:general
[24Nov2024 15:07:30.948] [main/INFO] [io.github.lightman314.lightmanscurrency.LightmansCurrency/]: Registered NotificationCategoryType lightmanscurrency:null
[24Nov2024 15:07:30.949] [main/INFO] [io.github.lightman314.lightmanscurrency.LightmansCurrency/]: Registered NotificationCategoryType lightmanscurrency:trader
[24Nov2024 15:07:30.949] [main/INFO] [io.github.lightman314.lightmanscurrency.LightmansCurrency/]: Registered NotificationCategoryType lightmanscurrency:bank
[24Nov2024 15:07:30.949] [main/INFO] [io.github.lightman314.lightmanscurrency.LightmansCurrency/]: Registered NotificationCategoryType lightmanscurrency:auction_house
[24Nov2024 15:07:30.949] [main/INFO] [io.github.lightman314.lightmanscurrency.LightmansCurrency/]: Registered NotificationCategoryType lightmanscurrency:tax_entry
[24Nov2024 15:07:30.962] [main/INFO] [io.github.lightman314.lightmanscurrency.LightmansCurrency/]: Registered Item Listing serializer 'lightmanscurrency:simple'
[24Nov2024 15:07:30.963] [main/INFO] [io.github.lightman314.lightmanscurrency.LightmansCurrency/]: Registered Item Listing serializer 'lightmanscurrency:random_selection'
[24Nov2024 15:07:30.964] [main/INFO] [io.github.lightman314.lightmanscurrency.LightmansCurrency/]: Registered Item Listing serializer 'lightmanscurrency:enchanted_item_for_coins'
[24Nov2024 15:07:30.965] [main/INFO] [io.github.lightman314.lightmanscurrency.LightmansCurrency/]: Registered Item Listing serializer 'lightmanscurrency:enchanted_book_for_coins'
[24Nov2024 15:07:30.966] [main/INFO] [io.github.lightman314.lightmanscurrency.LightmansCurrency/]: Registered Item Listing serializer 'lightmanscurrency:items_for_map'
[24Nov2024 15:07:31.003] [main/INFO] [Easy NPC/]: 🗣 Register Easy NPC Network Handler for net.minecraftforge.network.simple.SimpleChannel@4b7c7cde with version 23
[24Nov2024 15:07:31.005] [main/INFO] [Easy NPC/]: 🗣 Register Easy NPC Network Handler ...
[24Nov2024 15:07:31.005] [main/INFO] [Easy NPC/]: Registering network messages for BOTH side ...
[24Nov2024 15:07:31.006] [main/INFO] [Easy NPC/]: [NetworkHandler] Registering client network message ExportClientPresetMessage with easy_npc:preset_export_client (0)
[24Nov2024 15:07:31.007] [main/INFO] [Easy NPC/]: [NetworkHandler] Registering client network message OpenMenuCallbackMessage with easy_npc:open_menu_callback_message (1)
[24Nov2024 15:07:31.007] [main/INFO] [Easy NPC/]: [NetworkHandler] Registering client network message SyncDataMessage with easy_npc:sync_data (2)
[24Nov2024 15:07:31.008] [main/INFO] [Easy NPC/]: [NetworkHandler] Registering server network message AddOrUpdateObjectiveMessage with easy_npc:add_objective (3)
[24Nov2024 15:07:31.009] [main/INFO] [Easy NPC/]: [NetworkHandler] Registering server network message ChangeActionEventMessage with easy_npc:change_action_event (4)
[24Nov2024 15:07:31.010] [main/INFO] [Easy NPC/]: [NetworkHandler] Registering server network message ChangeAdvancedTradingMessage with easy_npc:change_advanced_trading (5)
[24Nov2024 15:07:31.010] [main/INFO] [Easy NPC/]: [NetworkHandler] Registering server network message ChangeBasicTradingMessage with easy_npc:change_basic_trading (6)
[24Nov2024 15:07:31.012] [main/INFO] [Easy NPC/]: [NetworkHandler] Registering server network message ChangeCombatAttributeMessage with easy_npc:change_combat_attribute (7)
[24Nov2024 15:07:31.013] [main/INFO] [Easy NPC/]: [NetworkHandler] Registering server network message ChangeDisplayAttributeMessage with easy_npc:change_display_attribute (8)
[24Nov2024 15:07:31.013] [main/INFO] [Easy NPC/]: [NetworkHandler] Registering server network message ChangeEntityAttributeMessage with easy_npc:change_entity_attribute (9)
[24Nov2024 15:07:31.014] [main/INFO] [Easy NPC/]: [NetworkHandler] Registering server network message ChangeEntityBaseAttributeMessage with easy_npc:change_entity_base_attribute (10)
[24Nov2024 15:07:31.015] [main/INFO] [Easy NPC/]: [NetworkHandler] Registering server network message ChangeEnvironmentalAttributeMessage with easy_npc:change_environmental_attribute (11)
[24Nov2024 15:07:31.016] [main/INFO] [Easy NPC/]: [NetworkHandler] Registering server network message ChangeInteractionAttributeMessage with easy_npc:change_interaction_attribute (12)
[24Nov2024 15:07:31.017] [main/INFO] [Easy NPC/]: [NetworkHandler] Registering server network message ChangeModelEquipmentVisibilityMessage with easy_npc:change_model_equipment_visibility (13)
[24Nov2024 15:07:31.017] [main/INFO] [Easy NPC/]: [NetworkHandler] Registering server network message ChangeModelLockRotationMessage with easy_npc:change_model_lock_rotation (14)
[24Nov2024 15:07:31.018] [main/INFO] [Easy NPC/]: [NetworkHandler] Registering server network message ChangeModelPoseMessage with easy_npc:change_model_pose (15)
[24Nov2024 15:07:31.019] [main/INFO] [Easy NPC/]: [NetworkHandler] Registering server network message ChangeModelPositionMessage with easy_npc:change_model_position (16)
[24Nov2024 15:07:31.019] [main/INFO] [Easy NPC/]: [NetworkHandler] Registering server network message ChangeModelRotationMessage with easy_npc:change_model_rotation (17)
[24Nov2024 15:07:31.020] [main/INFO] [Easy NPC/]: [NetworkHandler] Registering server network message ChangeModelVisibilityMessage with easy_npc:change_model_visibility (18)
[24Nov2024 15:07:31.021] [main/INFO] [Easy NPC/]: [NetworkHandler] Registering server network message ChangeMovementAttributeMessage with easy_npc:change_movement_attribute (19)
[24Nov2024 15:07:31.021] [main/INFO] [Easy NPC/]: [NetworkHandler] Registering server network message ChangeNameMessage with easy_npc:change_name (20)
[24Nov2024 15:07:31.022] [main/INFO] [Easy NPC/]: [NetworkHandler] Registering server network message ChangePoseMessage with easy_npc:change_pose (21)
[24Nov2024 15:07:31.022] [main/INFO] [Easy NPC/]: [NetworkHandler] Registering server network message ChangePositionMessage with easy_npc:change_position (22)
[24Nov2024 15:07:31.023] [main/INFO] [Easy NPC/]: [NetworkHandler] Registering server network message ChangeProfessionMessage with easy_npc:change_profession (23)
[24Nov2024 15:07:31.024] [main/INFO] [Easy NPC/]: [NetworkHandler] Registering server network message ChangeRendererMessage with easy_npc:change_renderer (24)
[24Nov2024 15:07:31.025] [main/INFO] [Easy NPC/]: [NetworkHandler] Registering server network message ChangeScaleMessage with easy_npc:change_scale (25)
[24Nov2024 15:07:31.026] [main/INFO] [Easy NPC/]: [NetworkHandler] Registering server network message ChangeSkinMessage with easy_npc:change_skin (26)
[24Nov2024 15:07:31.027] [main/INFO] [Easy NPC/]: [NetworkHandler] Registering server network message ChangeSpawnerSettingMessage with easy_npc:change_spawner_settings (27)
[24Nov2024 15:07:31.027] [main/INFO] [Easy NPC/]: [NetworkHandler] Registering server network message ChangeTradingTypeMessage with easy_npc:change_trading_type (28)
[24Nov2024 15:07:31.028] [main/INFO] [Easy NPC/]: [NetworkHandler] Registering server network message ExecuteActionEventMessage with easy_npc:trigger_action_event (29)
[24Nov2024 15:07:31.029] [main/INFO] [Easy NPC/]: [NetworkHandler] Registering server network message ExecuteDialogButtonActionMessage with easy_npc:dialog_button_action (30)
[24Nov2024 15:07:31.029] [main/INFO] [Easy NPC/]: [NetworkHandler] Registering server network message ExportPresetMessage with easy_npc:export_preset (31)
[24Nov2024 15:07:31.030] [main/INFO] [Easy NPC/]: [NetworkHandler] Registering server network message ExportWorldPresetMessage with easy_npc:export_world_preset (32)
[24Nov2024 15:07:31.031] [main/INFO] [Easy NPC/]: [NetworkHandler] Registering server network message ImportPresetMessage with easy_npc:import_preset (33)
[24Nov2024 15:07:31.031] [main/INFO] [Easy NPC/]: [NetworkHandler] Registering server network message OpenActionDataEditorMessage with easy_npc:open_action_data_editor (34)
[24Nov2024 15:07:31.032] [main/INFO] [Easy NPC/]: [NetworkHandler] Registering server network message OpenActionDataEntryEditorMessage with easy_npc:open_action_data_entry_editor (35)
[24Nov2024 15:07:31.032] [main/INFO] [Easy NPC/]: [NetworkHandler] Registering server network message OpenConfigurationMessage with easy_npc:open_configuration_screen (36)
[24Nov2024 15:07:31.033] [main/INFO] [Easy NPC/]: [NetworkHandler] Registering server network message OpenDialogButtonEditorMessage with easy_npc:open_dialog_button_editor (37)
[24Nov2024 15:07:31.034] [main/INFO] [Easy NPC/]: [NetworkHandler] Registering server network message OpenDialogEditorMessage with easy_npc:open_dialog_editor (38)
[24Nov2024 15:07:31.034] [main/INFO] [Easy NPC/]: [NetworkHandler] Registering server network message OpenMenuMessage with easy_npc:open_menu_message (39)
[24Nov2024 15:07:31.035] [main/INFO] [Easy NPC/]: [NetworkHandler] Registering server network message OpenDialogTextEditorMessage with easy_npc:open_dialog_text_editor (40)
[24Nov2024 15:07:31.036] [main/INFO] [Easy NPC/]: [NetworkHandler] Registering server network message RemoveDialogButtonMessage with easy_npc:remove_dialog_button (41)
[24Nov2024 15:07:31.036] [main/INFO] [Easy NPC/]: [NetworkHandler] Registering server network message RemoveDialogMessage with easy_npc:remove_dialog (42)
[24Nov2024 15:07:31.037] [main/INFO] [Easy NPC/]: [NetworkHandler] Registering server network message RemoveNPCMessage with easy_npc:remove_npc (43)
[24Nov2024 15:07:31.037] [main/INFO] [Easy NPC/]: [NetworkHandler] Registering server network message RemoveObjectiveMessage with easy_npc:remove_objective (44)
[24Nov2024 15:07:31.038] [main/INFO] [Easy NPC/]: [NetworkHandler] Registering server network message RequestDataSyncMessage with easy_npc:request_data_sync (45)
[24Nov2024 15:07:31.039] [main/INFO] [Easy NPC/]: [NetworkHandler] Registering server network message RespawnNPCMessage with easy_npc:respawn_npc (46)
[24Nov2024 15:07:31.039] [main/INFO] [Easy NPC/]: [NetworkHandler] Registering server network message SaveDialogButtonMessage with easy_npc:save_dialog_button (47)
[24Nov2024 15:07:31.040] [main/INFO] [Easy NPC/]: [NetworkHandler] Registering server network message SaveDialogMessage with easy_npc:save_dialog (48)
[24Nov2024 15:07:31.040] [main/INFO] [Easy NPC/]: [NetworkHandler] Registering server network message SaveDialogSetMessage with easy_npc:save_dialog_set (49)
[24Nov2024 15:07:31.132] [main/INFO] [Framework/SYNCED_ENTITY_DATA]: Registered synced data key refurbished_furniture:lock_yaw for refurbished_furniture:seat
[24Nov2024 15:07:31.317] [main/INFO] [Moonlight/]: Initialized color sets in 131ms
[24Nov2024 15:07:31.333] [main/INFO] [terrablender/]: Registered region minecraft:overworld to index 0 for type OVERWORLD
[24Nov2024 15:07:31.333] [main/INFO] [terrablender/]: Registered region minecraft:nether to index 0 for type NETHER
[24Nov2024 15:07:31.333] [main/INFO] [terrablender/]: Registered region quark:biome_provider to index 1 for type OVERWORLD
[24Nov2024 15:07:31.373] [main/INFO] [Supplementaries/]: Finished mod setup in: [15, 4, 0, 1, 0, 0, 8, 8, 1] ms
[24Nov2024 15:07:31.710] [Forge Version Check/INFO] [net.minecraftforge.fml.VersionChecker/]: [corpse] Found status: AHEAD Current: 1.20.1-1.0.17 Target: null
[24Nov2024 15:07:31.710] [Forge Version Check/INFO] [net.minecraftforge.fml.VersionChecker/]: [gamestages] Starting version check at https://updates.blamejared.com/get?n=gamestages&gv=1.20.1
[24Nov2024 15:07:31.773] [modloading-worker-0/INFO] [Lexiconfig/]: Cataloging lexicon com.codinglitch.simpleradio.SimpleRadioServerConfig@267aa09d!
[24Nov2024 15:07:31.777] [modloading-worker-0/INFO] [AttributeFix/]: Loaded values for 50 compatible attributes.
[24Nov2024 15:07:31.784] [modloading-worker-0/INFO] [AttributeFix/]: Loaded 50 values from config.
[24Nov2024 15:07:31.794] [modloading-worker-0/INFO] [Lexiconfig/]: Lexiconfig cataloging completed!
[24Nov2024 15:07:31.797] [modloading-worker-0/INFO] [AttributeFix/]: Saving config file. 50 entries.
[24Nov2024 15:07:31.798] [modloading-worker-0/INFO] [AttributeFix/]: Applying changes for 50 attributes.
[24Nov2024 15:07:32.054] [Forge Version Check/INFO] [net.minecraftforge.fml.VersionChecker/]: [gamestages] Found status: BETA Current: 15.0.2 Target: 15.0.2
[24Nov2024 15:07:32.054] [Forge Version Check/INFO] [net.minecraftforge.fml.VersionChecker/]: [atlaslib] Starting version check at https://raw.githubusercontent.com/SmileycorpMC/Atlas-Lib/1.20/update.json
[24Nov2024 15:07:32.065] [Forge Version Check/INFO] [net.minecraftforge.fml.VersionChecker/]: [atlaslib] Found status: UP_TO_DATE Current: 1.1.12 Target: null
[24Nov2024 15:07:32.065] [Forge Version Check/INFO] [net.minecraftforge.fml.VersionChecker/]: [mcwroofs] Starting version check at https://raw.githubusercontent.com/sketchmacaw/macawsmods/master/roofs.json
[24Nov2024 15:07:32.074] [Forge Version Check/INFO] [net.minecraftforge.fml.VersionChecker/]: [mcwroofs] Found status: UP_TO_DATE Current: 2.3.1 Target: null
[24Nov2024 15:07:32.074] [Forge Version Check/INFO] [net.minecraftforge.fml.VersionChecker/]: [mcwlights] Starting version check at https://raw.githubusercontent.com/sketchmacaw/macawsmods/master/lights.json
[24Nov2024 15:07:32.086] [Forge Version Check/INFO] [net.minecraftforge.fml.VersionChecker/]: [mcwlights] Found status: UP_TO_DATE Current: 1.1.0 Target: null
[24Nov2024 15:07:32.086] [Forge Version Check/INFO] [net.minecraftforge.fml.VersionChecker/]: [mutantmonsters] Starting version check at https://raw.githubusercontent.com/Fuzss/modresources/main/update/mutantmonsters.json
[24Nov2024 15:07:32.096] [Forge Version Check/INFO] [net.minecraftforge.fml.VersionChecker/]: [mutantmonsters] Found status: UP_TO_DATE Current: 8.0.7 Target: null
[24Nov2024 15:07:32.096] [Forge Version Check/INFO] [net.minecraftforge.fml.VersionChecker/]: [visualworkbench] Starting version check at https://raw.githubusercontent.com/Fuzss/modresources/main/update/visualworkbench.json
[24Nov2024 15:07:32.105] [Forge Version Check/INFO] [net.minecraftforge.fml.VersionChecker/]: [visualworkbench] Found status: UP_TO_DATE Current: 8.0.0 Target: null
[24Nov2024 15:07:32.105] [Forge Version Check/INFO] [net.minecraftforge.fml.VersionChecker/]: [attributefix] Starting version check at https://updates.blamejared.com/get?n=attributefix&gv=1.20.1
[24Nov2024 15:07:32.207] [Forge Version Check/INFO] [net.minecraftforge.fml.VersionChecker/]: [attributefix] Found status: BETA Current: 21.0.4 Target: 21.0.4
[24Nov2024 15:07:32.207] [Forge Version Check/INFO] [net.minecraftforge.fml.VersionChecker/]: [goblintraders] Starting version check at https://mrcrayfish.com/modupdatejson?id=goblintraders
[24Nov2024 15:07:32.706] [Forge Version Check/INFO] [net.minecraftforge.fml.VersionChecker/]: [goblintraders] Found status: BETA Current: 1.9.3 Target: 1.9.3
[24Nov2024 15:07:32.706] [Forge Version Check/INFO] [net.minecraftforge.fml.VersionChecker/]: [botanypots] Starting version check at https://updates.blamejared.com/get?n=botanypots&gv=1.20.1
[24Nov2024 15:07:32.809] [Forge Version Check/INFO] [net.minecraftforge.fml.VersionChecker/]: [botanypots] Found status: BETA Current: 13.0.39 Target: 13.0.39
[24Nov2024 15:07:32.809] [Forge Version Check/INFO] [net.minecraftforge.fml.VersionChecker/]: [crafttweaker] Starting version check at https://updates.blamejared.com/get?n=crafttweaker&gv=1.20.1
[24Nov2024 15:07:32.890] [main/INFO] [com.mojang.authlib.yggdrasil.YggdrasilAuthenticationService/]: Environment: authHost='https://authserver.mojang.com', accountsHost='https://api.mojang.com', sessionHost='https://sessionserver.mojang.com', servicesHost='https://api.minecraftservices.com', name='PROD'
[24Nov2024 15:07:32.962] [Forge Version Check/INFO] [net.minecraftforge.fml.VersionChecker/]: [crafttweaker] Found status: BETA_OUTDATED Current: 14.0.43 Target: 14.0.44
[24Nov2024 15:07:32.962] [Forge Version Check/INFO] [net.minecraftforge.fml.VersionChecker/]: [voicechat] Starting version check at https://update.maxhenkel.de/forge/voicechat
[24Nov2024 15:07:33.026] [main/WARN] [net.minecraft.server.packs.VanillaPackResourcesBuilder/]: Assets URL 'union:/workspaces/Proyect-Hopefull/servidor_minecraft/libraries/net/minecraft/server/1.20.1-20230612.114412/server-1.20.1-20230612.114412-srg.jar%23699!/assets/.mcassetsroot' uses unexpected schema
[24Nov2024 15:07:33.026] [main/WARN] [net.minecraft.server.packs.VanillaPackResourcesBuilder/]: Assets URL 'union:/workspaces/Proyect-Hopefull/servidor_minecraft/libraries/net/minecraft/server/1.20.1-20230612.114412/server-1.20.1-20230612.114412-srg.jar%23699!/data/.mcassetsroot' uses unexpected schema
[24Nov2024 15:07:33.027] [main/ERROR] [net.minecraft.server.packs.VanillaPackResourcesBuilder/]: File /things/.mcassetsroot does not exist in classpath
[24Nov2024 15:07:33.064] [Forge Version Check/INFO] [net.minecraftforge.fml.VersionChecker/]: [voicechat] Found status: OUTDATED Current: 1.20.1-2.5.25 Target: 1.20.1-2.5.26
[24Nov2024 15:07:33.064] [Forge Version Check/INFO] [net.minecraftforge.fml.VersionChecker/]: [ksyxis] Starting version check at https://raw.githubusercontent.com/VidTu/Ksyxis/main/updater_ksyxis_forge.json
[24Nov2024 15:07:33.074] [Forge Version Check/INFO] [net.minecraftforge.fml.VersionChecker/]: [ksyxis] Found status: UP_TO_DATE Current: 1.3.2 Target: null
[24Nov2024 15:07:33.075] [Forge Version Check/INFO] [net.minecraftforge.fml.VersionChecker/]: [flywheel] Starting version check at https://api.modrinth.com/updates/flywheel/forge_updates.json
[24Nov2024 15:07:33.123] [main/INFO] [net.minecraft.server.MinecraftServer/]: Found new data pack Supplementaries Generated Pack, loading it automatically
[24Nov2024 15:07:33.123] [main/INFO] [net.minecraft.server.MinecraftServer/]: Found new data pack bushy_leaves, loading it automatically
[24Nov2024 15:07:33.124] [main/INFO] [net.minecraft.server.MinecraftServer/]: Found new data pack create_central_kitchen:farmersdelight, loading it automatically
[24Nov2024 15:07:33.124] [main/INFO] [net.minecraft.server.MinecraftServer/]: Found new data pack fabric, loading it automatically
[24Nov2024 15:07:33.124] [main/INFO] [net.minecraft.server.MinecraftServer/]: Found new data pack hordes-config, loading it automatically
[24Nov2024 15:07:33.124] [main/INFO] [net.minecraft.server.MinecraftServer/]: Found new data pack lithostitched/breaks_seed_parity, loading it automatically
[24Nov2024 15:07:33.124] [main/INFO] [net.minecraft.server.MinecraftServer/]: Found new data pack minecraft_bricks, loading it automatically
[24Nov2024 15:07:33.124] [main/INFO] [net.minecraft.server.MinecraftServer/]: Found new data pack mutantmonsters:biome_modifications, loading it automatically
[24Nov2024 15:07:33.234] [Forge Version Check/INFO] [net.minecraftforge.fml.VersionChecker/]: [flywheel] Found status: BETA Current: 0.6.11-13 Target: null
[24Nov2024 15:07:33.234] [Forge Version Check/INFO] [net.minecraftforge.fml.VersionChecker/]: [doggytalents] Starting version check at https://raw.githubusercontent.com/DashieDev/DoggyTalentsNext/0d05eaff7c4b588831ca6480f737187f44dda820/check_for_update/update.json
[24Nov2024 15:07:33.242] [Forge Version Check/INFO] [net.minecraftforge.fml.VersionChecker/]: [doggytalents] Found status: BETA Current: 1.18.32 Target: 1.17.2
[24Nov2024 15:07:33.243] [Forge Version Check/INFO] [net.minecraftforge.fml.VersionChecker/]: [cobweb] Starting version check at https://api.modrinth.com/updates/cobweb/forge_updates.json
[24Nov2024 15:07:33.244] [main/INFO] [Supplementaries/]: Generated runtime SERVER_DATA for pack Supplementaries Generated Pack (supplementaries) in: 56 ms
[24Nov2024 15:07:33.282] [main/INFO] [Supplementaries/]: Generated runtime SERVER_DATA for pack Supplementaries Generated Pack (supplementaries) in: 4 ms
[24Nov2024 15:07:33.292] [Forge Version Check/INFO] [net.minecraftforge.fml.VersionChecker/]: [cobweb] Found status: UP_TO_DATE Current: 1.0.0 Target: null
[24Nov2024 15:07:33.292] [Forge Version Check/INFO] [net.minecraftforge.fml.VersionChecker/]: [bookshelf] Starting version check at https://updates.blamejared.com/get?n=bookshelf&gv=1.20.1
[24Nov2024 15:07:33.394] [Forge Version Check/INFO] [net.minecraftforge.fml.VersionChecker/]: [bookshelf] Found status: BETA Current: 20.2.13 Target: 20.2.13
[24Nov2024 15:07:33.394] [Forge Version Check/INFO] [net.minecraftforge.fml.VersionChecker/]: [mcwdoors] Starting version check at https://raw.githubusercontent.com/sketchmacaw/macawsmods/master/doors.json
[24Nov2024 15:07:33.404] [Forge Version Check/INFO] [net.minecraftforge.fml.VersionChecker/]: [mcwdoors] Found status: UP_TO_DATE Current: 1.1.1 Target: null
[24Nov2024 15:07:33.404] [Forge Version Check/INFO] [net.minecraftforge.fml.VersionChecker/]: [letsdoaddon_compat] Starting version check at https://api.modrinth.com/updates/FNi5IMiX/forge_updates.json
[24Nov2024 15:07:33.460] [Forge Version Check/INFO] [net.minecraftforge.fml.VersionChecker/]: [letsdoaddon_compat] Found status: OUTDATED Current: 1.4.2 Target: 1.4.2-forge
[24Nov2024 15:07:33.460] [Forge Version Check/INFO] [net.minecraftforge.fml.VersionChecker/]: [equipmentcompare] Starting version check at https://mc-update-check.anthonyhilyard.com/502561
[24Nov2024 15:07:33.700] [Forge Version Check/WARN] [net.minecraftforge.fml.VersionChecker/]: Failed to process update information
com.google.gson.JsonSyntaxException: java.lang.IllegalStateException: Expected BEGIN_OBJECT but was STRING at line 1 column 1 path $
	at com.google.gson.Gson.fromJson(Gson.java:1226) ~[gson-2.10.jar%2372!/:?]
	at com.google.gson.Gson.fromJson(Gson.java:1124) ~[gson-2.10.jar%2372!/:?]
	at com.google.gson.Gson.fromJson(Gson.java:1034) ~[gson-2.10.jar%2372!/:?]
	at com.google.gson.Gson.fromJson(Gson.java:969) ~[gson-2.10.jar%2372!/:?]
	at net.minecraftforge.fml.VersionChecker$1.process(VersionChecker.java:183) ~[fmlcore-1.20.1-47.2.0.jar%23700!/:?]
	at java.lang.Iterable.forEach(Iterable.java:75) ~[?:?]
	at net.minecraftforge.fml.VersionChecker$1.run(VersionChecker.java:114) ~[fmlcore-1.20.1-47.2.0.jar%23700!/:?]
Caused by: java.lang.IllegalStateException: Expected BEGIN_OBJECT but was STRING at line 1 column 1 path $
	at com.google.gson.stream.JsonReader.beginObject(JsonReader.java:393) ~[gson-2.10.jar%2372!/:?]
	at com.google.gson.internal.bind.MapTypeAdapterFactory$Adapter.read(MapTypeAdapterFactory.java:182) ~[gson-2.10.jar%2372!/:?]
	at com.google.gson.internal.bind.MapTypeAdapterFactory$Adapter.read(MapTypeAdapterFactory.java:144) ~[gson-2.10.jar%2372!/:?]
	at com.google.gson.Gson.fromJson(Gson.java:1214) ~[gson-2.10.jar%2372!/:?]
	... 6 more
[24Nov2024 15:07:33.702] [Forge Version Check/INFO] [net.minecraftforge.fml.VersionChecker/]: [create_connected] Starting version check at https://raw.githubusercontent.com/hlysine/create_connected/main/update.json
[24Nov2024 15:07:33.719] [Forge Version Check/INFO] [net.minecraftforge.fml.VersionChecker/]: [create_connected] Found status: UP_TO_DATE Current: 0.9.2-mc1.20.1 Target: null
[24Nov2024 15:07:33.719] [Forge Version Check/INFO] [net.minecraftforge.fml.VersionChecker/]: [mcwbridges] Starting version check at https://raw.githubusercontent.com/sketchmacaw/macawsmods/master/bridges.json
[24Nov2024 15:07:33.731] [Forge Version Check/INFO] [net.minecraftforge.fml.VersionChecker/]: [mcwbridges] Found status: UP_TO_DATE Current: 3.0.0 Target: null
[24Nov2024 15:07:33.731] [Forge Version Check/INFO] [net.minecraftforge.fml.VersionChecker/]: [framework] Starting version check at https://mrcrayfish.com/modupdatejson?id=framework
[24Nov2024 15:07:34.104] [Forge Version Check/INFO] [net.minecraftforge.fml.VersionChecker/]: [framework] Found status: BETA_OUTDATED Current: 0.7.11 Target: 0.7.12
[24Nov2024 15:07:34.109] [Forge Version Check/INFO] [net.minecraftforge.fml.VersionChecker/]: [easymagic] Starting version check at https://raw.githubusercontent.com/Fuzss/modresources/main/update/easymagic.json
[24Nov2024 15:07:34.121] [Forge Version Check/INFO] [net.minecraftforge.fml.VersionChecker/]: [easymagic] Found status: UP_TO_DATE Current: 8.0.1 Target: null
[24Nov2024 15:07:34.121] [Forge Version Check/INFO] [net.minecraftforge.fml.VersionChecker/]: [obscure_api] Starting version check at https://raw.githubusercontent.com/ObscuriaLithium/Home/main/obscure_api/versions.json
[24Nov2024 15:07:34.130] [Forge Version Check/WARN] [net.minecraftforge.fml.VersionChecker/]: Failed to process update information
com.google.gson.JsonSyntaxException: java.lang.IllegalStateException: Expected BEGIN_OBJECT but was NUMBER at line 1 column 4 path $
	at com.google.gson.Gson.fromJson(Gson.java:1226) ~[gson-2.10.jar%2372!/:?]
	at com.google.gson.Gson.fromJson(Gson.java:1124) ~[gson-2.10.jar%2372!/:?]
	at com.google.gson.Gson.fromJson(Gson.java:1034) ~[gson-2.10.jar%2372!/:?]
	at com.google.gson.Gson.fromJson(Gson.java:969) ~[gson-2.10.jar%2372!/:?]
	at net.minecraftforge.fml.VersionChecker$1.process(VersionChecker.java:183) ~[fmlcore-1.20.1-47.2.0.jar%23700!/:?]
	at java.lang.Iterable.forEach(Iterable.java:75) ~[?:?]
	at net.minecraftforge.fml.VersionChecker$1.run(VersionChecker.java:114) ~[fmlcore-1.20.1-47.2.0.jar%23700!/:?]
Caused by: java.lang.IllegalStateException: Expected BEGIN_OBJECT but was NUMBER at line 1 column 4 path $
	at com.google.gson.stream.JsonReader.beginObject(JsonReader.java:393) ~[gson-2.10.jar%2372!/:?]
	at com.google.gson.internal.bind.MapTypeAdapterFactory$Adapter.read(MapTypeAdapterFactory.java:182) ~[gson-2.10.jar%2372!/:?]
	at com.google.gson.internal.bind.MapTypeAdapterFactory$Adapter.read(MapTypeAdapterFactory.java:144) ~[gson-2.10.jar%2372!/:?]
	at com.google.gson.Gson.fromJson(Gson.java:1214) ~[gson-2.10.jar%2372!/:?]
	... 6 more
[24Nov2024 15:07:34.131] [Forge Version Check/INFO] [net.minecraftforge.fml.VersionChecker/]: [reap] Starting version check at https://update.maxhenkel.de/forge/reap
[24Nov2024 15:07:34.231] [Forge Version Check/INFO] [net.minecraftforge.fml.VersionChecker/]: [reap] Found status: AHEAD Current: 1.20.1-1.1.2 Target: null
[24Nov2024 15:07:34.232] [Forge Version Check/INFO] [net.minecraftforge.fml.VersionChecker/]: [badmobs] Starting version check at https://updates.blamejared.com/get?n=badmobs&gv=1.20.1
[24Nov2024 15:07:34.334] [Forge Version Check/INFO] [net.minecraftforge.fml.VersionChecker/]: [badmobs] Found status: BETA Current: 19.0.4 Target: 19.0.4
[24Nov2024 15:07:34.334] [Forge Version Check/INFO] [net.minecraftforge.fml.VersionChecker/]: [smoothboot] Starting version check at https://github.com/AbdElAziz333/SmoothBoot-Reloaded/raw/mc1.20.1/dev/updates.json
[24Nov2024 15:07:34.413] [Forge Version Check/INFO] [net.minecraftforge.fml.VersionChecker/]: [smoothboot] Found status: UP_TO_DATE Current: 0.0.4 Target: null
[24Nov2024 15:07:34.414] [Forge Version Check/INFO] [net.minecraftforge.fml.VersionChecker/]: [easy_villagers] Starting version check at https://update.maxhenkel.de/forge/easy_villagers
[24Nov2024 15:07:34.518] [Forge Version Check/INFO] [net.minecraftforge.fml.VersionChecker/]: [easy_villagers] Found status: AHEAD Current: 1.20.1-1.1.23 Target: null
[24Nov2024 15:07:34.518] [Forge Version Check/INFO] [net.minecraftforge.fml.VersionChecker/]: [easyanvils] Starting version check at https://raw.githubusercontent.com/Fuzss/modresources/main/update/easyanvils.json
[24Nov2024 15:07:34.528] [Forge Version Check/INFO] [net.minecraftforge.fml.VersionChecker/]: [easyanvils] Found status: UP_TO_DATE Current: 8.0.2 Target: null
[24Nov2024 15:07:34.529] [Forge Version Check/INFO] [net.minecraftforge.fml.VersionChecker/]: [mcwwindows] Starting version check at https://raw.githubusercontent.com/sketchmacaw/macawsmods/master/window.json
[24Nov2024 15:07:34.539] [Forge Version Check/INFO] [net.minecraftforge.fml.VersionChecker/]: [mcwwindows] Found status: UP_TO_DATE Current: 2.3.0 Target: null
[24Nov2024 15:07:34.539] [Forge Version Check/INFO] [net.minecraftforge.fml.VersionChecker/]: [maxhealthfix] Starting version check at https://updates.blamejared.com/get?n=maxhealthfix&gv=1.20.1
[24Nov2024 15:07:34.642] [Forge Version Check/INFO] [net.minecraftforge.fml.VersionChecker/]: [maxhealthfix] Found status: BETA Current: 12.0.3 Target: 12.0.3
[24Nov2024 15:07:34.642] [Forge Version Check/INFO] [net.minecraftforge.fml.VersionChecker/]: [botanytrees] Starting version check at https://updates.blamejared.com/get?n=botanytrees&gv=1.20.1
[24Nov2024 15:07:34.746] [Forge Version Check/INFO] [net.minecraftforge.fml.VersionChecker/]: [botanytrees] Found status: BETA Current: 9.0.17 Target: 9.0.17
[24Nov2024 15:07:34.746] [Forge Version Check/INFO] [net.minecraftforge.fml.VersionChecker/]: [mcwtrpdoors] Starting version check at https://raw.githubusercontent.com/sketchmacaw/macawsmods/master/trapdoors.json
[24Nov2024 15:07:34.756] [Forge Version Check/INFO] [net.minecraftforge.fml.VersionChecker/]: [mcwtrpdoors] Found status: UP_TO_DATE Current: 1.1.3 Target: null
[24Nov2024 15:07:34.756] [Forge Version Check/INFO] [net.minecraftforge.fml.VersionChecker/]: [searchables] Starting version check at https://updates.blamejared.com/get?n=searchables&gv=1.20.1
[24Nov2024 15:07:34.813] [main/INFO] [KubeJS/]: Added bindings for script type SERVER from mod 'almostunified': [AlmostUnified]
[24Nov2024 15:07:34.813] [main/INFO] [KubeJS Server/]: example.js#5: Hello, World! (Loaded server scripts)
[24Nov2024 15:07:34.814] [main/INFO] [KubeJS Server/]: Loaded script server_scripts:example.js in 0.001 s
[24Nov2024 15:07:34.814] [main/INFO] [KubeJS Server/]: Loaded 1/1 KubeJS server scripts in 0.022 s with 0 errors and 0 warnings
[24Nov2024 15:07:34.814] [main/INFO] [KubeJS Server/]: Scripts loaded
[24Nov2024 15:07:34.858] [Forge Version Check/INFO] [net.minecraftforge.fml.VersionChecker/]: [searchables] Found status: BETA Current: 1.0.3 Target: 1.0.3
[24Nov2024 15:07:34.858] [Forge Version Check/INFO] [net.minecraftforge.fml.VersionChecker/]: [unilib] Starting version check at https://raw.githubusercontent.com/CDAGaming/VersionLibrary/master/UniLib/update.json
[24Nov2024 15:07:34.867] [Forge Version Check/INFO] [net.minecraftforge.fml.VersionChecker/]: [unilib] Found status: AHEAD Current: 1.0.3 Target: null
[24Nov2024 15:07:34.868] [Forge Version Check/INFO] [net.minecraftforge.fml.VersionChecker/]: [harvest_with_ease] Starting version check at https://api.modrinth.com/updates/harvest-with-ease/forge_updates.json
[24Nov2024 15:07:34.872] [main/INFO] [com.teamabnormals.blueprint.core.Blueprint/]: Successfully loaded 0 data remolders!
[24Nov2024 15:07:34.961] [Forge Version Check/INFO] [net.minecraftforge.fml.VersionChecker/]: [harvest_with_ease] Found status: OUTDATED Current: 9.2.0 Target: 9.3.0
[24Nov2024 15:07:34.961] [Forge Version Check/INFO] [net.minecraftforge.fml.VersionChecker/]: [catalogue] Starting version check at https://mrcrayfish.com/modupdatejson?id=catalogue
[24Nov2024 15:07:35.323] [Forge Version Check/INFO] [net.minecraftforge.fml.VersionChecker/]: [catalogue] Found status: BETA Current: 1.8.0 Target: 1.8.0
[24Nov2024 15:07:35.323] [Forge Version Check/INFO] [net.minecraftforge.fml.VersionChecker/]: [puzzlesaccessapi] Starting version check at https://raw.githubusercontent.com/Fuzss/modresources/main/update/puzzlesaccessapi.json
[24Nov2024 15:07:35.332] [Forge Version Check/INFO] [net.minecraftforge.fml.VersionChecker/]: [puzzlesaccessapi] Found status: BETA Current: 8.0.7 Target: null
[24Nov2024 15:07:35.333] [Forge Version Check/INFO] [net.minecraftforge.fml.VersionChecker/]: [forge] Starting version check at https://files.minecraftforge.net/net/minecraftforge/forge/promotions_slim.json
[24Nov2024 15:07:35.489] [Forge Version Check/INFO] [net.minecraftforge.fml.VersionChecker/]: [forge] Found status: OUTDATED Current: 47.2.0 Target: 47.3.0
[24Nov2024 15:07:35.490] [Forge Version Check/INFO] [net.minecraftforge.fml.VersionChecker/]: [canary] Starting version check at https://github.com/AbdElAziz333/Canary/raw/mc1.19.2/dev/updates.json
[24Nov2024 15:07:35.507] [Forge Version Check/INFO] [net.minecraftforge.fml.VersionChecker/]: [canary] Found status: UP_TO_DATE Current: 0.3.3 Target: null
[24Nov2024 15:07:35.507] [Forge Version Check/INFO] [net.minecraftforge.fml.VersionChecker/]: [puzzleslib] Starting version check at https://raw.githubusercontent.com/Fuzss/modresources/main/update/puzzleslib.json
[24Nov2024 15:07:35.549] [Forge Version Check/INFO] [net.minecraftforge.fml.VersionChecker/]: [puzzleslib] Found status: OUTDATED Current: 8.1.24 Target: 8.1.25
[24Nov2024 15:07:35.549] [Forge Version Check/INFO] [net.minecraftforge.fml.VersionChecker/]: [aquamirae] Starting version check at https://raw.githubusercontent.com/ObscuriaLithium/Home/main/aquamirae/versions.json
[24Nov2024 15:07:35.559] [Forge Version Check/WARN] [net.minecraftforge.fml.VersionChecker/]: Failed to process update information
com.google.gson.JsonSyntaxException: java.lang.IllegalStateException: Expected BEGIN_OBJECT but was NUMBER at line 1 column 4 path $
	at com.google.gson.Gson.fromJson(Gson.java:1226) ~[gson-2.10.jar%2372!/:?]
	at com.google.gson.Gson.fromJson(Gson.java:1124) ~[gson-2.10.jar%2372!/:?]
	at com.google.gson.Gson.fromJson(Gson.java:1034) ~[gson-2.10.jar%2372!/:?]
	at com.google.gson.Gson.fromJson(Gson.java:969) ~[gson-2.10.jar%2372!/:?]
	at net.minecraftforge.fml.VersionChecker$1.process(VersionChecker.java:183) ~[fmlcore-1.20.1-47.2.0.jar%23700!/:?]
	at java.lang.Iterable.forEach(Iterable.java:75) ~[?:?]
	at net.minecraftforge.fml.VersionChecker$1.run(VersionChecker.java:114) ~[fmlcore-1.20.1-47.2.0.jar%23700!/:?]
Caused by: java.lang.IllegalStateException: Expected BEGIN_OBJECT but was NUMBER at line 1 column 4 path $
	at com.google.gson.stream.JsonReader.beginObject(JsonReader.java:393) ~[gson-2.10.jar%2372!/:?]
	at com.google.gson.internal.bind.MapTypeAdapterFactory$Adapter.read(MapTypeAdapterFactory.java:182) ~[gson-2.10.jar%2372!/:?]
	at com.google.gson.internal.bind.MapTypeAdapterFactory$Adapter.read(MapTypeAdapterFactory.java:144) ~[gson-2.10.jar%2372!/:?]
	at com.google.gson.Gson.fromJson(Gson.java:1214) ~[gson-2.10.jar%2372!/:?]
	... 6 more
[24Nov2024 15:07:35.560] [Forge Version Check/INFO] [net.minecraftforge.fml.VersionChecker/]: [dynamiclights] Starting version check at https://api.modrinth.com/updates/7YjclEGc/forge_updates.json
[24Nov2024 15:07:35.653] [Forge Version Check/INFO] [net.minecraftforge.fml.VersionChecker/]: [dynamiclights] Found status: OUTDATED Current: 1.8.3+mod Target: 1.8.4+mod
[24Nov2024 15:07:35.653] [Forge Version Check/INFO] [net.minecraftforge.fml.VersionChecker/]: [controlling] Starting version check at https://updates.blamejared.com/get?n=controlling&gv=1.20.1
[24Nov2024 15:07:35.756] [Forge Version Check/INFO] [net.minecraftforge.fml.VersionChecker/]: [controlling] Found status: BETA Current: 12.0.2 Target: 12.0.2
[24Nov2024 15:07:35.757] [Forge Version Check/INFO] [net.minecraftforge.fml.VersionChecker/]: [twilightforest] Starting version check at https://gh.tamaized.com/TeamTwilight/twilightforest/update.json
[24Nov2024 15:07:35.844] [Forge Version Check/WARN] [net.minecraftforge.fml.VersionChecker/]: Failed to process update information
com.google.gson.JsonSyntaxException: java.lang.IllegalStateException: Expected BEGIN_OBJECT but was STRING at line 1 column 1 path $
	at com.google.gson.Gson.fromJson(Gson.java:1226) ~[gson-2.10.jar%2372!/:?]
	at com.google.gson.Gson.fromJson(Gson.java:1124) ~[gson-2.10.jar%2372!/:?]
	at com.google.gson.Gson.fromJson(Gson.java:1034) ~[gson-2.10.jar%2372!/:?]
	at com.google.gson.Gson.fromJson(Gson.java:969) ~[gson-2.10.jar%2372!/:?]
	at net.minecraftforge.fml.VersionChecker$1.process(VersionChecker.java:183) ~[fmlcore-1.20.1-47.2.0.jar%23700!/:?]
	at java.lang.Iterable.forEach(Iterable.java:75) ~[?:?]
	at net.minecraftforge.fml.VersionChecker$1.run(VersionChecker.java:114) ~[fmlcore-1.20.1-47.2.0.jar%23700!/:?]
Caused by: java.lang.IllegalStateException: Expected BEGIN_OBJECT but was STRING at line 1 column 1 path $
	at com.google.gson.stream.JsonReader.beginObject(JsonReader.java:393) ~[gson-2.10.jar%2372!/:?]
	at com.google.gson.internal.bind.MapTypeAdapterFactory$Adapter.read(MapTypeAdapterFactory.java:182) ~[gson-2.10.jar%2372!/:?]
	at com.google.gson.internal.bind.MapTypeAdapterFactory$Adapter.read(MapTypeAdapterFactory.java:144) ~[gson-2.10.jar%2372!/:?]
	at com.google.gson.Gson.fromJson(Gson.java:1214) ~[gson-2.10.jar%2372!/:?]
	... 6 more
[24Nov2024 15:07:35.845] [Forge Version Check/INFO] [net.minecraftforge.fml.VersionChecker/]: [mcwfences] Starting version check at https://raw.githubusercontent.com/sketchmacaw/macawsmods/master/fences.json
[24Nov2024 15:07:35.854] [Forge Version Check/INFO] [net.minecraftforge.fml.VersionChecker/]: [mcwfences] Found status: UP_TO_DATE Current: 1.1.2 Target: null
[24Nov2024 15:07:35.855] [Forge Version Check/INFO] [net.minecraftforge.fml.VersionChecker/]: [refurbished_furniture] Starting version check at https://mrcrayfish.com/api/mod_update/forge/refurbished_furniture
[24Nov2024 15:07:36.032] [Forge Version Check/INFO] [net.minecraftforge.fml.VersionChecker/]: [refurbished_furniture] Found status: BETA_OUTDATED Current: 1.0.6 Target: 1.0.8
[24Nov2024 15:07:36.032] [Forge Version Check/INFO] [net.minecraftforge.fml.VersionChecker/]: [controllable] Starting version check at https://mrcrayfish.com/modupdatejson?id=controllable
[24Nov2024 15:07:36.394] [Forge Version Check/INFO] [net.minecraftforge.fml.VersionChecker/]: [controllable] Found status: BETA Current: 0.20.3 Target: 0.20.3
[24Nov2024 15:07:36.395] [Forge Version Check/INFO] [net.minecraftforge.fml.VersionChecker/]: [configured] Starting version check at https://mrcrayfish.com/modupdatejson?id=configured
[24Nov2024 15:07:36.757] [Forge Version Check/INFO] [net.minecraftforge.fml.VersionChecker/]: [configured] Found status: BETA Current: 2.2.3 Target: 2.2.3
[24Nov2024 15:07:36.757] [Forge Version Check/INFO] [net.minecraftforge.fml.VersionChecker/]: [genshinstrument] Starting version check at https://github.com/StavWasPlayZ/Genshin-Instruments/blob/master/public/updates.json?raw=true
[24Nov2024 15:07:36.783] [Forge Version Check/INFO] [net.minecraftforge.fml.VersionChecker/]: [genshinstrument] Found status: UP_TO_DATE Current: 4.0.2 Target: null
[24Nov2024 15:07:36.783] [Forge Version Check/INFO] [net.minecraftforge.fml.VersionChecker/]: [evenmoreinstruments] Starting version check at https://github.com/StavWasPlayZ/Even-More-Instruments/blob/master/public/updates.json?raw=true
[24Nov2024 15:07:36.890] [Forge Version Check/INFO] [net.minecraftforge.fml.VersionChecker/]: [evenmoreinstruments] Found status: AHEAD Current: 6.1.3 Target: null
[24Nov2024 15:07:36.891] [Forge Version Check/INFO] [net.minecraftforge.fml.VersionChecker/]: [recipestages] Starting version check at https://updates.blamejared.com/get?n=recipestages&gv=1.20.1
[24Nov2024 15:07:36.992] [Forge Version Check/INFO] [net.minecraftforge.fml.VersionChecker/]: [recipestages] Found status: BETA Current: 8.0.0.2 Target: 8.0.0.2
[24Nov2024 15:07:36.992] [Forge Version Check/INFO] [net.minecraftforge.fml.VersionChecker/]: [moonlight] Starting version check at https://raw.githubusercontent.com/MehVahdJukaar/Moonlight/multi-loader/forge/update.json
[24Nov2024 15:07:37.000] [Forge Version Check/INFO] [net.minecraftforge.fml.VersionChecker/]: [moonlight] Found status: BETA Current: 1.20-2.13.20 Target: null
[24Nov2024 15:07:37.000] [Forge Version Check/INFO] [net.minecraftforge.fml.VersionChecker/]: [silentlib] Starting version check at https://raw.githubusercontent.com/SilentChaos512/SilentLib/1.20.x/update.json
[24Nov2024 15:07:37.008] [Forge Version Check/INFO] [net.minecraftforge.fml.VersionChecker/]: [silentlib] Found status: BETA Current: 8.0.0 Target: null
[24Nov2024 15:07:37.008] [Forge Version Check/INFO] [net.minecraftforge.fml.VersionChecker/]: [iceberg] Starting version check at https://mc-update-check.anthonyhilyard.com/520110
[24Nov2024 15:07:37.035] [Forge Version Check/WARN] [net.minecraftforge.fml.VersionChecker/]: Failed to process update information
com.google.gson.JsonSyntaxException: java.lang.IllegalStateException: Expected BEGIN_OBJECT but was STRING at line 1 column 1 path $
	at com.google.gson.Gson.fromJson(Gson.java:1226) ~[gson-2.10.jar%2372!/:?]
	at com.google.gson.Gson.fromJson(Gson.java:1124) ~[gson-2.10.jar%2372!/:?]
	at com.google.gson.Gson.fromJson(Gson.java:1034) ~[gson-2.10.jar%2372!/:?]
	at com.google.gson.Gson.fromJson(Gson.java:969) ~[gson-2.10.jar%2372!/:?]
	at net.minecraftforge.fml.VersionChecker$1.process(VersionChecker.java:183) ~[fmlcore-1.20.1-47.2.0.jar%23700!/:?]
	at java.lang.Iterable.forEach(Iterable.java:75) ~[?:?]
	at net.minecraftforge.fml.VersionChecker$1.run(VersionChecker.java:114) ~[fmlcore-1.20.1-47.2.0.jar%23700!/:?]
Caused by: java.lang.IllegalStateException: Expected BEGIN_OBJECT but was STRING at line 1 column 1 path $
	at com.google.gson.stream.JsonReader.beginObject(JsonReader.java:393) ~[gson-2.10.jar%2372!/:?]
	at com.google.gson.internal.bind.MapTypeAdapterFactory$Adapter.read(MapTypeAdapterFactory.java:182) ~[gson-2.10.jar%2372!/:?]
	at com.google.gson.internal.bind.MapTypeAdapterFactory$Adapter.read(MapTypeAdapterFactory.java:144) ~[gson-2.10.jar%2372!/:?]
	at com.google.gson.Gson.fromJson(Gson.java:1214) ~[gson-2.10.jar%2372!/:?]
	... 6 more
[24Nov2024 15:07:37.035] [Forge Version Check/INFO] [net.minecraftforge.fml.VersionChecker/]: [supplementaries] Starting version check at https://raw.githubusercontent.com/MehVahdJukaar/Supplementaries/1.20/forge/update.json
[24Nov2024 15:07:37.044] [Forge Version Check/INFO] [net.minecraftforge.fml.VersionChecker/]: [supplementaries] Found status: BETA Current: 1.20-3.0.1 Target: null
[24Nov2024 15:07:37.044] [Forge Version Check/INFO] [net.minecraftforge.fml.VersionChecker/]: [inventoryhud] Starting version check at https://raw.githubusercontent.com/DmitryLovin/pluginUpdate/master/invupdate.json
[24Nov2024 15:07:37.053] [Forge Version Check/INFO] [net.minecraftforge.fml.VersionChecker/]: [inventoryhud] Found status: UP_TO_DATE Current: 3.4.26 Target: null
[24Nov2024 15:07:37.054] [Forge Version Check/INFO] [net.minecraftforge.fml.VersionChecker/]: [packetfixer] Starting version check at https://api.modrinth.com/updates/packet-fixer/forge_updates.json
[24Nov2024 15:07:37.148] [Forge Version Check/INFO] [net.minecraftforge.fml.VersionChecker/]: [packetfixer] Found status: UP_TO_DATE Current: 1.4.2 Target: null
[24Nov2024 15:07:37.355] [main/INFO] [de.mrjulsen.dragnsounds.DragNSounds/]: Custom commands registered.
[24Nov2024 15:07:37.527] [main/INFO] [com.sk89q.worldedit.extension.platform.PlatformCommandManager/]: Registering commands with com.sk89q.worldedit.forge.ForgePlatform
[24Nov2024 15:07:37.570] [main/INFO] [Easy NPC/]: 🗣 Register Easy NPC /easy_npc commands for Easy NPC ...
[24Nov2024 15:07:37.609] [main/INFO] [Spartan Weaponry/]: Finished registering commands for Spartan Weaponry!
[24Nov2024 15:07:37.809] [main/INFO] [com.github.alexthe666.alexsmobs.AlexsMobs/]: Adding datapack listener capsid_recipes
[24Nov2024 15:07:38.829] [Worker-Main-2/ERROR] [net.minecraft.tags.TagLoader/]: Couldn't load tag [minecraft:red_grape (from letsdo-vinery-forge-1.4.28.jar), minecraft:white_grape (from letsdo-vinery-forge-1.4.28.jar), minecraft:savanna_grapes_red (from letsdo-vinery-forge-1.4.28.jar), minecraft:savanna_grapes_white (from letsdo-vinery-forge-1.4.28.jar), minecraft:taiga_grapes_red (from letsdo-vinery-forge-1.4.28.jar), minecraft:taiga_grapes_white (from letsdo-vinery-forge-1.4.28.jar), minecraft:jungle_grapes_red (from letsdo-vinery-forge-1.4.28.jar), minecraft:jungle_grapes_white (from letsdo-vinery-forge-1.4.28.jar), minecraft:red_grape (from letsdo-vinery-forge-1.4.28.jar), minecraft:white_grape (from letsdo-vinery-forge-1.4.28.jar), minecraft:savanna_grapes_red (from letsdo-vinery-forge-1.4.28.jar), minecraft:savanna_grapes_white (from letsdo-vinery-forge-1.4.28.jar), minecraft:taiga_grapes_red (from letsdo-vinery-forge-1.4.28.jar), minecraft:taiga_grapes_white (from letsdo-vinery-forge-1.4.28.jar), minecraft:jungle_grapes_red (from letsdo-vinery-forge-1.4.28.jar), minecraft:jungle_grapes_white (from letsdo-vinery-forge-1.4.28.jar)] as it is missing following references: minecraft:red_grape (from letsdo-vinery-forge-1.4.28.jar), 
	minecraft:white_grape (from letsdo-vinery-forge-1.4.28.jar), 
	minecraft:savanna_grapes_red (from letsdo-vinery-forge-1.4.28.jar), 
	minecraft:savanna_grapes_white (from letsdo-vinery-forge-1.4.28.jar), 
	minecraft:taiga_grapes_red (from letsdo-vinery-forge-1.4.28.jar), 
	minecraft:taiga_grapes_white (from letsdo-vinery-forge-1.4.28.jar), 
	minecraft:jungle_grapes_red (from letsdo-vinery-forge-1.4.28.jar), 
	minecraft:jungle_grapes_white (from letsdo-vinery-forge-1.4.28.jar), 
	minecraft:red_grape (from letsdo-vinery-forge-1.4.28.jar), 
	minecraft:white_grape (from letsdo-vinery-forge-1.4.28.jar), 
	minecraft:savanna_grapes_red (from letsdo-vinery-forge-1.4.28.jar), 
	minecraft:savanna_grapes_white (from letsdo-vinery-forge-1.4.28.jar), 
	minecraft:taiga_grapes_red (from letsdo-vinery-forge-1.4.28.jar), 
	minecraft:taiga_grapes_white (from letsdo-vinery-forge-1.4.28.jar), 
	minecraft:jungle_grapes_red (from letsdo-vinery-forge-1.4.28.jar), 
	minecraft:jungle_grapes_white (from letsdo-vinery-forge-1.4.28.jar)
[24Nov2024 15:07:38.832] [Worker-Main-2/ERROR] [net.minecraft.tags.TagLoader/]: Couldn't load tag [#forge:grapes (from connector)] as it is missing following references: #forge:grapes (from connector)
[24Nov2024 15:07:38.860] [Worker-Main-2/WARN] [AlmostUnified/]: The following tags are invalid and will be ignored: [forge:ores/chrome, forge:wires/signalum, forge:ingots/sapphire, forge:storage_blocks/raw_nickel, forge:rods/platinum, forge:dusts/graphite, forge:storage_blocks/raw_brass, forge:gears/sulfur, forge:gems/platinum, forge:gears/apatite, forge:dusts/netherite, forge:ingots/fluorite, forge:ores/invar, forge:plates/steel, forge:rods/coal_coke, forge:rods/lumium, forge:nuggets/ruby, forge:gems/graphite, forge:rods/graphite, forge:raw_materials/lapis, forge:raw_materials/constantan, forge:plates/amber, forge:ingots/emerald, forge:gems/netherite, forge:wires/tungsten, forge:ores/aeternium, forge:gears/coal_coke, forge:raw_materials/emerald, forge:ores/bronze, forge:wires/potassium_nitrate, forge:gears/cinnabar, forge:storage_blocks/peridot, forge:ingots/sulfur, forge:wires/charcoal, forge:storage_blocks/raw_charcoal, forge:ingots/peridot, forge:plates/sulfur, forge:gears/obsidian, forge:nuggets/lapis, forge:storage_blocks/aeternium, forge:raw_materials/bronze, forge:storage_blocks/raw_cobalt, forge:gems/constantan, forge:plates/graphite, forge:raw_materials/invar, forge:rods/uranium, forge:raw_materials/potassium_nitrate, forge:plates/sapphire, forge:ores/electrum, forge:plates/elementium, forge:wires/lapis, forge:storage_blocks/ruby, forge:raw_materials/chrome, forge:plates/fluorite, forge:rods/potassium_nitrate, forge:ores/sulfur, forge:storage_blocks/raw_coal_coke, forge:plates/potassium_nitrate, forge:dusts/iridium, forge:wires/invar, forge:nuggets/bitumen, forge:dusts/peridot, forge:raw_materials/lumium, forge:rods/iridium, forge:rods/peridot, forge:gems/apatite, forge:raw_materials/peridot, forge:ores/bitumen, forge:nuggets/platinum, forge:ores/constantan, forge:wires/chrome, forge:plates/aluminum, forge:raw_materials/netherite, forge:gems/fluorite, forge:gems/enderium, forge:plates/lumium, forge:storage_blocks/raw_osmium, forge:ingots/cinnabar, forge:plates/iridium, forge:raw_materials/graphite, forge:ores/mithril, forge:storage_blocks/raw_apatite, forge:dusts/chrome, forge:storage_blocks/osmium, forge:storage_blocks/iridium, forge:plates/platinum, forge:nuggets/invar, forge:wires/bronze, forge:storage_blocks/nickel, forge:ores/ruby, forge:dusts/emerald, forge:gems/lumium, forge:ingots/graphite, forge:ingots/lapis, forge:gears/tungsten, forge:plates/chrome, forge:wires/lumium, forge:storage_blocks/signalum, forge:gems/chrome, forge:ingots/diamond, forge:plates/cinnabar, forge:plates/enderium, forge:dusts/lumium, forge:gems/bronze, forge:wires/cinnabar, forge:rods/emerald, forge:gems/obsidian, forge:storage_blocks/raw_ruby, forge:ores/graphite, forge:raw_materials/charcoal, forge:gears/lead, forge:plates/constantan, forge:plates/emerald, forge:dusts/bronze, forge:ingots/tungsten, forge:raw_materials/apatite, forge:storage_blocks/invar, forge:gears/steel, forge:ingots/cobalt, forge:storage_blocks/electrum, forge:gears/tin, forge:gears/bitumen, forge:gears/fluorite, forge:wires/aluminum, forge:gears/potassium_nitrate, forge:nuggets/amber, forge:plates/coal, forge:gems/cinnabar, forge:gems/steel, forge:wires/sulfur, forge:ingots/coal_coke, forge:rods/cinnabar, forge:plates/tin, forge:wires/tin, forge:ores/signalum, forge:nuggets/mithril, forge:storage_blocks/raw_tungsten, forge:gems/aeternium, forge:wires/mithril, forge:storage_blocks/raw_peridot, forge:storage_blocks/raw_coal, forge:storage_blocks/raw_iridium, forge:storage_blocks/enderium, forge:gems/lead, forge:ores/elementium, forge:storage_blocks/mithril, forge:gears/enderium, forge:storage_blocks/raw_cinnabar, forge:dusts/enderium, forge:storage_blocks/tin, forge:nuggets/coal_coke, forge:storage_blocks/raw_amber, forge:ingots/apatite, forge:storage_blocks/raw_lapis, forge:ingots/ruby, forge:storage_blocks/bitumen, forge:gears/mithril, forge:nuggets/sulfur, forge:rods/zinc, forge:ores/tungsten, forge:storage_blocks/aluminum, forge:gears/aluminum, forge:ores/iridium, forge:rods/lapis, forge:plates/netherite, forge:storage_blocks/chrome, forge:gems/mithril, forge:storage_blocks/raw_uranium, forge:gears/cobalt, forge:gears/constantan, forge:storage_blocks/amber, forge:ingots/obsidian, forge:nuggets/graphite, forge:storage_blocks/raw_sulfur, forge:gears/peridot, forge:gems/bitumen, forge:ingots/coal, forge:ingots/charcoal, forge:dusts/fluorite, forge:nuggets/aeternium, forge:wires/bitumen, forge:ores/steel, forge:raw_materials/iridium, forge:nuggets/coal, forge:dusts/constantan, forge:storage_blocks/coal_coke, forge:dusts/sapphire, forge:dusts/elementium, forge:rods/aeternium, forge:nuggets/netherite, forge:dusts/ruby, forge:rods/bronze, forge:dusts/zinc, forge:storage_blocks/raw_electrum, forge:nuggets/elementium, forge:raw_materials/sapphire, forge:gems/tungsten, forge:raw_materials/fluorite, forge:nuggets/constantan, forge:ores/cinnabar, forge:storage_blocks/raw_aeternium, forge:rods/signalum, forge:gears/charcoal, forge:ingots/aeternium, forge:gears/bronze, forge:rods/amber, forge:wires/uranium, forge:nuggets/chrome, forge:ingots/iridium, forge:plates/aeternium, forge:wires/zinc, forge:storage_blocks/raw_invar, forge:nuggets/tungsten, forge:dusts/coal, forge:rods/mithril, forge:gears/elementium, forge:gears/sapphire, forge:gems/iridium, forge:gems/copper, forge:nuggets/lumium, forge:storage_blocks/raw_mithril, forge:storage_blocks/raw_platinum, forge:plates/diamond, forge:gears/uranium, forge:raw_materials/sulfur, forge:dusts/charcoal, forge:ores/apatite, forge:storage_blocks/raw_bitumen, forge:storage_blocks/sulfur, forge:storage_blocks/raw_signalum, forge:raw_materials/steel, forge:rods/coal, forge:raw_materials/obsidian, forge:gems/potassium_nitrate, forge:storage_blocks/raw_chrome, forge:rods/bitumen, forge:raw_materials/cinnabar, forge:wires/cobalt, forge:storage_blocks/graphite, forge:gems/coal_coke, forge:gears/gold, forge:gems/charcoal, forge:wires/osmium, forge:gems/peridot, forge:rods/cobalt, forge:gems/tin, forge:wires/emerald, forge:storage_blocks/elementium, forge:dusts/coal_coke, forge:nuggets/peridot, forge:storage_blocks/raw_sapphire, forge:storage_blocks/platinum, forge:storage_blocks/raw_diamond, forge:rods/charcoal, forge:rods/ruby, forge:wires/peridot, forge:rods/netherite, forge:wires/ruby, forge:wires/amber, forge:dusts/apatite, forge:storage_blocks/raw_fluorite, forge:ores/obsidian, forge:wires/platinum, forge:ingots/amber, forge:plates/apatite, forge:storage_blocks/apatite, forge:storage_blocks/raw_enderium, forge:nuggets/cobalt, forge:plates/charcoal, forge:ingots/bitumen, forge:storage_blocks/raw_aluminum, forge:gems/gold, forge:storage_blocks/raw_tin, forge:wires/steel, forge:gems/nickel, forge:gears/diamond, forge:dusts/signalum, forge:gears/invar, forge:gears/lapis, forge:gems/cobalt, forge:nuggets/iridium, forge:dusts/cobalt, forge:plates/nickel, forge:rods/osmium, forge:wires/graphite, forge:ores/sapphire, forge:rods/tin, forge:rods/nickel, forge:wires/constantan, forge:raw_materials/bitumen, forge:ores/fluorite, forge:rods/constantan, forge:wires/coal, forge:nuggets/cinnabar, forge:raw_materials/mithril, forge:gears/graphite, forge:plates/cobalt, forge:gears/iron, forge:storage_blocks/raw_graphite, forge:raw_materials/enderium, forge:gears/iridium, forge:dusts/tungsten, forge:plates/coal_coke, forge:storage_blocks/fluorite, forge:storage_blocks/raw_netherite, forge:nuggets/signalum, forge:raw_materials/tungsten, forge:storage_blocks/lumium, forge:plates/ruby, forge:rods/invar, forge:raw_materials/coal_coke, forge:ingots/mithril, forge:gears/brass, forge:ores/cobalt, forge:nuggets/obsidian, forge:wires/nickel, forge:plates/signalum, forge:gems/osmium, forge:rods/tungsten, forge:dusts/brass, forge:gems/signalum, forge:storage_blocks/raw_bronze, forge:gears/copper, forge:storage_blocks/raw_lumium, forge:gems/iron, forge:nuggets/charcoal, forge:wires/brass, forge:wires/silver, forge:wires/enderium, forge:gems/silver, forge:nuggets/fluorite, forge:wires/iridium, forge:nuggets/sapphire, forge:storage_blocks/lead, forge:gears/netherite, forge:gems/uranium, forge:storage_blocks/raw_emerald, forge:storage_blocks/bronze, forge:gears/aeternium, forge:rods/apatite, forge:dusts/bitumen, forge:gears/osmium, forge:raw_materials/elementium, forge:gems/coal, forge:dusts/electrum, forge:dusts/aeternium, forge:plates/lead, forge:raw_materials/aeternium, forge:plates/uranium, forge:raw_materials/diamond, forge:raw_materials/ruby, forge:rods/sulfur, forge:ores/peridot, forge:plates/silver, forge:storage_blocks/potassium_nitrate, forge:rods/diamond, forge:gears/zinc, forge:dusts/cinnabar, forge:plates/peridot, forge:storage_blocks/raw_potassium_nitrate, forge:nuggets/potassium_nitrate, forge:rods/aluminum, forge:dusts/invar, forge:gems/electrum, forge:storage_blocks/constantan, forge:wires/sapphire, forge:storage_blocks/cinnabar, forge:wires/coal_coke, forge:wires/fluorite, forge:ores/charcoal, forge:ores/brass, forge:gems/amber, forge:gems/elementium, forge:gems/aluminum, forge:gears/emerald, forge:storage_blocks/raw_steel, forge:storage_blocks/obsidian, forge:dusts/lapis, forge:raw_materials/signalum, forge:raw_materials/platinum, forge:raw_materials/brass, forge:storage_blocks/raw_obsidian, forge:plates/osmium, forge:gems/sulfur, forge:rods/elementium, forge:plates/tungsten, forge:rods/obsidian, forge:wires/apatite, forge:gems/zinc, forge:nuggets/enderium, forge:wires/elementium, forge:storage_blocks/raw_lead, forge:ores/coal_coke, forge:rods/fluorite, forge:gears/chrome, forge:gears/ruby, forge:ores/amber, forge:wires/aeternium, forge:raw_materials/cobalt, forge:gears/electrum, forge:ores/netherite, forge:storage_blocks/raw_elementium, forge:plates/invar, forge:rods/lead, forge:rods/enderium, forge:rods/chrome, forge:gears/platinum, forge:plates/bitumen, forge:wires/lead, forge:rods/silver, forge:storage_blocks/cobalt, forge:gems/brass, forge:gears/nickel, forge:rods/steel, forge:raw_materials/electrum, forge:rods/sapphire, forge:wires/netherite, forge:dusts/potassium_nitrate, forge:gears/silver, forge:gems/invar, forge:wires/obsidian, forge:gems/ruby, forge:ores/enderium, forge:ingots/chrome, forge:ores/lumium, forge:wires/diamond, forge:ingots/potassium_nitrate, forge:dusts/amber, forge:storage_blocks/raw_constantan, forge:raw_materials/coal, forge:ores/potassium_nitrate, forge:gears/coal, forge:plates/mithril, forge:storage_blocks/tungsten, forge:nuggets/apatite, forge:raw_materials/amber, forge:plates/lapis, forge:gears/signalum, forge:gears/amber, forge:dusts/mithril, forge:gears/lumium]
[24Nov2024 15:07:41.087] [Worker-Main-2/ERROR] [net.minecraft.server.packs.resources.SimpleJsonResourceReloadListener/]: Couldn't parse data file redeco:blocks/oak_sword_mount from redeco:loot_tables/blocks/oak_sword_mount.json
com.google.gson.JsonParseException: com.google.gson.stream.MalformedJsonException: Use JsonReader.setLenient(true) to accept malformed JSON at line 1 column 1 path $
	at net.minecraft.util.GsonHelper.m_13780_(GsonHelper.java:526) ~[server-1.20.1-20230612.114412-srg.jar%23699!/:?]
	at net.minecraft.util.GsonHelper.m_263475_(GsonHelper.java:531) ~[server-1.20.1-20230612.114412-srg.jar%23699!/:?]
	at net.minecraft.util.GsonHelper.m_13776_(GsonHelper.java:581) ~[server-1.20.1-20230612.114412-srg.jar%23699!/:?]
	at net.minecraft.server.packs.resources.SimpleJsonResourceReloadListener.m_278771_(SimpleJsonResourceReloadListener.java:41) ~[server-1.20.1-20230612.114412-srg.jar%23699!/:?]
	at net.minecraft.world.level.storage.loot.LootDataManager.m_278660_(LootDataManager.java:54) ~[server-1.20.1-20230612.114412-srg.jar%23699!/:?]
	at java.util.concurrent.CompletableFuture$AsyncRun.run(CompletableFuture.java:1804) ~[?:?]
	at java.util.concurrent.CompletableFuture$AsyncRun.exec(CompletableFuture.java:1796) ~[?:?]
	at java.util.concurrent.ForkJoinTask.doExec(ForkJoinTask.java:387) ~[?:?]
	at java.util.concurrent.ForkJoinPool$WorkQueue.topLevelExec(ForkJoinPool.java:1312) ~[?:?]
	at java.util.concurrent.ForkJoinPool.scan(ForkJoinPool.java:1843) ~[?:?]
	at java.util.concurrent.ForkJoinPool.runWorker(ForkJoinPool.java:1808) ~[?:?]
	at java.util.concurrent.ForkJoinWorkerThread.run(ForkJoinWorkerThread.java:188) ~[?:?]
Caused by: com.google.gson.stream.MalformedJsonException: Use JsonReader.setLenient(true) to accept malformed JSON at line 1 column 1 path $
	at com.google.gson.stream.JsonReader.syntaxError(JsonReader.java:1657) ~[gson-2.10.jar%2372!/:?]
	at com.google.gson.stream.JsonReader.checkLenient(JsonReader.java:1463) ~[gson-2.10.jar%2372!/:?]
	at com.google.gson.stream.JsonReader.doPeek(JsonReader.java:602) ~[gson-2.10.jar%2372!/:?]
	at com.google.gson.stream.JsonReader.peek(JsonReader.java:433) ~[gson-2.10.jar%2372!/:?]
	at com.google.gson.internal.bind.TypeAdapters$28.read(TypeAdapters.java:769) ~[gson-2.10.jar%2372!/:?]
	at com.google.gson.internal.bind.TypeAdapters$28.read(TypeAdapters.java:725) ~[gson-2.10.jar%2372!/:?]
	at com.google.gson.internal.bind.TypeAdapters$34$1.read(TypeAdapters.java:1007) ~[gson-2.10.jar%2372!/:?]
	at net.minecraft.util.GsonHelper.m_13780_(GsonHelper.java:524) ~[server-1.20.1-20230612.114412-srg.jar%23699!/:?]
	... 11 more
[24Nov2024 15:07:41.353] [Worker-Main-2/INFO] [Spartan Weaponry/]: Adding Diamond Weapons to the End City Treasure Loot Table!
[24Nov2024 15:07:41.492] [Worker-Main-2/ERROR] [net.minecraftforge.common.ForgeHooks/]: Couldn't parse element loot_tables:mynethersdelight:blocks/blackstone_cooking_pot
com.google.gson.JsonSyntaxException: Unknown type 'mynethersdelight:copy_meal'
	at net.minecraft.world.level.storage.loot.GsonAdapterFactory$JsonAdapter.deserialize(GsonAdapterFactory.java:99) ~[server-1.20.1-20230612.114412-srg.jar%23699!/:?]
	at com.google.gson.internal.bind.TreeTypeAdapter.read(TreeTypeAdapter.java:76) ~[gson-2.10.jar%2372!/:?]
	at com.google.gson.internal.bind.TypeAdapterRuntimeTypeWrapper.read(TypeAdapterRuntimeTypeWrapper.java:40) ~[gson-2.10.jar%2372!/:?]
	at com.google.gson.internal.bind.ArrayTypeAdapter.read(ArrayTypeAdapter.java:72) ~[gson-2.10.jar%2372!/:?]
	at com.google.gson.Gson.fromJson(Gson.java:1214) ~[gson-2.10.jar%2372!/:?]
	at com.google.gson.Gson.fromJson(Gson.java:1319) ~[gson-2.10.jar%2372!/:?]
	at com.google.gson.Gson.fromJson(Gson.java:1290) ~[gson-2.10.jar%2372!/:?]
	at com.google.gson.internal.bind.TreeTypeAdapter$GsonContextImpl.deserialize(TreeTypeAdapter.java:179) ~[gson-2.10.jar%2372!/:?]
	at net.minecraft.util.GsonHelper.m_13808_(GsonHelper.java:463) ~[server-1.20.1-20230612.114412-srg.jar%23699!/:?]
	at net.minecraft.util.GsonHelper.m_13845_(GsonHelper.java:481) ~[server-1.20.1-20230612.114412-srg.jar%23699!/:?]
	at net.minecraft.world.level.storage.loot.entries.LootPoolSingletonContainer$Serializer.m_5921_(LootPoolSingletonContainer.java:149) ~[server-1.20.1-20230612.114412-srg.jar%23699!/:?]
	at net.minecraft.world.level.storage.loot.entries.LootPoolSingletonContainer$Serializer.m_5921_(LootPoolSingletonContainer.java:129) ~[server-1.20.1-20230612.114412-srg.jar%23699!/:?]
	at net.minecraft.world.level.storage.loot.entries.LootPoolEntryContainer$Serializer.m_7561_(LootPoolEntryContainer.java:86) ~[server-1.20.1-20230612.114412-srg.jar%23699!/:?]
	at net.minecraft.world.level.storage.loot.entries.LootPoolEntryContainer$Serializer.m_7561_(LootPoolEntryContainer.java:74) ~[server-1.20.1-20230612.114412-srg.jar%23699!/:?]
	at net.minecraft.world.level.storage.loot.GsonAdapterFactory$JsonAdapter.deserialize(GsonAdapterFactory.java:102) ~[server-1.20.1-20230612.114412-srg.jar%23699!/:?]
	at com.google.gson.internal.bind.TreeTypeAdapter.read(TreeTypeAdapter.java:76) ~[gson-2.10.jar%2372!/:?]
	at com.google.gson.internal.bind.TypeAdapterRuntimeTypeWrapper.read(TypeAdapterRuntimeTypeWrapper.java:40) ~[gson-2.10.jar%2372!/:?]
	at com.google.gson.internal.bind.ArrayTypeAdapter.read(ArrayTypeAdapter.java:72) ~[gson-2.10.jar%2372!/:?]
	at com.google.gson.Gson.fromJson(Gson.java:1214) ~[gson-2.10.jar%2372!/:?]
	at com.google.gson.Gson.fromJson(Gson.java:1319) ~[gson-2.10.jar%2372!/:?]
	at com.google.gson.Gson.fromJson(Gson.java:1290) ~[gson-2.10.jar%2372!/:?]
	at com.google.gson.internal.bind.TreeTypeAdapter$GsonContextImpl.deserialize(TreeTypeAdapter.java:179) ~[gson-2.10.jar%2372!/:?]
	at net.minecraft.util.GsonHelper.m_13808_(GsonHelper.java:463) ~[server-1.20.1-20230612.114412-srg.jar%23699!/:?]
	at net.minecraft.util.GsonHelper.m_13836_(GsonHelper.java:471) ~[server-1.20.1-20230612.114412-srg.jar%23699!/:?]
	at net.minecraft.world.level.storage.loot.LootPool$Serializer.deserialize(LootPool.java:192) ~[server-1.20.1-20230612.114412-srg.jar%23699!/:?]
	at net.minecraft.world.level.storage.loot.LootPool$Serializer.deserialize(LootPool.java:189) ~[server-1.20.1-20230612.114412-srg.jar%23699!/:?]
	at com.google.gson.internal.bind.TreeTypeAdapter.read(TreeTypeAdapter.java:76) ~[gson-2.10.jar%2372!/:?]
	at com.google.gson.internal.bind.TypeAdapterRuntimeTypeWrapper.read(TypeAdapterRuntimeTypeWrapper.java:40) ~[gson-2.10.jar%2372!/:?]
	at com.google.gson.internal.bind.ArrayTypeAdapter.read(ArrayTypeAdapter.java:72) ~[gson-2.10.jar%2372!/:?]
	at com.google.gson.Gson.fromJson(Gson.java:1214) ~[gson-2.10.jar%2372!/:?]
	at com.google.gson.Gson.fromJson(Gson.java:1319) ~[gson-2.10.jar%2372!/:?]
	at com.google.gson.Gson.fromJson(Gson.java:1290) ~[gson-2.10.jar%2372!/:?]
	at com.google.gson.internal.bind.TreeTypeAdapter$GsonContextImpl.deserialize(TreeTypeAdapter.java:179) ~[gson-2.10.jar%2372!/:?]
	at net.minecraft.util.GsonHelper.m_13808_(GsonHelper.java:463) ~[server-1.20.1-20230612.114412-srg.jar%23699!/:?]
	at net.minecraft.util.GsonHelper.m_13845_(GsonHelper.java:481) ~[server-1.20.1-20230612.114412-srg.jar%23699!/:?]
	at net.minecraft.world.level.storage.loot.LootTable$Serializer.deserialize(LootTable.java:294) ~[server-1.20.1-20230612.114412-srg.jar%23699!/:?]
	at net.minecraft.world.level.storage.loot.LootTable$Serializer.deserialize(LootTable.java:291) ~[server-1.20.1-20230612.114412-srg.jar%23699!/:?]
	at com.google.gson.internal.bind.TreeTypeAdapter.read(TreeTypeAdapter.java:76) ~[gson-2.10.jar%2372!/:?]
	at com.google.gson.Gson.fromJson(Gson.java:1214) ~[gson-2.10.jar%2372!/:?]
	at com.google.gson.Gson.fromJson(Gson.java:1319) ~[gson-2.10.jar%2372!/:?]
	at com.google.gson.Gson.fromJson(Gson.java:1261) ~[gson-2.10.jar%2372!/:?]
	at net.minecraftforge.common.ForgeHooks.loadLootTable(ForgeHooks.java:871) ~[forge-1.20.1-47.2.0-universal.jar%23704!/:?]
	at net.minecraftforge.common.ForgeHooks.lambda$getLootTableDeserializer$3(ForgeHooks.java:848) ~[forge-1.20.1-47.2.0-universal.jar%23704!/:?]
	at net.minecraft.world.level.storage.loot.LootDataType.deserialize(LootDataType.java:45) ~[server-1.20.1-20230612.114412-srg.jar%23699!/:?]
	at net.minecraft.world.level.storage.loot.LootDataManager.lambda$scheduleElementParse$4(LootDataManager.java:56) ~[server-1.20.1-20230612.114412-srg.jar%23699!/:?]
	at java.util.HashMap.forEach(HashMap.java:1429) ~[?:?]
	at net.minecraft.world.level.storage.loot.LootDataManager.m_278660_(LootDataManager.java:55) ~[server-1.20.1-20230612.114412-srg.jar%23699!/:?]
	at java.util.concurrent.CompletableFuture$AsyncRun.run(CompletableFuture.java:1804) ~[?:?]
	at java.util.concurrent.CompletableFuture$AsyncRun.exec(CompletableFuture.java:1796) ~[?:?]
	at java.util.concurrent.ForkJoinTask.doExec(ForkJoinTask.java:387) ~[?:?]
	at java.util.concurrent.ForkJoinPool$WorkQueue.topLevelExec(ForkJoinPool.java:1312) ~[?:?]
	at java.util.concurrent.ForkJoinPool.scan(ForkJoinPool.java:1843) ~[?:?]
	at java.util.concurrent.ForkJoinPool.runWorker(ForkJoinPool.java:1808) ~[?:?]
	at java.util.concurrent.ForkJoinWorkerThread.run(ForkJoinWorkerThread.java:188) ~[?:?]
[24Nov2024 15:07:41.949] [Worker-Main-2/ERROR] [net.minecraftforge.common.ForgeHooks/]: Couldn't parse element loot_tables:yuushya:blocks/painter_gift_box
com.google.gson.JsonSyntaxException: Expected name to be an item, was unknown string 'yuushya:get_lit_item'
	at net.minecraft.util.GsonHelper.m_13866_(GsonHelper.java:145) ~[server-1.20.1-20230612.114412-srg.jar%23699!/:?]
	at java.util.Optional.orElseThrow(Optional.java:403) ~[?:?]
	at net.minecraft.util.GsonHelper.m_13874_(GsonHelper.java:145) ~[server-1.20.1-20230612.114412-srg.jar%23699!/:?]
	at net.minecraft.util.GsonHelper.m_13909_(GsonHelper.java:153) ~[server-1.20.1-20230612.114412-srg.jar%23699!/:?]
	at net.minecraft.world.level.storage.loot.entries.LootItem$Serializer.m_7267_(LootItem.java:55) ~[server-1.20.1-20230612.114412-srg.jar%23699!/:?]
	at net.minecraft.world.level.storage.loot.entries.LootItem$Serializer.m_7267_(LootItem.java:40) ~[server-1.20.1-20230612.114412-srg.jar%23699!/:?]
	at net.minecraft.world.level.storage.loot.entries.LootPoolSingletonContainer$Serializer.m_5921_(LootPoolSingletonContainer.java:151) ~[server-1.20.1-20230612.114412-srg.jar%23699!/:?]
	at net.minecraft.world.level.storage.loot.entries.LootPoolSingletonContainer$Serializer.m_5921_(LootPoolSingletonContainer.java:129) ~[server-1.20.1-20230612.114412-srg.jar%23699!/:?]
	at net.minecraft.world.level.storage.loot.entries.LootPoolEntryContainer$Serializer.m_7561_(LootPoolEntryContainer.java:86) ~[server-1.20.1-20230612.114412-srg.jar%23699!/:?]
	at net.minecraft.world.level.storage.loot.entries.LootPoolEntryContainer$Serializer.m_7561_(LootPoolEntryContainer.java:74) ~[server-1.20.1-20230612.114412-srg.jar%23699!/:?]
	at net.minecraft.world.level.storage.loot.GsonAdapterFactory$JsonAdapter.deserialize(GsonAdapterFactory.java:102) ~[server-1.20.1-20230612.114412-srg.jar%23699!/:?]
	at com.google.gson.internal.bind.TreeTypeAdapter.read(TreeTypeAdapter.java:76) ~[gson-2.10.jar%2372!/:?]
	at com.google.gson.internal.bind.TypeAdapterRuntimeTypeWrapper.read(TypeAdapterRuntimeTypeWrapper.java:40) ~[gson-2.10.jar%2372!/:?]
	at com.google.gson.internal.bind.ArrayTypeAdapter.read(ArrayTypeAdapter.java:72) ~[gson-2.10.jar%2372!/:?]
	at com.google.gson.Gson.fromJson(Gson.java:1214) ~[gson-2.10.jar%2372!/:?]
	at com.google.gson.Gson.fromJson(Gson.java:1319) ~[gson-2.10.jar%2372!/:?]
	at com.google.gson.Gson.fromJson(Gson.java:1290) ~[gson-2.10.jar%2372!/:?]
	at com.google.gson.internal.bind.TreeTypeAdapter$GsonContextImpl.deserialize(TreeTypeAdapter.java:179) ~[gson-2.10.jar%2372!/:?]
	at net.minecraft.util.GsonHelper.m_13808_(GsonHelper.java:463) ~[server-1.20.1-20230612.114412-srg.jar%23699!/:?]
	at net.minecraft.util.GsonHelper.m_13836_(GsonHelper.java:471) ~[server-1.20.1-20230612.114412-srg.jar%23699!/:?]
	at net.minecraft.world.level.storage.loot.LootPool$Serializer.deserialize(LootPool.java:192) ~[server-1.20.1-20230612.114412-srg.jar%23699!/:?]
	at net.minecraft.world.level.storage.loot.LootPool$Serializer.deserialize(LootPool.java:189) ~[server-1.20.1-20230612.114412-srg.jar%23699!/:?]
	at com.google.gson.internal.bind.TreeTypeAdapter.read(TreeTypeAdapter.java:76) ~[gson-2.10.jar%2372!/:?]
	at com.google.gson.internal.bind.TypeAdapterRuntimeTypeWrapper.read(TypeAdapterRuntimeTypeWrapper.java:40) ~[gson-2.10.jar%2372!/:?]
	at com.google.gson.internal.bind.ArrayTypeAdapter.read(ArrayTypeAdapter.java:72) ~[gson-2.10.jar%2372!/:?]
	at com.google.gson.Gson.fromJson(Gson.java:1214) ~[gson-2.10.jar%2372!/:?]
	at com.google.gson.Gson.fromJson(Gson.java:1319) ~[gson-2.10.jar%2372!/:?]
	at com.google.gson.Gson.fromJson(Gson.java:1290) ~[gson-2.10.jar%2372!/:?]
	at com.google.gson.internal.bind.TreeTypeAdapter$GsonContextImpl.deserialize(TreeTypeAdapter.java:179) ~[gson-2.10.jar%2372!/:?]
	at net.minecraft.util.GsonHelper.m_13808_(GsonHelper.java:463) ~[server-1.20.1-20230612.114412-srg.jar%23699!/:?]
	at net.minecraft.util.GsonHelper.m_13845_(GsonHelper.java:481) ~[server-1.20.1-20230612.114412-srg.jar%23699!/:?]
	at net.minecraft.world.level.storage.loot.LootTable$Serializer.deserialize(LootTable.java:294) ~[server-1.20.1-20230612.114412-srg.jar%23699!/:?]
	at net.minecraft.world.level.storage.loot.LootTable$Serializer.deserialize(LootTable.java:291) ~[server-1.20.1-20230612.114412-srg.jar%23699!/:?]
	at com.google.gson.internal.bind.TreeTypeAdapter.read(TreeTypeAdapter.java:76) ~[gson-2.10.jar%2372!/:?]
	at com.google.gson.Gson.fromJson(Gson.java:1214) ~[gson-2.10.jar%2372!/:?]
	at com.google.gson.Gson.fromJson(Gson.java:1319) ~[gson-2.10.jar%2372!/:?]
	at com.google.gson.Gson.fromJson(Gson.java:1261) ~[gson-2.10.jar%2372!/:?]
	at net.minecraftforge.common.ForgeHooks.loadLootTable(ForgeHooks.java:871) ~[forge-1.20.1-47.2.0-universal.jar%23704!/:?]
	at net.minecraftforge.common.ForgeHooks.lambda$getLootTableDeserializer$3(ForgeHooks.java:848) ~[forge-1.20.1-47.2.0-universal.jar%23704!/:?]
	at net.minecraft.world.level.storage.loot.LootDataType.deserialize(LootDataType.java:45) ~[server-1.20.1-20230612.114412-srg.jar%23699!/:?]
	at net.minecraft.world.level.storage.loot.LootDataManager.lambda$scheduleElementParse$4(LootDataManager.java:56) ~[server-1.20.1-20230612.114412-srg.jar%23699!/:?]
	at java.util.HashMap.forEach(HashMap.java:1429) ~[?:?]
	at net.minecraft.world.level.storage.loot.LootDataManager.m_278660_(LootDataManager.java:55) ~[server-1.20.1-20230612.114412-srg.jar%23699!/:?]
	at java.util.concurrent.CompletableFuture$AsyncRun.run(CompletableFuture.java:1804) ~[?:?]
	at java.util.concurrent.CompletableFuture$AsyncRun.exec(CompletableFuture.java:1796) ~[?:?]
	at java.util.concurrent.ForkJoinTask.doExec(ForkJoinTask.java:387) ~[?:?]
	at java.util.concurrent.ForkJoinPool$WorkQueue.topLevelExec(ForkJoinPool.java:1312) ~[?:?]
	at java.util.concurrent.ForkJoinPool.scan(ForkJoinPool.java:1843) ~[?:?]
	at java.util.concurrent.ForkJoinPool.runWorker(ForkJoinPool.java:1808) ~[?:?]
	at java.util.concurrent.ForkJoinWorkerThread.run(ForkJoinWorkerThread.java:188) ~[?:?]
[24Nov2024 15:07:41.952] [Worker-Main-2/INFO] [Spartan Weaponry/]: Adding Longbow and Heavy Crossbow related loot to the Village Fletcher Loot Table!
[24Nov2024 15:07:41.992] [Worker-Main-2/ERROR] [net.minecraftforge.common.ForgeHooks/]: Couldn't parse element loot_tables:redeco:blocks/soul_terrarium
com.google.gson.JsonSyntaxException: Expected name to be an item, was unknown string 'redeco:soul_terrarium'
	at net.minecraft.util.GsonHelper.m_13866_(GsonHelper.java:145) ~[server-1.20.1-20230612.114412-srg.jar%23699!/:?]
	at java.util.Optional.orElseThrow(Optional.java:403) ~[?:?]
	at net.minecraft.util.GsonHelper.m_13874_(GsonHelper.java:145) ~[server-1.20.1-20230612.114412-srg.jar%23699!/:?]
	at net.minecraft.util.GsonHelper.m_13909_(GsonHelper.java:153) ~[server-1.20.1-20230612.114412-srg.jar%23699!/:?]
	at net.minecraft.world.level.storage.loot.entries.LootItem$Serializer.m_7267_(LootItem.java:55) ~[server-1.20.1-20230612.114412-srg.jar%23699!/:?]
	at net.minecraft.world.level.storage.loot.entries.LootItem$Serializer.m_7267_(LootItem.java:40) ~[server-1.20.1-20230612.114412-srg.jar%23699!/:?]
	at net.minecraft.world.level.storage.loot.entries.LootPoolSingletonContainer$Serializer.m_5921_(LootPoolSingletonContainer.java:151) ~[server-1.20.1-20230612.114412-srg.jar%23699!/:?]
	at net.minecraft.world.level.storage.loot.entries.LootPoolSingletonContainer$Serializer.m_5921_(LootPoolSingletonContainer.java:129) ~[server-1.20.1-20230612.114412-srg.jar%23699!/:?]
	at net.minecraft.world.level.storage.loot.entries.LootPoolEntryContainer$Serializer.m_7561_(LootPoolEntryContainer.java:86) ~[server-1.20.1-20230612.114412-srg.jar%23699!/:?]
	at net.minecraft.world.level.storage.loot.entries.LootPoolEntryContainer$Serializer.m_7561_(LootPoolEntryContainer.java:74) ~[server-1.20.1-20230612.114412-srg.jar%23699!/:?]
	at net.minecraft.world.level.storage.loot.GsonAdapterFactory$JsonAdapter.deserialize(GsonAdapterFactory.java:102) ~[server-1.20.1-20230612.114412-srg.jar%23699!/:?]
	at com.google.gson.internal.bind.TreeTypeAdapter.read(TreeTypeAdapter.java:76) ~[gson-2.10.jar%2372!/:?]
	at com.google.gson.internal.bind.TypeAdapterRuntimeTypeWrapper.read(TypeAdapterRuntimeTypeWrapper.java:40) ~[gson-2.10.jar%2372!/:?]
	at com.google.gson.internal.bind.ArrayTypeAdapter.read(ArrayTypeAdapter.java:72) ~[gson-2.10.jar%2372!/:?]
	at com.google.gson.Gson.fromJson(Gson.java:1214) ~[gson-2.10.jar%2372!/:?]
	at com.google.gson.Gson.fromJson(Gson.java:1319) ~[gson-2.10.jar%2372!/:?]
	at com.google.gson.Gson.fromJson(Gson.java:1290) ~[gson-2.10.jar%2372!/:?]
	at com.google.gson.internal.bind.TreeTypeAdapter$GsonContextImpl.deserialize(TreeTypeAdapter.java:179) ~[gson-2.10.jar%2372!/:?]
	at net.minecraft.util.GsonHelper.m_13808_(GsonHelper.java:463) ~[server-1.20.1-20230612.114412-srg.jar%23699!/:?]
	at net.minecraft.util.GsonHelper.m_13836_(GsonHelper.java:471) ~[server-1.20.1-20230612.114412-srg.jar%23699!/:?]
	at net.minecraft.world.level.storage.loot.LootPool$Serializer.deserialize(LootPool.java:192) ~[server-1.20.1-20230612.114412-srg.jar%23699!/:?]
	at net.minecraft.world.level.storage.loot.LootPool$Serializer.deserialize(LootPool.java:189) ~[server-1.20.1-20230612.114412-srg.jar%23699!/:?]
	at com.google.gson.internal.bind.TreeTypeAdapter.read(TreeTypeAdapter.java:76) ~[gson-2.10.jar%2372!/:?]
	at com.google.gson.internal.bind.TypeAdapterRuntimeTypeWrapper.read(TypeAdapterRuntimeTypeWrapper.java:40) ~[gson-2.10.jar%2372!/:?]
	at com.google.gson.internal.bind.ArrayTypeAdapter.read(ArrayTypeAdapter.java:72) ~[gson-2.10.jar%2372!/:?]
	at com.google.gson.Gson.fromJson(Gson.java:1214) ~[gson-2.10.jar%2372!/:?]
	at com.google.gson.Gson.fromJson(Gson.java:1319) ~[gson-2.10.jar%2372!/:?]
	at com.google.gson.Gson.fromJson(Gson.java:1290) ~[gson-2.10.jar%2372!/:?]
	at com.google.gson.internal.bind.TreeTypeAdapter$GsonContextImpl.deserialize(TreeTypeAdapter.java:179) ~[gson-2.10.jar%2372!/:?]
	at net.minecraft.util.GsonHelper.m_13808_(GsonHelper.java:463) ~[server-1.20.1-20230612.114412-srg.jar%23699!/:?]
	at net.minecraft.util.GsonHelper.m_13845_(GsonHelper.java:481) ~[server-1.20.1-20230612.114412-srg.jar%23699!/:?]
	at net.minecraft.world.level.storage.loot.LootTable$Serializer.deserialize(LootTable.java:294) ~[server-1.20.1-20230612.114412-srg.jar%23699!/:?]
	at net.minecraft.world.level.storage.loot.LootTable$Serializer.deserialize(LootTable.java:291) ~[server-1.20.1-20230612.114412-srg.jar%23699!/:?]
	at com.google.gson.internal.bind.TreeTypeAdapter.read(TreeTypeAdapter.java:76) ~[gson-2.10.jar%2372!/:?]
	at com.google.gson.Gson.fromJson(Gson.java:1214) ~[gson-2.10.jar%2372!/:?]
	at com.google.gson.Gson.fromJson(Gson.java:1319) ~[gson-2.10.jar%2372!/:?]
	at com.google.gson.Gson.fromJson(Gson.java:1261) ~[gson-2.10.jar%2372!/:?]
	at net.minecraftforge.common.ForgeHooks.loadLootTable(ForgeHooks.java:871) ~[forge-1.20.1-47.2.0-universal.jar%23704!/:?]
	at net.minecraftforge.common.ForgeHooks.lambda$getLootTableDeserializer$3(ForgeHooks.java:848) ~[forge-1.20.1-47.2.0-universal.jar%23704!/:?]
	at net.minecraft.world.level.storage.loot.LootDataType.deserialize(LootDataType.java:45) ~[server-1.20.1-20230612.114412-srg.jar%23699!/:?]
	at net.minecraft.world.level.storage.loot.LootDataManager.lambda$scheduleElementParse$4(LootDataManager.java:56) ~[server-1.20.1-20230612.114412-srg.jar%23699!/:?]
	at java.util.HashMap.forEach(HashMap.java:1429) ~[?:?]
	at net.minecraft.world.level.storage.loot.LootDataManager.m_278660_(LootDataManager.java:55) ~[server-1.20.1-20230612.114412-srg.jar%23699!/:?]
	at java.util.concurrent.CompletableFuture$AsyncRun.run(CompletableFuture.java:1804) ~[?:?]
	at java.util.concurrent.CompletableFuture$AsyncRun.exec(CompletableFuture.java:1796) ~[?:?]
	at java.util.concurrent.ForkJoinTask.doExec(ForkJoinTask.java:387) ~[?:?]
	at java.util.concurrent.ForkJoinPool$WorkQueue.topLevelExec(ForkJoinPool.java:1312) ~[?:?]
	at java.util.concurrent.ForkJoinPool.scan(ForkJoinPool.java:1843) ~[?:?]
	at java.util.concurrent.ForkJoinPool.runWorker(ForkJoinPool.java:1808) ~[?:?]
	at java.util.concurrent.ForkJoinWorkerThread.run(ForkJoinWorkerThread.java:188) ~[?:?]
[24Nov2024 15:07:42.188] [Worker-Main-2/INFO] [Spartan Weaponry/]: Adding Iron Weapons to the Village Weaponsmith Loot Table!
[24Nov2024 15:07:45.587] [main/INFO] [com.teamabnormals.blueprint.core.Blueprint/]: Loot Modification Manager has loaded 9 modifier groups
[24Nov2024 15:07:45.836] [main/WARN] [Fabric Resource Conditions/]: Skipping object {"fabric:load_conditions":[{"condition":"simpleradio:items_enabled","values":["speaker"]}],"type":"minecraft:crafting_shaped","category":"building","forge:condition":{"type":"simpleradio:items_enabled","item":"speaker"},"key":{"I":{"item":"minecraft:iron_ingot"},"R":{"item":"minecraft:redstone"},"Y":{"item":"simpleradio:speaker_module"}},"neoforge:conditions":[{"type":"simpleradio:items_enabled","item":"speaker"}],"pattern":["III","IRY","III"],"result":{"item":"simpleradio:speaker"},"show_notification":true}. Failed to parse resource conditions
com.google.gson.JsonParseException: Unknown recipe condition: simpleradio:items_enabled
	at net.fabricmc.fabric.api.resource.conditions.v1.ResourceConditions.conditionMatches(ResourceConditions.java:169) ~[fabric-resource-conditions-api-v1-2.3.8+9ad825cd77.jar%23938!/:2.3.8+9ad825cd77]
	at net.fabricmc.fabric.api.resource.conditions.v1.ResourceConditions.conditionsMatch(ResourceConditions.java:148) ~[fabric-resource-conditions-api-v1-2.3.8+9ad825cd77.jar%23938!/:2.3.8+9ad825cd77]
	at net.fabricmc.fabric.api.resource.conditions.v1.ResourceConditions.objectMatchesConditions(ResourceConditions.java:131) ~[fabric-resource-conditions-api-v1-2.3.8+9ad825cd77.jar%23938!/:2.3.8+9ad825cd77]
	at net.minecraft.server.packs.resources.SimpleJsonResourceReloadListener.fabric_applyResourceConditions(SimpleJsonResourceReloadListener.java:561) ~[server-1.20.1-20230612.114412-srg.jar%23699!/:?]
	at net.minecraft.server.packs.resources.SimplePreparableReloadListener.handler$baj000$fabric_resource_conditions_api_v1$applyResourceConditions(SimplePreparableReloadListener.java:537) ~[server-1.20.1-20230612.114412-srg.jar%23699!/:?]
	at net.minecraft.server.packs.resources.SimplePreparableReloadListener.m_10789_(SimplePreparableReloadListener.java) ~[server-1.20.1-20230612.114412-srg.jar%23699!/:?]
	at java.util.concurrent.CompletableFuture$UniAccept.tryFire(CompletableFuture.java:718) ~[?:?]
	at java.util.concurrent.CompletableFuture$Completion.run(CompletableFuture.java:482) ~[?:?]
	at net.minecraft.server.packs.resources.SimpleReloadInstance.m_143940_(SimpleReloadInstance.java:69) ~[server-1.20.1-20230612.114412-srg.jar%23699!/:?]
	at net.minecraft.Util.m_214652_(Util.java:783) ~[server-1.20.1-20230612.114412-srg.jar%23699!/:?]
	at net.minecraft.Util.m_214679_(Util.java:772) ~[server-1.20.1-20230612.114412-srg.jar%23699!/:?]
	at net.minecraft.server.Main.main(Main.java:166) ~[server-1.20.1-20230612.114412-srg.jar%23699!/:?]
	at jdk.internal.reflect.DirectMethodHandleAccessor.invoke(DirectMethodHandleAccessor.java:103) ~[?:?]
	at java.lang.reflect.Method.invoke(Method.java:580) ~[?:?]
	at net.minecraftforge.fml.loading.targets.CommonLaunchHandler.runTarget(CommonLaunchHandler.java:111) ~[fmlloader-1.20.1-47.2.0.jar%2369!/:?]
	at net.minecraftforge.fml.loading.targets.CommonLaunchHandler.serverService(CommonLaunchHandler.java:103) ~[fmlloader-1.20.1-47.2.0.jar%2369!/:?]
	at net.minecraftforge.fml.loading.targets.CommonServerLaunchHandler.lambda$makeService$0(CommonServerLaunchHandler.java:27) ~[fmlloader-1.20.1-47.2.0.jar%2369!/:?]
	at cpw.mods.modlauncher.LaunchServiceHandlerDecorator.launch(LaunchServiceHandlerDecorator.java:30) ~[modlauncher-10.0.9.jar%2355!/:?]
	at cpw.mods.modlauncher.LaunchServiceHandler.launch(LaunchServiceHandler.java:53) ~[modlauncher-10.0.9.jar%2355!/:?]
	at cpw.mods.modlauncher.LaunchServiceHandler.launch(LaunchServiceHandler.java:71) ~[modlauncher-10.0.9.jar%2355!/:?]
	at cpw.mods.modlauncher.Launcher.run(Launcher.java:108) ~[modlauncher-10.0.9.jar%2355!/:?]
	at cpw.mods.modlauncher.Launcher.main(Launcher.java:78) ~[modlauncher-10.0.9.jar%2355!/:?]
	at cpw.mods.modlauncher.BootstrapLaunchConsumer.accept(BootstrapLaunchConsumer.java:26) ~[modlauncher-10.0.9.jar%2355!/:?]
	at cpw.mods.modlauncher.BootstrapLaunchConsumer.accept(BootstrapLaunchConsumer.java:23) ~[modlauncher-10.0.9.jar%2355!/:?]
	at cpw.mods.bootstraplauncher.BootstrapLauncher.main(BootstrapLauncher.java:141) ~[bootstraplauncher-1.1.2.jar:?]
[24Nov2024 15:07:45.837] [main/WARN] [Fabric Resource Conditions/]: Skipping object {"fabric:load_conditions":[{"condition":"simpleradio:items_enabled","values":["transmitting_module"]}],"type":"minecraft:crafting_shaped","category":"misc","forge:condition":{"type":"simpleradio:items_enabled","item":"transmitting_module"},"key":{"I":{"item":"minecraft:iron_ingot"},"L":{"item":"minecraft:lapis_lazuli"},"R":{"item":"minecraft:redstone_torch"}},"neoforge:conditions":[{"type":"simpleradio:items_enabled","item":"transmitting_module"}],"pattern":["R","I","L"],"result":{"item":"simpleradio:transmitting_module"},"show_notification":true}. Failed to parse resource conditions
com.google.gson.JsonParseException: Unknown recipe condition: simpleradio:items_enabled
	at net.fabricmc.fabric.api.resource.conditions.v1.ResourceConditions.conditionMatches(ResourceConditions.java:169) ~[fabric-resource-conditions-api-v1-2.3.8+9ad825cd77.jar%23938!/:2.3.8+9ad825cd77]
	at net.fabricmc.fabric.api.resource.conditions.v1.ResourceConditions.conditionsMatch(ResourceConditions.java:148) ~[fabric-resource-conditions-api-v1-2.3.8+9ad825cd77.jar%23938!/:2.3.8+9ad825cd77]
	at net.fabricmc.fabric.api.resource.conditions.v1.ResourceConditions.objectMatchesConditions(ResourceConditions.java:131) ~[fabric-resource-conditions-api-v1-2.3.8+9ad825cd77.jar%23938!/:2.3.8+9ad825cd77]
	at net.minecraft.server.packs.resources.SimpleJsonResourceReloadListener.fabric_applyResourceConditions(SimpleJsonResourceReloadListener.java:561) ~[server-1.20.1-20230612.114412-srg.jar%23699!/:?]
	at net.minecraft.server.packs.resources.SimplePreparableReloadListener.handler$baj000$fabric_resource_conditions_api_v1$applyResourceConditions(SimplePreparableReloadListener.java:537) ~[server-1.20.1-20230612.114412-srg.jar%23699!/:?]
	at net.minecraft.server.packs.resources.SimplePreparableReloadListener.m_10789_(SimplePreparableReloadListener.java) ~[server-1.20.1-20230612.114412-srg.jar%23699!/:?]
	at java.util.concurrent.CompletableFuture$UniAccept.tryFire(CompletableFuture.java:718) ~[?:?]
	at java.util.concurrent.CompletableFuture$Completion.run(CompletableFuture.java:482) ~[?:?]
	at net.minecraft.server.packs.resources.SimpleReloadInstance.m_143940_(SimpleReloadInstance.java:69) ~[server-1.20.1-20230612.114412-srg.jar%23699!/:?]
	at net.minecraft.Util.m_214652_(Util.java:783) ~[server-1.20.1-20230612.114412-srg.jar%23699!/:?]
	at net.minecraft.Util.m_214679_(Util.java:772) ~[server-1.20.1-20230612.114412-srg.jar%23699!/:?]
	at net.minecraft.server.Main.main(Main.java:166) ~[server-1.20.1-20230612.114412-srg.jar%23699!/:?]
	at jdk.internal.reflect.DirectMethodHandleAccessor.invoke(DirectMethodHandleAccessor.java:103) ~[?:?]
	at java.lang.reflect.Method.invoke(Method.java:580) ~[?:?]
	at net.minecraftforge.fml.loading.targets.CommonLaunchHandler.runTarget(CommonLaunchHandler.java:111) ~[fmlloader-1.20.1-47.2.0.jar%2369!/:?]
	at net.minecraftforge.fml.loading.targets.CommonLaunchHandler.serverService(CommonLaunchHandler.java:103) ~[fmlloader-1.20.1-47.2.0.jar%2369!/:?]
	at net.minecraftforge.fml.loading.targets.CommonServerLaunchHandler.lambda$makeService$0(CommonServerLaunchHandler.java:27) ~[fmlloader-1.20.1-47.2.0.jar%2369!/:?]
	at cpw.mods.modlauncher.LaunchServiceHandlerDecorator.launch(LaunchServiceHandlerDecorator.java:30) ~[modlauncher-10.0.9.jar%2355!/:?]
	at cpw.mods.modlauncher.LaunchServiceHandler.launch(LaunchServiceHandler.java:53) ~[modlauncher-10.0.9.jar%2355!/:?]
	at cpw.mods.modlauncher.LaunchServiceHandler.launch(LaunchServiceHandler.java:71) ~[modlauncher-10.0.9.jar%2355!/:?]
	at cpw.mods.modlauncher.Launcher.run(Launcher.java:108) ~[modlauncher-10.0.9.jar%2355!/:?]
	at cpw.mods.modlauncher.Launcher.main(Launcher.java:78) ~[modlauncher-10.0.9.jar%2355!/:?]
	at cpw.mods.modlauncher.BootstrapLaunchConsumer.accept(BootstrapLaunchConsumer.java:26) ~[modlauncher-10.0.9.jar%2355!/:?]
	at cpw.mods.modlauncher.BootstrapLaunchConsumer.accept(BootstrapLaunchConsumer.java:23) ~[modlauncher-10.0.9.jar%2355!/:?]
	at cpw.mods.bootstraplauncher.BootstrapLauncher.main(BootstrapLauncher.java:141) ~[bootstraplauncher-1.1.2.jar:?]
[24Nov2024 15:07:45.839] [main/WARN] [Fabric Resource Conditions/]: Skipping object {"fabric:load_conditions":[{"condition":"simpleradio:items_enabled","values":["listener_module"]}],"type":"minecraft:crafting_shaped","category":"misc","forge:condition":{"type":"simpleradio:items_enabled","item":"listener_module"},"key":{"C":{"item":"minecraft:copper_ingot"},"R":{"item":"minecraft:redstone"},"W":{"tag":"minecraft:wool"}},"neoforge:conditions":[{"type":"simpleradio:items_enabled","item":"listener_module"}],"pattern":["R","C","W"],"result":{"item":"simpleradio:listener_module"},"show_notification":true}. Failed to parse resource conditions
com.google.gson.JsonParseException: Unknown recipe condition: simpleradio:items_enabled
	at net.fabricmc.fabric.api.resource.conditions.v1.ResourceConditions.conditionMatches(ResourceConditions.java:169) ~[fabric-resource-conditions-api-v1-2.3.8+9ad825cd77.jar%23938!/:2.3.8+9ad825cd77]
	at net.fabricmc.fabric.api.resource.conditions.v1.ResourceConditions.conditionsMatch(ResourceConditions.java:148) ~[fabric-resource-conditions-api-v1-2.3.8+9ad825cd77.jar%23938!/:2.3.8+9ad825cd77]
	at net.fabricmc.fabric.api.resource.conditions.v1.ResourceConditions.objectMatchesConditions(ResourceConditions.java:131) ~[fabric-resource-conditions-api-v1-2.3.8+9ad825cd77.jar%23938!/:2.3.8+9ad825cd77]
	at net.minecraft.server.packs.resources.SimpleJsonResourceReloadListener.fabric_applyResourceConditions(SimpleJsonResourceReloadListener.java:561) ~[server-1.20.1-20230612.114412-srg.jar%23699!/:?]
	at net.minecraft.server.packs.resources.SimplePreparableReloadListener.handler$baj000$fabric_resource_conditions_api_v1$applyResourceConditions(SimplePreparableReloadListener.java:537) ~[server-1.20.1-20230612.114412-srg.jar%23699!/:?]
	at net.minecraft.server.packs.resources.SimplePreparableReloadListener.m_10789_(SimplePreparableReloadListener.java) ~[server-1.20.1-20230612.114412-srg.jar%23699!/:?]
	at java.util.concurrent.CompletableFuture$UniAccept.tryFire(CompletableFuture.java:718) ~[?:?]
	at java.util.concurrent.CompletableFuture$Completion.run(CompletableFuture.java:482) ~[?:?]
	at net.minecraft.server.packs.resources.SimpleReloadInstance.m_143940_(SimpleReloadInstance.java:69) ~[server-1.20.1-20230612.114412-srg.jar%23699!/:?]
	at net.minecraft.Util.m_214652_(Util.java:783) ~[server-1.20.1-20230612.114412-srg.jar%23699!/:?]
	at net.minecraft.Util.m_214679_(Util.java:772) ~[server-1.20.1-20230612.114412-srg.jar%23699!/:?]
	at net.minecraft.server.Main.main(Main.java:166) ~[server-1.20.1-20230612.114412-srg.jar%23699!/:?]
	at jdk.internal.reflect.DirectMethodHandleAccessor.invoke(DirectMethodHandleAccessor.java:103) ~[?:?]
	at java.lang.reflect.Method.invoke(Method.java:580) ~[?:?]
	at net.minecraftforge.fml.loading.targets.CommonLaunchHandler.runTarget(CommonLaunchHandler.java:111) ~[fmlloader-1.20.1-47.2.0.jar%2369!/:?]
	at net.minecraftforge.fml.loading.targets.CommonLaunchHandler.serverService(CommonLaunchHandler.java:103) ~[fmlloader-1.20.1-47.2.0.jar%2369!/:?]
	at net.minecraftforge.fml.loading.targets.CommonServerLaunchHandler.lambda$makeService$0(CommonServerLaunchHandler.java:27) ~[fmlloader-1.20.1-47.2.0.jar%2369!/:?]
	at cpw.mods.modlauncher.LaunchServiceHandlerDecorator.launch(LaunchServiceHandlerDecorator.java:30) ~[modlauncher-10.0.9.jar%2355!/:?]
	at cpw.mods.modlauncher.LaunchServiceHandler.launch(LaunchServiceHandler.java:53) ~[modlauncher-10.0.9.jar%2355!/:?]
	at cpw.mods.modlauncher.LaunchServiceHandler.launch(LaunchServiceHandler.java:71) ~[modlauncher-10.0.9.jar%2355!/:?]
	at cpw.mods.modlauncher.Launcher.run(Launcher.java:108) ~[modlauncher-10.0.9.jar%2355!/:?]
	at cpw.mods.modlauncher.Launcher.main(Launcher.java:78) ~[modlauncher-10.0.9.jar%2355!/:?]
	at cpw.mods.modlauncher.BootstrapLaunchConsumer.accept(BootstrapLaunchConsumer.java:26) ~[modlauncher-10.0.9.jar%2355!/:?]
	at cpw.mods.modlauncher.BootstrapLaunchConsumer.accept(BootstrapLaunchConsumer.java:23) ~[modlauncher-10.0.9.jar%2355!/:?]
	at cpw.mods.bootstraplauncher.BootstrapLauncher.main(BootstrapLauncher.java:141) ~[bootstraplauncher-1.1.2.jar:?]
[24Nov2024 15:07:45.840] [main/WARN] [Fabric Resource Conditions/]: Skipping object {"fabric:load_conditions":[{"condition":"simpleradio:items_enabled","values":["spuddie_talkie"]}],"type":"minecraft:crafting_shaped","category":"equipment","forge:condition":{"type":"simpleradio:items_enabled","item":"spuddie_talkie"},"key":{"C":{"item":"minecraft:copper_ingot"},"I":{"item":"minecraft:iron_ingot"},"P":{"item":"minecraft:potato"}},"neoforge:conditions":[{"type":"simpleradio:items_enabled","item":"spuddie_talkie"}],"pattern":[" I "," P "," C "],"result":{"item":"simpleradio:spuddie_talkie"},"show_notification":true}. Failed to parse resource conditions
com.google.gson.JsonParseException: Unknown recipe condition: simpleradio:items_enabled
	at net.fabricmc.fabric.api.resource.conditions.v1.ResourceConditions.conditionMatches(ResourceConditions.java:169) ~[fabric-resource-conditions-api-v1-2.3.8+9ad825cd77.jar%23938!/:2.3.8+9ad825cd77]
	at net.fabricmc.fabric.api.resource.conditions.v1.ResourceConditions.conditionsMatch(ResourceConditions.java:148) ~[fabric-resource-conditions-api-v1-2.3.8+9ad825cd77.jar%23938!/:2.3.8+9ad825cd77]
	at net.fabricmc.fabric.api.resource.conditions.v1.ResourceConditions.objectMatchesConditions(ResourceConditions.java:131) ~[fabric-resource-conditions-api-v1-2.3.8+9ad825cd77.jar%23938!/:2.3.8+9ad825cd77]
	at net.minecraft.server.packs.resources.SimpleJsonResourceReloadListener.fabric_applyResourceConditions(SimpleJsonResourceReloadListener.java:561) ~[server-1.20.1-20230612.114412-srg.jar%23699!/:?]
	at net.minecraft.server.packs.resources.SimplePreparableReloadListener.handler$baj000$fabric_resource_conditions_api_v1$applyResourceConditions(SimplePreparableReloadListener.java:537) ~[server-1.20.1-20230612.114412-srg.jar%23699!/:?]
	at net.minecraft.server.packs.resources.SimplePreparableReloadListener.m_10789_(SimplePreparableReloadListener.java) ~[server-1.20.1-20230612.114412-srg.jar%23699!/:?]
	at java.util.concurrent.CompletableFuture$UniAccept.tryFire(CompletableFuture.java:718) ~[?:?]
	at java.util.concurrent.CompletableFuture$Completion.run(CompletableFuture.java:482) ~[?:?]
	at net.minecraft.server.packs.resources.SimpleReloadInstance.m_143940_(SimpleReloadInstance.java:69) ~[server-1.20.1-20230612.114412-srg.jar%23699!/:?]
	at net.minecraft.Util.m_214652_(Util.java:783) ~[server-1.20.1-20230612.114412-srg.jar%23699!/:?]
	at net.minecraft.Util.m_214679_(Util.java:772) ~[server-1.20.1-20230612.114412-srg.jar%23699!/:?]
	at net.minecraft.server.Main.main(Main.java:166) ~[server-1.20.1-20230612.114412-srg.jar%23699!/:?]
	at jdk.internal.reflect.DirectMethodHandleAccessor.invoke(DirectMethodHandleAccessor.java:103) ~[?:?]
	at java.lang.reflect.Method.invoke(Method.java:580) ~[?:?]
	at net.minecraftforge.fml.loading.targets.CommonLaunchHandler.runTarget(CommonLaunchHandler.java:111) ~[fmlloader-1.20.1-47.2.0.jar%2369!/:?]
	at net.minecraftforge.fml.loading.targets.CommonLaunchHandler.serverService(CommonLaunchHandler.java:103) ~[fmlloader-1.20.1-47.2.0.jar%2369!/:?]
	at net.minecraftforge.fml.loading.targets.CommonServerLaunchHandler.lambda$makeService$0(CommonServerLaunchHandler.java:27) ~[fmlloader-1.20.1-47.2.0.jar%2369!/:?]
	at cpw.mods.modlauncher.LaunchServiceHandlerDecorator.launch(LaunchServiceHandlerDecorator.java:30) ~[modlauncher-10.0.9.jar%2355!/:?]
	at cpw.mods.modlauncher.LaunchServiceHandler.launch(LaunchServiceHandler.java:53) ~[modlauncher-10.0.9.jar%2355!/:?]
	at cpw.mods.modlauncher.LaunchServiceHandler.launch(LaunchServiceHandler.java:71) ~[modlauncher-10.0.9.jar%2355!/:?]
	at cpw.mods.modlauncher.Launcher.run(Launcher.java:108) ~[modlauncher-10.0.9.jar%2355!/:?]
	at cpw.mods.modlauncher.Launcher.main(Launcher.java:78) ~[modlauncher-10.0.9.jar%2355!/:?]
	at cpw.mods.modlauncher.BootstrapLaunchConsumer.accept(BootstrapLaunchConsumer.java:26) ~[modlauncher-10.0.9.jar%2355!/:?]
	at cpw.mods.modlauncher.BootstrapLaunchConsumer.accept(BootstrapLaunchConsumer.java:23) ~[modlauncher-10.0.9.jar%2355!/:?]
	at cpw.mods.bootstraplauncher.BootstrapLauncher.main(BootstrapLauncher.java:141) ~[bootstraplauncher-1.1.2.jar:?]
[24Nov2024 15:07:45.845] [main/WARN] [Fabric Resource Conditions/]: Skipping object {"fabric:load_conditions":[{"condition":"simpleradio:items_enabled","values":["speaker_module"]}],"type":"minecraft:crafting_shaped","category":"misc","forge:condition":{"type":"simpleradio:items_enabled","item":"speaker_module"},"key":{"I":{"item":"minecraft:iron_ingot"},"N":{"item":"minecraft:note_block"},"R":{"item":"minecraft:redstone"}},"neoforge:conditions":[{"type":"simpleradio:items_enabled","item":"speaker_module"}],"pattern":["R","I","N"],"result":{"item":"simpleradio:speaker_module"},"show_notification":true}. Failed to parse resource conditions
com.google.gson.JsonParseException: Unknown recipe condition: simpleradio:items_enabled
	at net.fabricmc.fabric.api.resource.conditions.v1.ResourceConditions.conditionMatches(ResourceConditions.java:169) ~[fabric-resource-conditions-api-v1-2.3.8+9ad825cd77.jar%23938!/:2.3.8+9ad825cd77]
	at net.fabricmc.fabric.api.resource.conditions.v1.ResourceConditions.conditionsMatch(ResourceConditions.java:148) ~[fabric-resource-conditions-api-v1-2.3.8+9ad825cd77.jar%23938!/:2.3.8+9ad825cd77]
	at net.fabricmc.fabric.api.resource.conditions.v1.ResourceConditions.objectMatchesConditions(ResourceConditions.java:131) ~[fabric-resource-conditions-api-v1-2.3.8+9ad825cd77.jar%23938!/:2.3.8+9ad825cd77]
	at net.minecraft.server.packs.resources.SimpleJsonResourceReloadListener.fabric_applyResourceConditions(SimpleJsonResourceReloadListener.java:561) ~[server-1.20.1-20230612.114412-srg.jar%23699!/:?]
	at net.minecraft.server.packs.resources.SimplePreparableReloadListener.handler$baj000$fabric_resource_conditions_api_v1$applyResourceConditions(SimplePreparableReloadListener.java:537) ~[server-1.20.1-20230612.114412-srg.jar%23699!/:?]
	at net.minecraft.server.packs.resources.SimplePreparableReloadListener.m_10789_(SimplePreparableReloadListener.java) ~[server-1.20.1-20230612.114412-srg.jar%23699!/:?]
	at java.util.concurrent.CompletableFuture$UniAccept.tryFire(CompletableFuture.java:718) ~[?:?]
	at java.util.concurrent.CompletableFuture$Completion.run(CompletableFuture.java:482) ~[?:?]
	at net.minecraft.server.packs.resources.SimpleReloadInstance.m_143940_(SimpleReloadInstance.java:69) ~[server-1.20.1-20230612.114412-srg.jar%23699!/:?]
	at net.minecraft.Util.m_214652_(Util.java:783) ~[server-1.20.1-20230612.114412-srg.jar%23699!/:?]
	at net.minecraft.Util.m_214679_(Util.java:772) ~[server-1.20.1-20230612.114412-srg.jar%23699!/:?]
	at net.minecraft.server.Main.main(Main.java:166) ~[server-1.20.1-20230612.114412-srg.jar%23699!/:?]
	at jdk.internal.reflect.DirectMethodHandleAccessor.invoke(DirectMethodHandleAccessor.java:103) ~[?:?]
	at java.lang.reflect.Method.invoke(Method.java:580) ~[?:?]
	at net.minecraftforge.fml.loading.targets.CommonLaunchHandler.runTarget(CommonLaunchHandler.java:111) ~[fmlloader-1.20.1-47.2.0.jar%2369!/:?]
	at net.minecraftforge.fml.loading.targets.CommonLaunchHandler.serverService(CommonLaunchHandler.java:103) ~[fmlloader-1.20.1-47.2.0.jar%2369!/:?]
	at net.minecraftforge.fml.loading.targets.CommonServerLaunchHandler.lambda$makeService$0(CommonServerLaunchHandler.java:27) ~[fmlloader-1.20.1-47.2.0.jar%2369!/:?]
	at cpw.mods.modlauncher.LaunchServiceHandlerDecorator.launch(LaunchServiceHandlerDecorator.java:30) ~[modlauncher-10.0.9.jar%2355!/:?]
	at cpw.mods.modlauncher.LaunchServiceHandler.launch(LaunchServiceHandler.java:53) ~[modlauncher-10.0.9.jar%2355!/:?]
	at cpw.mods.modlauncher.LaunchServiceHandler.launch(LaunchServiceHandler.java:71) ~[modlauncher-10.0.9.jar%2355!/:?]
	at cpw.mods.modlauncher.Launcher.run(Launcher.java:108) ~[modlauncher-10.0.9.jar%2355!/:?]
	at cpw.mods.modlauncher.Launcher.main(Launcher.java:78) ~[modlauncher-10.0.9.jar%2355!/:?]
	at cpw.mods.modlauncher.BootstrapLaunchConsumer.accept(BootstrapLaunchConsumer.java:26) ~[modlauncher-10.0.9.jar%2355!/:?]
	at cpw.mods.modlauncher.BootstrapLaunchConsumer.accept(BootstrapLaunchConsumer.java:23) ~[modlauncher-10.0.9.jar%2355!/:?]
	at cpw.mods.bootstraplauncher.BootstrapLauncher.main(BootstrapLauncher.java:141) ~[bootstraplauncher-1.1.2.jar:?]
[24Nov2024 15:07:45.847] [main/WARN] [Fabric Resource Conditions/]: Skipping object {"fabric:load_conditions":[{"condition":"simpleradio:items_enabled","values":["receiving_module"]}],"type":"minecraft:crafting_shaped","category":"misc","forge:condition":{"type":"simpleradio:items_enabled","item":"receiving_module"},"key":{"A":{"item":"minecraft:amethyst_shard"},"I":{"item":"minecraft:iron_ingot"},"R":{"item":"minecraft:redstone_torch"}},"neoforge:conditions":[{"type":"simpleradio:items_enabled","item":"receiving_module"}],"pattern":["R","I","A"],"result":{"item":"simpleradio:receiving_module"},"show_notification":true}. Failed to parse resource conditions
com.google.gson.JsonParseException: Unknown recipe condition: simpleradio:items_enabled
	at net.fabricmc.fabric.api.resource.conditions.v1.ResourceConditions.conditionMatches(ResourceConditions.java:169) ~[fabric-resource-conditions-api-v1-2.3.8+9ad825cd77.jar%23938!/:2.3.8+9ad825cd77]
	at net.fabricmc.fabric.api.resource.conditions.v1.ResourceConditions.conditionsMatch(ResourceConditions.java:148) ~[fabric-resource-conditions-api-v1-2.3.8+9ad825cd77.jar%23938!/:2.3.8+9ad825cd77]
	at net.fabricmc.fabric.api.resource.conditions.v1.ResourceConditions.objectMatchesConditions(ResourceConditions.java:131) ~[fabric-resource-conditions-api-v1-2.3.8+9ad825cd77.jar%23938!/:2.3.8+9ad825cd77]
	at net.minecraft.server.packs.resources.SimpleJsonResourceReloadListener.fabric_applyResourceConditions(SimpleJsonResourceReloadListener.java:561) ~[server-1.20.1-20230612.114412-srg.jar%23699!/:?]
	at net.minecraft.server.packs.resources.SimplePreparableReloadListener.handler$baj000$fabric_resource_conditions_api_v1$applyResourceConditions(SimplePreparableReloadListener.java:537) ~[server-1.20.1-20230612.114412-srg.jar%23699!/:?]
	at net.minecraft.server.packs.resources.SimplePreparableReloadListener.m_10789_(SimplePreparableReloadListener.java) ~[server-1.20.1-20230612.114412-srg.jar%23699!/:?]
	at java.util.concurrent.CompletableFuture$UniAccept.tryFire(CompletableFuture.java:718) ~[?:?]
	at java.util.concurrent.CompletableFuture$Completion.run(CompletableFuture.java:482) ~[?:?]
	at net.minecraft.server.packs.resources.SimpleReloadInstance.m_143940_(SimpleReloadInstance.java:69) ~[server-1.20.1-20230612.114412-srg.jar%23699!/:?]
	at net.minecraft.Util.m_214652_(Util.java:783) ~[server-1.20.1-20230612.114412-srg.jar%23699!/:?]
	at net.minecraft.Util.m_214679_(Util.java:772) ~[server-1.20.1-20230612.114412-srg.jar%23699!/:?]
	at net.minecraft.server.Main.main(Main.java:166) ~[server-1.20.1-20230612.114412-srg.jar%23699!/:?]
	at jdk.internal.reflect.DirectMethodHandleAccessor.invoke(DirectMethodHandleAccessor.java:103) ~[?:?]
	at java.lang.reflect.Method.invoke(Method.java:580) ~[?:?]
	at net.minecraftforge.fml.loading.targets.CommonLaunchHandler.runTarget(CommonLaunchHandler.java:111) ~[fmlloader-1.20.1-47.2.0.jar%2369!/:?]
	at net.minecraftforge.fml.loading.targets.CommonLaunchHandler.serverService(CommonLaunchHandler.java:103) ~[fmlloader-1.20.1-47.2.0.jar%2369!/:?]
	at net.minecraftforge.fml.loading.targets.CommonServerLaunchHandler.lambda$makeService$0(CommonServerLaunchHandler.java:27) ~[fmlloader-1.20.1-47.2.0.jar%2369!/:?]
	at cpw.mods.modlauncher.LaunchServiceHandlerDecorator.launch(LaunchServiceHandlerDecorator.java:30) ~[modlauncher-10.0.9.jar%2355!/:?]
	at cpw.mods.modlauncher.LaunchServiceHandler.launch(LaunchServiceHandler.java:53) ~[modlauncher-10.0.9.jar%2355!/:?]
	at cpw.mods.modlauncher.LaunchServiceHandler.launch(LaunchServiceHandler.java:71) ~[modlauncher-10.0.9.jar%2355!/:?]
	at cpw.mods.modlauncher.Launcher.run(Launcher.java:108) ~[modlauncher-10.0.9.jar%2355!/:?]
	at cpw.mods.modlauncher.Launcher.main(Launcher.java:78) ~[modlauncher-10.0.9.jar%2355!/:?]
	at cpw.mods.modlauncher.BootstrapLaunchConsumer.accept(BootstrapLaunchConsumer.java:26) ~[modlauncher-10.0.9.jar%2355!/:?]
	at cpw.mods.modlauncher.BootstrapLaunchConsumer.accept(BootstrapLaunchConsumer.java:23) ~[modlauncher-10.0.9.jar%2355!/:?]
	at cpw.mods.bootstraplauncher.BootstrapLauncher.main(BootstrapLauncher.java:141) ~[bootstraplauncher-1.1.2.jar:?]
[24Nov2024 15:07:45.852] [main/WARN] [Fabric Resource Conditions/]: Skipping object {"fabric:load_conditions":[{"condition":"simpleradio:items_enabled","values":["antenna"]}],"type":"minecraft:crafting_shaped","category":"building","forge:condition":{"type":"simpleradio:items_enabled","item":"antenna"},"key":{"B":{"item":"minecraft:iron_bars"},"I":{"item":"minecraft:iron_ingot"}},"neoforge:conditions":[{"type":"simpleradio:items_enabled","item":"antenna"}],"pattern":[" B "," I "," B "],"result":{"item":"simpleradio:antenna"},"show_notification":true}. Failed to parse resource conditions
com.google.gson.JsonParseException: Unknown recipe condition: simpleradio:items_enabled
	at net.fabricmc.fabric.api.resource.conditions.v1.ResourceConditions.conditionMatches(ResourceConditions.java:169) ~[fabric-resource-conditions-api-v1-2.3.8+9ad825cd77.jar%23938!/:2.3.8+9ad825cd77]
	at net.fabricmc.fabric.api.resource.conditions.v1.ResourceConditions.conditionsMatch(ResourceConditions.java:148) ~[fabric-resource-conditions-api-v1-2.3.8+9ad825cd77.jar%23938!/:2.3.8+9ad825cd77]
	at net.fabricmc.fabric.api.resource.conditions.v1.ResourceConditions.objectMatchesConditions(ResourceConditions.java:131) ~[fabric-resource-conditions-api-v1-2.3.8+9ad825cd77.jar%23938!/:2.3.8+9ad825cd77]
	at net.minecraft.server.packs.resources.SimpleJsonResourceReloadListener.fabric_applyResourceConditions(SimpleJsonResourceReloadListener.java:561) ~[server-1.20.1-20230612.114412-srg.jar%23699!/:?]
	at net.minecraft.server.packs.resources.SimplePreparableReloadListener.handler$baj000$fabric_resource_conditions_api_v1$applyResourceConditions(SimplePreparableReloadListener.java:537) ~[server-1.20.1-20230612.114412-srg.jar%23699!/:?]
	at net.minecraft.server.packs.resources.SimplePreparableReloadListener.m_10789_(SimplePreparableReloadListener.java) ~[server-1.20.1-20230612.114412-srg.jar%23699!/:?]
	at java.util.concurrent.CompletableFuture$UniAccept.tryFire(CompletableFuture.java:718) ~[?:?]
	at java.util.concurrent.CompletableFuture$Completion.run(CompletableFuture.java:482) ~[?:?]
	at net.minecraft.server.packs.resources.SimpleReloadInstance.m_143940_(SimpleReloadInstance.java:69) ~[server-1.20.1-20230612.114412-srg.jar%23699!/:?]
	at net.minecraft.Util.m_214652_(Util.java:783) ~[server-1.20.1-20230612.114412-srg.jar%23699!/:?]
	at net.minecraft.Util.m_214679_(Util.java:772) ~[server-1.20.1-20230612.114412-srg.jar%23699!/:?]
	at net.minecraft.server.Main.main(Main.java:166) ~[server-1.20.1-20230612.114412-srg.jar%23699!/:?]
	at jdk.internal.reflect.DirectMethodHandleAccessor.invoke(DirectMethodHandleAccessor.java:103) ~[?:?]
	at java.lang.reflect.Method.invoke(Method.java:580) ~[?:?]
	at net.minecraftforge.fml.loading.targets.CommonLaunchHandler.runTarget(CommonLaunchHandler.java:111) ~[fmlloader-1.20.1-47.2.0.jar%2369!/:?]
	at net.minecraftforge.fml.loading.targets.CommonLaunchHandler.serverService(CommonLaunchHandler.java:103) ~[fmlloader-1.20.1-47.2.0.jar%2369!/:?]
	at net.minecraftforge.fml.loading.targets.CommonServerLaunchHandler.lambda$makeService$0(CommonServerLaunchHandler.java:27) ~[fmlloader-1.20.1-47.2.0.jar%2369!/:?]
	at cpw.mods.modlauncher.LaunchServiceHandlerDecorator.launch(LaunchServiceHandlerDecorator.java:30) ~[modlauncher-10.0.9.jar%2355!/:?]
	at cpw.mods.modlauncher.LaunchServiceHandler.launch(LaunchServiceHandler.java:53) ~[modlauncher-10.0.9.jar%2355!/:?]
	at cpw.mods.modlauncher.LaunchServiceHandler.launch(LaunchServiceHandler.java:71) ~[modlauncher-10.0.9.jar%2355!/:?]
	at cpw.mods.modlauncher.Launcher.run(Launcher.java:108) ~[modlauncher-10.0.9.jar%2355!/:?]
	at cpw.mods.modlauncher.Launcher.main(Launcher.java:78) ~[modlauncher-10.0.9.jar%2355!/:?]
	at cpw.mods.modlauncher.BootstrapLaunchConsumer.accept(BootstrapLaunchConsumer.java:26) ~[modlauncher-10.0.9.jar%2355!/:?]
	at cpw.mods.modlauncher.BootstrapLaunchConsumer.accept(BootstrapLaunchConsumer.java:23) ~[modlauncher-10.0.9.jar%2355!/:?]
	at cpw.mods.bootstraplauncher.BootstrapLauncher.main(BootstrapLauncher.java:141) ~[bootstraplauncher-1.1.2.jar:?]
[24Nov2024 15:07:45.855] [main/WARN] [Fabric Resource Conditions/]: Skipping object {"fabric:load_conditions":[{"condition":"simpleradio:items_enabled","values":["transceiver"]}],"type":"minecraft:crafting_shaped","category":"equipment","forge:condition":{"type":"simpleradio:items_enabled","item":"transceiver"},"key":{"I":{"item":"minecraft:iron_ingot"},"R":{"item":"minecraft:redstone"},"T":{"item":"minecraft:redstone_torch"},"X":{"item":"simpleradio:transmitting_module"},"Y":{"item":"simpleradio:speaker_module"},"Z":{"item":"simpleradio:receiving_module"}},"neoforge:conditions":[{"type":"simpleradio:items_enabled","item":"transceiver"}],"pattern":["TII","XRZ","IYI"],"result":{"item":"simpleradio:transceiver"},"show_notification":true}. Failed to parse resource conditions
com.google.gson.JsonParseException: Unknown recipe condition: simpleradio:items_enabled
	at net.fabricmc.fabric.api.resource.conditions.v1.ResourceConditions.conditionMatches(ResourceConditions.java:169) ~[fabric-resource-conditions-api-v1-2.3.8+9ad825cd77.jar%23938!/:2.3.8+9ad825cd77]
	at net.fabricmc.fabric.api.resource.conditions.v1.ResourceConditions.conditionsMatch(ResourceConditions.java:148) ~[fabric-resource-conditions-api-v1-2.3.8+9ad825cd77.jar%23938!/:2.3.8+9ad825cd77]
	at net.fabricmc.fabric.api.resource.conditions.v1.ResourceConditions.objectMatchesConditions(ResourceConditions.java:131) ~[fabric-resource-conditions-api-v1-2.3.8+9ad825cd77.jar%23938!/:2.3.8+9ad825cd77]
	at net.minecraft.server.packs.resources.SimpleJsonResourceReloadListener.fabric_applyResourceConditions(SimpleJsonResourceReloadListener.java:561) ~[server-1.20.1-20230612.114412-srg.jar%23699!/:?]
	at net.minecraft.server.packs.resources.SimplePreparableReloadListener.handler$baj000$fabric_resource_conditions_api_v1$applyResourceConditions(SimplePreparableReloadListener.java:537) ~[server-1.20.1-20230612.114412-srg.jar%23699!/:?]
	at net.minecraft.server.packs.resources.SimplePreparableReloadListener.m_10789_(SimplePreparableReloadListener.java) ~[server-1.20.1-20230612.114412-srg.jar%23699!/:?]
	at java.util.concurrent.CompletableFuture$UniAccept.tryFire(CompletableFuture.java:718) ~[?:?]
	at java.util.concurrent.CompletableFuture$Completion.run(CompletableFuture.java:482) ~[?:?]
	at net.minecraft.server.packs.resources.SimpleReloadInstance.m_143940_(SimpleReloadInstance.java:69) ~[server-1.20.1-20230612.114412-srg.jar%23699!/:?]
	at net.minecraft.Util.m_214652_(Util.java:783) ~[server-1.20.1-20230612.114412-srg.jar%23699!/:?]
	at net.minecraft.Util.m_214679_(Util.java:772) ~[server-1.20.1-20230612.114412-srg.jar%23699!/:?]
	at net.minecraft.server.Main.main(Main.java:166) ~[server-1.20.1-20230612.114412-srg.jar%23699!/:?]
	at jdk.internal.reflect.DirectMethodHandleAccessor.invoke(DirectMethodHandleAccessor.java:103) ~[?:?]
	at java.lang.reflect.Method.invoke(Method.java:580) ~[?:?]
	at net.minecraftforge.fml.loading.targets.CommonLaunchHandler.runTarget(CommonLaunchHandler.java:111) ~[fmlloader-1.20.1-47.2.0.jar%2369!/:?]
	at net.minecraftforge.fml.loading.targets.CommonLaunchHandler.serverService(CommonLaunchHandler.java:103) ~[fmlloader-1.20.1-47.2.0.jar%2369!/:?]
	at net.minecraftforge.fml.loading.targets.CommonServerLaunchHandler.lambda$makeService$0(CommonServerLaunchHandler.java:27) ~[fmlloader-1.20.1-47.2.0.jar%2369!/:?]
	at cpw.mods.modlauncher.LaunchServiceHandlerDecorator.launch(LaunchServiceHandlerDecorator.java:30) ~[modlauncher-10.0.9.jar%2355!/:?]
	at cpw.mods.modlauncher.LaunchServiceHandler.launch(LaunchServiceHandler.java:53) ~[modlauncher-10.0.9.jar%2355!/:?]
	at cpw.mods.modlauncher.LaunchServiceHandler.launch(LaunchServiceHandler.java:71) ~[modlauncher-10.0.9.jar%2355!/:?]
	at cpw.mods.modlauncher.Launcher.run(Launcher.java:108) ~[modlauncher-10.0.9.jar%2355!/:?]
	at cpw.mods.modlauncher.Launcher.main(Launcher.java:78) ~[modlauncher-10.0.9.jar%2355!/:?]
	at cpw.mods.modlauncher.BootstrapLaunchConsumer.accept(BootstrapLaunchConsumer.java:26) ~[modlauncher-10.0.9.jar%2355!/:?]
	at cpw.mods.modlauncher.BootstrapLaunchConsumer.accept(BootstrapLaunchConsumer.java:23) ~[modlauncher-10.0.9.jar%2355!/:?]
	at cpw.mods.bootstraplauncher.BootstrapLauncher.main(BootstrapLauncher.java:141) ~[bootstraplauncher-1.1.2.jar:?]
[24Nov2024 15:07:45.856] [main/WARN] [Fabric Resource Conditions/]: Skipping object {"fabric:load_conditions":[{"condition":"simpleradio:items_enabled","values":["microphone"]}],"type":"minecraft:crafting_shaped","category":"building","forge:condition":{"type":"simpleradio:items_enabled","item":"microphone"},"key":{"I":{"item":"minecraft:iron_ingot"},"L":{"item":"simpleradio:listener_module"},"W":{"tag":"minecraft:wool"}},"neoforge:conditions":[{"type":"simpleradio:items_enabled","item":"microphone"}],"pattern":[" W "," L ","I I"],"result":{"item":"simpleradio:microphone"},"show_notification":true}. Failed to parse resource conditions
com.google.gson.JsonParseException: Unknown recipe condition: simpleradio:items_enabled
	at net.fabricmc.fabric.api.resource.conditions.v1.ResourceConditions.conditionMatches(ResourceConditions.java:169) ~[fabric-resource-conditions-api-v1-2.3.8+9ad825cd77.jar%23938!/:2.3.8+9ad825cd77]
	at net.fabricmc.fabric.api.resource.conditions.v1.ResourceConditions.conditionsMatch(ResourceConditions.java:148) ~[fabric-resource-conditions-api-v1-2.3.8+9ad825cd77.jar%23938!/:2.3.8+9ad825cd77]
	at net.fabricmc.fabric.api.resource.conditions.v1.ResourceConditions.objectMatchesConditions(ResourceConditions.java:131) ~[fabric-resource-conditions-api-v1-2.3.8+9ad825cd77.jar%23938!/:2.3.8+9ad825cd77]
	at net.minecraft.server.packs.resources.SimpleJsonResourceReloadListener.fabric_applyResourceConditions(SimpleJsonResourceReloadListener.java:561) ~[server-1.20.1-20230612.114412-srg.jar%23699!/:?]
	at net.minecraft.server.packs.resources.SimplePreparableReloadListener.handler$baj000$fabric_resource_conditions_api_v1$applyResourceConditions(SimplePreparableReloadListener.java:537) ~[server-1.20.1-20230612.114412-srg.jar%23699!/:?]
	at net.minecraft.server.packs.resources.SimplePreparableReloadListener.m_10789_(SimplePreparableReloadListener.java) ~[server-1.20.1-20230612.114412-srg.jar%23699!/:?]
	at java.util.concurrent.CompletableFuture$UniAccept.tryFire(CompletableFuture.java:718) ~[?:?]
	at java.util.concurrent.CompletableFuture$Completion.run(CompletableFuture.java:482) ~[?:?]
	at net.minecraft.server.packs.resources.SimpleReloadInstance.m_143940_(SimpleReloadInstance.java:69) ~[server-1.20.1-20230612.114412-srg.jar%23699!/:?]
	at net.minecraft.Util.m_214652_(Util.java:783) ~[server-1.20.1-20230612.114412-srg.jar%23699!/:?]
	at net.minecraft.Util.m_214679_(Util.java:772) ~[server-1.20.1-20230612.114412-srg.jar%23699!/:?]
	at net.minecraft.server.Main.main(Main.java:166) ~[server-1.20.1-20230612.114412-srg.jar%23699!/:?]
	at jdk.internal.reflect.DirectMethodHandleAccessor.invoke(DirectMethodHandleAccessor.java:103) ~[?:?]
	at java.lang.reflect.Method.invoke(Method.java:580) ~[?:?]
	at net.minecraftforge.fml.loading.targets.CommonLaunchHandler.runTarget(CommonLaunchHandler.java:111) ~[fmlloader-1.20.1-47.2.0.jar%2369!/:?]
	at net.minecraftforge.fml.loading.targets.CommonLaunchHandler.serverService(CommonLaunchHandler.java:103) ~[fmlloader-1.20.1-47.2.0.jar%2369!/:?]
	at net.minecraftforge.fml.loading.targets.CommonServerLaunchHandler.lambda$makeService$0(CommonServerLaunchHandler.java:27) ~[fmlloader-1.20.1-47.2.0.jar%2369!/:?]
	at cpw.mods.modlauncher.LaunchServiceHandlerDecorator.launch(LaunchServiceHandlerDecorator.java:30) ~[modlauncher-10.0.9.jar%2355!/:?]
	at cpw.mods.modlauncher.LaunchServiceHandler.launch(LaunchServiceHandler.java:53) ~[modlauncher-10.0.9.jar%2355!/:?]
	at cpw.mods.modlauncher.LaunchServiceHandler.launch(LaunchServiceHandler.java:71) ~[modlauncher-10.0.9.jar%2355!/:?]
	at cpw.mods.modlauncher.Launcher.run(Launcher.java:108) ~[modlauncher-10.0.9.jar%2355!/:?]
	at cpw.mods.modlauncher.Launcher.main(Launcher.java:78) ~[modlauncher-10.0.9.jar%2355!/:?]
	at cpw.mods.modlauncher.BootstrapLaunchConsumer.accept(BootstrapLaunchConsumer.java:26) ~[modlauncher-10.0.9.jar%2355!/:?]
	at cpw.mods.modlauncher.BootstrapLaunchConsumer.accept(BootstrapLaunchConsumer.java:23) ~[modlauncher-10.0.9.jar%2355!/:?]
	at cpw.mods.bootstraplauncher.BootstrapLauncher.main(BootstrapLauncher.java:141) ~[bootstraplauncher-1.1.2.jar:?]
[24Nov2024 15:07:45.858] [main/WARN] [Fabric Resource Conditions/]: Skipping object {"fabric:load_conditions":[{"condition":"simpleradio:items_enabled","values":["walkie_talkie"]}],"type":"minecraft:crafting_shaped","category":"equipment","forge:condition":{"type":"simpleradio:items_enabled","item":"walkie_talkie"},"key":{"B":{"item":"minecraft:copper_block"},"C":{"item":"minecraft:copper_ingot"},"I":{"item":"minecraft:iron_ingot"}},"neoforge:conditions":[{"type":"simpleradio:items_enabled","item":"walkie_talkie"}],"pattern":[" I "," B "," C "],"result":{"item":"simpleradio:walkie_talkie"},"show_notification":true}. Failed to parse resource conditions
com.google.gson.JsonParseException: Unknown recipe condition: simpleradio:items_enabled
	at net.fabricmc.fabric.api.resource.conditions.v1.ResourceConditions.conditionMatches(ResourceConditions.java:169) ~[fabric-resource-conditions-api-v1-2.3.8+9ad825cd77.jar%23938!/:2.3.8+9ad825cd77]
	at net.fabricmc.fabric.api.resource.conditions.v1.ResourceConditions.conditionsMatch(ResourceConditions.java:148) ~[fabric-resource-conditions-api-v1-2.3.8+9ad825cd77.jar%23938!/:2.3.8+9ad825cd77]
	at net.fabricmc.fabric.api.resource.conditions.v1.ResourceConditions.objectMatchesConditions(ResourceConditions.java:131) ~[fabric-resource-conditions-api-v1-2.3.8+9ad825cd77.jar%23938!/:2.3.8+9ad825cd77]
	at net.minecraft.server.packs.resources.SimpleJsonResourceReloadListener.fabric_applyResourceConditions(SimpleJsonResourceReloadListener.java:561) ~[server-1.20.1-20230612.114412-srg.jar%23699!/:?]
	at net.minecraft.server.packs.resources.SimplePreparableReloadListener.handler$baj000$fabric_resource_conditions_api_v1$applyResourceConditions(SimplePreparableReloadListener.java:537) ~[server-1.20.1-20230612.114412-srg.jar%23699!/:?]
	at net.minecraft.server.packs.resources.SimplePreparableReloadListener.m_10789_(SimplePreparableReloadListener.java) ~[server-1.20.1-20230612.114412-srg.jar%23699!/:?]
	at java.util.concurrent.CompletableFuture$UniAccept.tryFire(CompletableFuture.java:718) ~[?:?]
	at java.util.concurrent.CompletableFuture$Completion.run(CompletableFuture.java:482) ~[?:?]
	at net.minecraft.server.packs.resources.SimpleReloadInstance.m_143940_(SimpleReloadInstance.java:69) ~[server-1.20.1-20230612.114412-srg.jar%23699!/:?]
	at net.minecraft.Util.m_214652_(Util.java:783) ~[server-1.20.1-20230612.114412-srg.jar%23699!/:?]
	at net.minecraft.Util.m_214679_(Util.java:772) ~[server-1.20.1-20230612.114412-srg.jar%23699!/:?]
	at net.minecraft.server.Main.main(Main.java:166) ~[server-1.20.1-20230612.114412-srg.jar%23699!/:?]
	at jdk.internal.reflect.DirectMethodHandleAccessor.invoke(DirectMethodHandleAccessor.java:103) ~[?:?]
	at java.lang.reflect.Method.invoke(Method.java:580) ~[?:?]
	at net.minecraftforge.fml.loading.targets.CommonLaunchHandler.runTarget(CommonLaunchHandler.java:111) ~[fmlloader-1.20.1-47.2.0.jar%2369!/:?]
	at net.minecraftforge.fml.loading.targets.CommonLaunchHandler.serverService(CommonLaunchHandler.java:103) ~[fmlloader-1.20.1-47.2.0.jar%2369!/:?]
	at net.minecraftforge.fml.loading.targets.CommonServerLaunchHandler.lambda$makeService$0(CommonServerLaunchHandler.java:27) ~[fmlloader-1.20.1-47.2.0.jar%2369!/:?]
	at cpw.mods.modlauncher.LaunchServiceHandlerDecorator.launch(LaunchServiceHandlerDecorator.java:30) ~[modlauncher-10.0.9.jar%2355!/:?]
	at cpw.mods.modlauncher.LaunchServiceHandler.launch(LaunchServiceHandler.java:53) ~[modlauncher-10.0.9.jar%2355!/:?]
	at cpw.mods.modlauncher.LaunchServiceHandler.launch(LaunchServiceHandler.java:71) ~[modlauncher-10.0.9.jar%2355!/:?]
	at cpw.mods.modlauncher.Launcher.run(Launcher.java:108) ~[modlauncher-10.0.9.jar%2355!/:?]
	at cpw.mods.modlauncher.Launcher.main(Launcher.java:78) ~[modlauncher-10.0.9.jar%2355!/:?]
	at cpw.mods.modlauncher.BootstrapLaunchConsumer.accept(BootstrapLaunchConsumer.java:26) ~[modlauncher-10.0.9.jar%2355!/:?]
	at cpw.mods.modlauncher.BootstrapLaunchConsumer.accept(BootstrapLaunchConsumer.java:23) ~[modlauncher-10.0.9.jar%2355!/:?]
	at cpw.mods.bootstraplauncher.BootstrapLauncher.main(BootstrapLauncher.java:141) ~[bootstraplauncher-1.1.2.jar:?]
[24Nov2024 15:07:45.862] [main/WARN] [Fabric Resource Conditions/]: Skipping object {"fabric:load_conditions":[{"condition":"simpleradio:items_enabled","values":["radio"]}],"type":"minecraft:crafting_shaped","category":"building","forge:condition":{"type":"simpleradio:items_enabled","item":"radio"},"key":{"I":{"item":"minecraft:iron_ingot"},"R":{"item":"minecraft:redstone"},"T":{"item":"minecraft:redstone_torch"},"Y":{"item":"simpleradio:speaker_module"},"Z":{"item":"simpleradio:receiving_module"}},"neoforge:conditions":[{"type":"simpleradio:items_enabled","item":"radio"}],"pattern":["IIT","ZYR","III"],"result":{"item":"simpleradio:radio"},"show_notification":true}. Failed to parse resource conditions
com.google.gson.JsonParseException: Unknown recipe condition: simpleradio:items_enabled
	at net.fabricmc.fabric.api.resource.conditions.v1.ResourceConditions.conditionMatches(ResourceConditions.java:169) ~[fabric-resource-conditions-api-v1-2.3.8+9ad825cd77.jar%23938!/:2.3.8+9ad825cd77]
	at net.fabricmc.fabric.api.resource.conditions.v1.ResourceConditions.conditionsMatch(ResourceConditions.java:148) ~[fabric-resource-conditions-api-v1-2.3.8+9ad825cd77.jar%23938!/:2.3.8+9ad825cd77]
	at net.fabricmc.fabric.api.resource.conditions.v1.ResourceConditions.objectMatchesConditions(ResourceConditions.java:131) ~[fabric-resource-conditions-api-v1-2.3.8+9ad825cd77.jar%23938!/:2.3.8+9ad825cd77]
	at net.minecraft.server.packs.resources.SimpleJsonResourceReloadListener.fabric_applyResourceConditions(SimpleJsonResourceReloadListener.java:561) ~[server-1.20.1-20230612.114412-srg.jar%23699!/:?]
	at net.minecraft.server.packs.resources.SimplePreparableReloadListener.handler$baj000$fabric_resource_conditions_api_v1$applyResourceConditions(SimplePreparableReloadListener.java:537) ~[server-1.20.1-20230612.114412-srg.jar%23699!/:?]
	at net.minecraft.server.packs.resources.SimplePreparableReloadListener.m_10789_(SimplePreparableReloadListener.java) ~[server-1.20.1-20230612.114412-srg.jar%23699!/:?]
	at java.util.concurrent.CompletableFuture$UniAccept.tryFire(CompletableFuture.java:718) ~[?:?]
	at java.util.concurrent.CompletableFuture$Completion.run(CompletableFuture.java:482) ~[?:?]
	at net.minecraft.server.packs.resources.SimpleReloadInstance.m_143940_(SimpleReloadInstance.java:69) ~[server-1.20.1-20230612.114412-srg.jar%23699!/:?]
	at net.minecraft.Util.m_214652_(Util.java:783) ~[server-1.20.1-20230612.114412-srg.jar%23699!/:?]
	at net.minecraft.Util.m_214679_(Util.java:772) ~[server-1.20.1-20230612.114412-srg.jar%23699!/:?]
	at net.minecraft.server.Main.main(Main.java:166) ~[server-1.20.1-20230612.114412-srg.jar%23699!/:?]
	at jdk.internal.reflect.DirectMethodHandleAccessor.invoke(DirectMethodHandleAccessor.java:103) ~[?:?]
	at java.lang.reflect.Method.invoke(Method.java:580) ~[?:?]
	at net.minecraftforge.fml.loading.targets.CommonLaunchHandler.runTarget(CommonLaunchHandler.java:111) ~[fmlloader-1.20.1-47.2.0.jar%2369!/:?]
	at net.minecraftforge.fml.loading.targets.CommonLaunchHandler.serverService(CommonLaunchHandler.java:103) ~[fmlloader-1.20.1-47.2.0.jar%2369!/:?]
	at net.minecraftforge.fml.loading.targets.CommonServerLaunchHandler.lambda$makeService$0(CommonServerLaunchHandler.java:27) ~[fmlloader-1.20.1-47.2.0.jar%2369!/:?]
	at cpw.mods.modlauncher.LaunchServiceHandlerDecorator.launch(LaunchServiceHandlerDecorator.java:30) ~[modlauncher-10.0.9.jar%2355!/:?]
	at cpw.mods.modlauncher.LaunchServiceHandler.launch(LaunchServiceHandler.java:53) ~[modlauncher-10.0.9.jar%2355!/:?]
	at cpw.mods.modlauncher.LaunchServiceHandler.launch(LaunchServiceHandler.java:71) ~[modlauncher-10.0.9.jar%2355!/:?]
	at cpw.mods.modlauncher.Launcher.run(Launcher.java:108) ~[modlauncher-10.0.9.jar%2355!/:?]
	at cpw.mods.modlauncher.Launcher.main(Launcher.java:78) ~[modlauncher-10.0.9.jar%2355!/:?]
	at cpw.mods.modlauncher.BootstrapLaunchConsumer.accept(BootstrapLaunchConsumer.java:26) ~[modlauncher-10.0.9.jar%2355!/:?]
	at cpw.mods.modlauncher.BootstrapLaunchConsumer.accept(BootstrapLaunchConsumer.java:23) ~[modlauncher-10.0.9.jar%2355!/:?]
	at cpw.mods.bootstraplauncher.BootstrapLauncher.main(BootstrapLauncher.java:141) ~[bootstraplauncher-1.1.2.jar:?]
[24Nov2024 15:07:45.865] [main/WARN] [Fabric Resource Conditions/]: Skipping object {"fabric:load_conditions":[{"condition":"simpleradio:items_enabled","values":["radiosmither"]}],"type":"minecraft:crafting_shaped","category":"building","forge:condition":{"type":"simpleradio:items_enabled","item":"radiosmither"},"key":{"A":{"item":"minecraft:amethyst_shard"},"D":{"item":"minecraft:polished_deepslate"},"I":{"item":"minecraft:iron_ingot"}},"neoforge:conditions":[{"type":"simpleradio:items_enabled","item":"radiosmither"}],"pattern":["IAI","DDD"],"result":{"item":"simpleradio:radiosmither"},"show_notification":true}. Failed to parse resource conditions
com.google.gson.JsonParseException: Unknown recipe condition: simpleradio:items_enabled
	at net.fabricmc.fabric.api.resource.conditions.v1.ResourceConditions.conditionMatches(ResourceConditions.java:169) ~[fabric-resource-conditions-api-v1-2.3.8+9ad825cd77.jar%23938!/:2.3.8+9ad825cd77]
	at net.fabricmc.fabric.api.resource.conditions.v1.ResourceConditions.conditionsMatch(ResourceConditions.java:148) ~[fabric-resource-conditions-api-v1-2.3.8+9ad825cd77.jar%23938!/:2.3.8+9ad825cd77]
	at net.fabricmc.fabric.api.resource.conditions.v1.ResourceConditions.objectMatchesConditions(ResourceConditions.java:131) ~[fabric-resource-conditions-api-v1-2.3.8+9ad825cd77.jar%23938!/:2.3.8+9ad825cd77]
	at net.minecraft.server.packs.resources.SimpleJsonResourceReloadListener.fabric_applyResourceConditions(SimpleJsonResourceReloadListener.java:561) ~[server-1.20.1-20230612.114412-srg.jar%23699!/:?]
	at net.minecraft.server.packs.resources.SimplePreparableReloadListener.handler$baj000$fabric_resource_conditions_api_v1$applyResourceConditions(SimplePreparableReloadListener.java:537) ~[server-1.20.1-20230612.114412-srg.jar%23699!/:?]
	at net.minecraft.server.packs.resources.SimplePreparableReloadListener.m_10789_(SimplePreparableReloadListener.java) ~[server-1.20.1-20230612.114412-srg.jar%23699!/:?]
	at java.util.concurrent.CompletableFuture$UniAccept.tryFire(CompletableFuture.java:718) ~[?:?]
	at java.util.concurrent.CompletableFuture$Completion.run(CompletableFuture.java:482) ~[?:?]
	at net.minecraft.server.packs.resources.SimpleReloadInstance.m_143940_(SimpleReloadInstance.java:69) ~[server-1.20.1-20230612.114412-srg.jar%23699!/:?]
	at net.minecraft.Util.m_214652_(Util.java:783) ~[server-1.20.1-20230612.114412-srg.jar%23699!/:?]
	at net.minecraft.Util.m_214679_(Util.java:772) ~[server-1.20.1-20230612.114412-srg.jar%23699!/:?]
	at net.minecraft.server.Main.main(Main.java:166) ~[server-1.20.1-20230612.114412-srg.jar%23699!/:?]
	at jdk.internal.reflect.DirectMethodHandleAccessor.invoke(DirectMethodHandleAccessor.java:103) ~[?:?]
	at java.lang.reflect.Method.invoke(Method.java:580) ~[?:?]
	at net.minecraftforge.fml.loading.targets.CommonLaunchHandler.runTarget(CommonLaunchHandler.java:111) ~[fmlloader-1.20.1-47.2.0.jar%2369!/:?]
	at net.minecraftforge.fml.loading.targets.CommonLaunchHandler.serverService(CommonLaunchHandler.java:103) ~[fmlloader-1.20.1-47.2.0.jar%2369!/:?]
	at net.minecraftforge.fml.loading.targets.CommonServerLaunchHandler.lambda$makeService$0(CommonServerLaunchHandler.java:27) ~[fmlloader-1.20.1-47.2.0.jar%2369!/:?]
	at cpw.mods.modlauncher.LaunchServiceHandlerDecorator.launch(LaunchServiceHandlerDecorator.java:30) ~[modlauncher-10.0.9.jar%2355!/:?]
	at cpw.mods.modlauncher.LaunchServiceHandler.launch(LaunchServiceHandler.java:53) ~[modlauncher-10.0.9.jar%2355!/:?]
	at cpw.mods.modlauncher.LaunchServiceHandler.launch(LaunchServiceHandler.java:71) ~[modlauncher-10.0.9.jar%2355!/:?]
	at cpw.mods.modlauncher.Launcher.run(Launcher.java:108) ~[modlauncher-10.0.9.jar%2355!/:?]
	at cpw.mods.modlauncher.Launcher.main(Launcher.java:78) ~[modlauncher-10.0.9.jar%2355!/:?]
	at cpw.mods.modlauncher.BootstrapLaunchConsumer.accept(BootstrapLaunchConsumer.java:26) ~[modlauncher-10.0.9.jar%2355!/:?]
	at cpw.mods.modlauncher.BootstrapLaunchConsumer.accept(BootstrapLaunchConsumer.java:23) ~[modlauncher-10.0.9.jar%2355!/:?]
	at cpw.mods.bootstraplauncher.BootstrapLauncher.main(BootstrapLauncher.java:141) ~[bootstraplauncher-1.1.2.jar:?]
[24Nov2024 15:07:45.886] [main/WARN] [AlmostUnified/]: Recipe count: 25827
[24Nov2024 15:07:50.492] [main/WARN] [AlmostUnified/]: Recipe count afterwards: 25806 (done in 4.605 s)
[24Nov2024 15:07:50.499] [main/WARN] [quark-zeta/]: Non-existent flag calcite being used
[24Nov2024 15:07:50.520] [main/INFO] [net.minecraft.world.item.crafting.RecipeManager/]: Skipping loading recipe lightmanscurrency:traders/card_display/biomesoplenty/jacaranda/yellow as it's serializer returned null
[24Nov2024 15:07:50.521] [main/WARN] [quark-zeta/]: Non-existent flag andesite being used
[24Nov2024 15:07:50.522] [main/INFO] [net.minecraft.world.item.crafting.RecipeManager/]: Skipping loading recipe lightmanscurrency:traders/card_display/biomesoplenty/hellbark/blue as it's serializer returned null
[24Nov2024 15:07:50.523] [main/WARN] [quark-zeta/]: Non-existent flag granite being used
[24Nov2024 15:07:50.527] [main/INFO] [net.minecraft.world.item.crafting.RecipeManager/]: Skipping loading recipe create_connected:crafting/palettes/copycat_fence_compat as it's serializer returned null
[24Nov2024 15:07:50.528] [main/WARN] [quark-zeta/]: Non-existent flag calcite being used
[24Nov2024 15:07:50.529] [main/INFO] [net.minecraft.world.item.crafting.RecipeManager/]: Skipping loading recipe lightmanscurrency:traders/card_display/biomeswevegone/fir/green as it's serializer returned null
[24Nov2024 15:07:50.529] [main/INFO] [net.minecraft.world.item.crafting.RecipeManager/]: Skipping loading recipe lightmanscurrency:traders/card_display/biomesoplenty/fir/lime as it's serializer returned null
[24Nov2024 15:07:50.530] [main/INFO] [net.minecraft.world.item.crafting.RecipeManager/]: Skipping loading recipe lightmanscurrency:traders/card_display/biomeswevegone/mahogany/gray as it's serializer returned null
[24Nov2024 15:07:50.531] [main/INFO] [net.minecraft.world.item.crafting.RecipeManager/]: Skipping loading recipe lightmanscurrency:traders/card_display/biomeswevegone/aspen/purple as it's serializer returned null
[24Nov2024 15:07:50.533] [main/INFO] [net.minecraft.world.item.crafting.RecipeManager/]: Skipping loading recipe lightmanscurrency:traders/card_display/biomeswevegone/pine/light_blue as it's serializer returned null
[24Nov2024 15:07:50.535] [main/INFO] [net.minecraft.world.item.crafting.RecipeManager/]: Skipping loading recipe lightmanscurrency:traders/shelf/biomeswevegone/witch_hazel as it's serializer returned null
[24Nov2024 15:07:50.536] [main/WARN] [quark-zeta/]: Non-existent flag dripstone being used
[24Nov2024 15:07:50.536] [main/INFO] [net.minecraft.world.item.crafting.RecipeManager/]: Skipping loading recipe lightmanscurrency:traders/card_display/biomeswevegone/cypress/red as it's serializer returned null
[24Nov2024 15:07:50.537] [main/INFO] [net.minecraft.world.item.crafting.RecipeManager/]: Skipping loading recipe lightmanscurrency:traders/card_display/biomeswevegone/palm/blue as it's serializer returned null
[24Nov2024 15:07:50.540] [main/INFO] [net.minecraft.world.item.crafting.RecipeManager/]: Skipping loading recipe lightmanscurrency:traders/shelf/biomeswevegone/ironwood as it's serializer returned null
[24Nov2024 15:07:50.541] [main/INFO] [net.minecraft.world.item.crafting.RecipeManager/]: Skipping loading recipe lightmanscurrency:traders/card_display/biomeswevegone/holly/gray as it's serializer returned null
[24Nov2024 15:07:50.591] [main/INFO] [net.minecraft.world.item.crafting.RecipeManager/]: Skipping loading recipe lightmanscurrency:traders/card_display/biomeswevegone/witch_hazel/yellow as it's serializer returned null
[24Nov2024 15:07:50.592] [main/INFO] [net.minecraft.world.item.crafting.RecipeManager/]: Skipping loading recipe lightmanscurrency:traders/card_display/biomeswevegone/green_enchanted/black as it's serializer returned null
[24Nov2024 15:07:50.593] [main/INFO] [net.minecraft.world.item.crafting.RecipeManager/]: Skipping loading recipe lightmanscurrency:traders/card_display/biomeswevegone/baobab/lime as it's serializer returned null
[24Nov2024 15:07:50.596] [main/WARN] [quark-zeta/]: Non-existent flag dripstone being used
[24Nov2024 15:07:50.597] [main/INFO] [net.minecraft.world.item.crafting.RecipeManager/]: Skipping loading recipe lightmanscurrency:traders/card_display/biomeswevegone/rainbow_eucalyptus/gray as it's serializer returned null
[24Nov2024 15:07:50.642] [main/INFO] [net.minecraft.world.item.crafting.RecipeManager/]: Skipping loading recipe lightmanscurrency:traders/shelf2/biomesoplenty/dead as it's serializer returned null
[24Nov2024 15:07:50.642] [main/INFO] [net.minecraft.world.item.crafting.RecipeManager/]: Skipping loading recipe lightmanscurrency:traders/card_display/biomeswevegone/willow/blue as it's serializer returned null
[24Nov2024 15:07:50.645] [main/INFO] [net.minecraft.world.item.crafting.RecipeManager/]: Skipping loading recipe create_connected:crafting/palettes/copycat_vertical_step_compat as it's serializer returned null
[24Nov2024 15:07:50.647] [main/INFO] [net.minecraft.world.item.crafting.RecipeManager/]: Skipping loading recipe lightmanscurrency:auction_stand/acacia as it's serializer returned null
[24Nov2024 15:07:50.648] [main/INFO] [net.minecraft.world.item.crafting.RecipeManager/]: Skipping loading recipe lightmanscurrency:traders/card_display/biomeswevegone/maple/cyan as it's serializer returned null
[24Nov2024 15:07:50.649] [main/ERROR] [net.minecraft.world.item.crafting.RecipeManager/]: Parsing error loading recipe bakery:farmersdelight/cooking/beetroot_soup: com.google.gson.JsonSyntaxException: Invalid or unsupported recipe type 'farmersdelight:pot_cooking'
[24Nov2024 15:07:50.672] [main/INFO] [net.minecraft.world.item.crafting.RecipeManager/]: Skipping loading recipe lightmanscurrency:traders/card_display/biomeswevegone/willow/orange as it's serializer returned null
[24Nov2024 15:07:50.673] [main/INFO] [net.minecraft.world.item.crafting.RecipeManager/]: Skipping loading recipe lightmanscurrency:auction_stand/mangrove as it's serializer returned null
[24Nov2024 15:07:50.673] [main/INFO] [net.minecraft.world.item.crafting.RecipeManager/]: Skipping loading recipe lightmanscurrency:traders/card_display/biomesoplenty/redwood/cyan as it's serializer returned null
[24Nov2024 15:07:50.696] [main/INFO] [net.minecraft.world.item.crafting.RecipeManager/]: Skipping loading recipe lightmanscurrency:traders/card_display/biomeswevegone/ebony/light_gray as it's serializer returned null
[24Nov2024 15:07:50.697] [main/INFO] [net.minecraft.world.item.crafting.RecipeManager/]: Skipping loading recipe lightmanscurrency:traders/card_display/biomeswevegone/redwood/yellow as it's serializer returned null
[24Nov2024 15:07:50.697] [main/INFO] [net.minecraft.world.item.crafting.RecipeManager/]: Skipping loading recipe lightmanscurrency:traders/card_display/biomeswevegone/green_enchanted/yellow as it's serializer returned null
[24Nov2024 15:07:50.698] [main/INFO] [net.minecraft.world.item.crafting.RecipeManager/]: Skipping loading recipe lightmanscurrency:traders/card_display/biomeswevegone/blue_enchanted/pink as it's serializer returned null
[24Nov2024 15:07:50.702] [main/INFO] [net.minecraft.world.item.crafting.RecipeManager/]: Skipping loading recipe lightmanscurrency:traders/card_display/biomesoplenty/hellbark/purple as it's serializer returned null
[24Nov2024 15:07:50.703] [main/INFO] [net.minecraft.world.item.crafting.RecipeManager/]: Skipping loading recipe lightmanscurrency:traders/bookshelf/biomeswevegone/palm as it's serializer returned null
[24Nov2024 15:07:50.704] [main/INFO] [net.minecraft.world.item.crafting.RecipeManager/]: Skipping loading recipe lightmanscurrency:traders/card_display/biomeswevegone/mahogany/pink as it's serializer returned null
[24Nov2024 15:07:50.704] [main/INFO] [net.minecraft.world.item.crafting.RecipeManager/]: Skipping loading recipe lightmanscurrency:traders/card_display/biomesoplenty/mahogany/black as it's serializer returned null
[24Nov2024 15:07:50.705] [main/INFO] [net.minecraft.world.item.crafting.RecipeManager/]: Skipping loading recipe lightmanscurrency:traders/shelf2/biomeswevegone/palm as it's serializer returned null
[24Nov2024 15:07:50.705] [main/INFO] [net.minecraft.world.item.crafting.RecipeManager/]: Skipping loading recipe lightmanscurrency:traders/card_display/biomeswevegone/ebony/red as it's serializer returned null
[24Nov2024 15:07:50.705] [main/INFO] [net.minecraft.world.item.crafting.RecipeManager/]: Skipping loading recipe lightmanscurrency:traders/card_display/biomeswevegone/rainbow_eucalyptus/yellow as it's serializer returned null
[24Nov2024 15:07:50.707] [main/WARN] [com.simibubi.create.Create/]: Your custom createaddition:rolling/brass_ingot recipe (createaddition:rolling/brass_ingot) specified a duration. Durations have no impact on this type of recipe.
[24Nov2024 15:07:50.708] [main/INFO] [net.minecraft.world.item.crafting.RecipeManager/]: Skipping loading recipe lightmanscurrency:traders/card_display/biomeswevegone/mahogany/green as it's serializer returned null
[24Nov2024 15:07:50.708] [main/INFO] [net.minecraft.world.item.crafting.RecipeManager/]: Skipping loading recipe lightmanscurrency:traders/card_display/biomeswevegone/green_enchanted/pink as it's serializer returned null
[24Nov2024 15:07:50.710] [main/ERROR] [net.minecraft.world.item.crafting.RecipeManager/]: Parsing error loading recipe nethersdelight:cutting/hoglin_sausage_alt: com.google.gson.JsonSyntaxException: Unknown item 'nethersdelight:hoglin_loin'
[24Nov2024 15:07:50.710] [main/INFO] [net.minecraft.world.item.crafting.RecipeManager/]: Skipping loading recipe lightmanscurrency:traders/card_display/biomesoplenty/palm/black as it's serializer returned null
[24Nov2024 15:07:50.711] [main/INFO] [net.minecraft.world.item.crafting.RecipeManager/]: Skipping loading recipe lightmanscurrency:traders/card_display/biomeswevegone/holly/brown as it's serializer returned null
[24Nov2024 15:07:50.711] [main/INFO] [net.minecraft.world.item.crafting.RecipeManager/]: Skipping loading recipe lightmanscurrency:traders/card_display/biomeswevegone/holly/pink as it's serializer returned null
[24Nov2024 15:07:50.711] [main/INFO] [net.minecraft.world.item.crafting.RecipeManager/]: Skipping loading recipe lightmanscurrency:traders/card_display/biomeswevegone/willow/green as it's serializer returned null
[24Nov2024 15:07:50.713] [main/INFO] [net.minecraft.world.item.crafting.RecipeManager/]: Skipping loading recipe lightmanscurrency:traders/shelf2/biomeswevegone/white_mangrove as it's serializer returned null
[24Nov2024 15:07:50.713] [main/INFO] [net.minecraft.world.item.crafting.RecipeManager/]: Skipping loading recipe lightmanscurrency:traders/card_display/biomeswevegone/fir/white as it's serializer returned null
[24Nov2024 15:07:50.713] [main/WARN] [quark-zeta/]: Non-existent flag dripstone being used
[24Nov2024 15:07:50.714] [main/INFO] [net.minecraft.world.item.crafting.RecipeManager/]: Skipping loading recipe lightmanscurrency:auction_stand/biomeswevegone/palm as it's serializer returned null
[24Nov2024 15:07:50.714] [main/INFO] [net.minecraft.world.item.crafting.RecipeManager/]: Skipping loading recipe lightmanscurrency:traders/card_display/biomeswevegone/pine/lime as it's serializer returned null
[24Nov2024 15:07:50.714] [main/INFO] [net.minecraft.world.item.crafting.RecipeManager/]: Skipping loading recipe lightmanscurrency:traders/card_display/biomeswevegone/palo_verde/yellow as it's serializer returned null
[24Nov2024 15:07:50.731] [main/INFO] [net.minecraft.world.item.crafting.RecipeManager/]: Skipping loading recipe lightmanscurrency:traders/card_display/biomeswevegone/skyris/purple as it's serializer returned null
[24Nov2024 15:07:50.733] [main/INFO] [net.minecraft.world.item.crafting.RecipeManager/]: Skipping loading recipe lightmanscurrency:traders/card_display/biomeswevegone/rainbow_eucalyptus/pink as it's serializer returned null
[24Nov2024 15:07:50.734] [main/ERROR] [net.minecraft.world.item.crafting.RecipeManager/]: Parsing error loading recipe bakery:farmersdelight/cooking/chocolate_jam: com.google.gson.JsonSyntaxException: Invalid or unsupported recipe type 'farmersdelight:pot_cooking'
[24Nov2024 15:07:50.767] [main/INFO] [net.minecraft.world.item.crafting.RecipeManager/]: Skipping loading recipe lightmanscurrency:traders/card_display/biomeswevegone/jacaranda/light_gray as it's serializer returned null
[24Nov2024 15:07:50.768] [main/INFO] [net.minecraft.world.item.crafting.RecipeManager/]: Skipping loading recipe lightmanscurrency:traders/card_display/biomeswevegone/mahogany/white as it's serializer returned null
[24Nov2024 15:07:50.768] [main/WARN] [quark-zeta/]: Non-existent flag tuff being used
[24Nov2024 15:07:50.768] [main/INFO] [net.minecraft.world.item.crafting.RecipeManager/]: Skipping loading recipe lightmanscurrency:traders/card_display/biomeswevegone/florus/green as it's serializer returned null
[24Nov2024 15:07:50.768] [main/INFO] [net.minecraft.world.item.crafting.RecipeManager/]: Skipping loading recipe lightmanscurrency:traders/card_display/biomeswevegone/green_enchanted/red as it's serializer returned null
[24Nov2024 15:07:50.768] [main/INFO] [net.minecraft.world.item.crafting.RecipeManager/]: Skipping loading recipe lightmanscurrency:auction_stand/biomesoplenty/fir as it's serializer returned null
[24Nov2024 15:07:50.776] [main/INFO] [net.minecraft.world.item.crafting.RecipeManager/]: Skipping loading recipe lightmanscurrency:traders/card_display/biomeswevegone/florus/cyan as it's serializer returned null
[24Nov2024 15:07:50.776] [main/INFO] [net.minecraft.world.item.crafting.RecipeManager/]: Skipping loading recipe lightmanscurrency:traders/card_display/biomeswevegone/imbued_blue_enchanted/purple as it's serializer returned null
[24Nov2024 15:07:50.776] [main/INFO] [net.minecraft.world.item.crafting.RecipeManager/]: Skipping loading recipe lightmanscurrency:traders/card_display/biomeswevegone/pine/green as it's serializer returned null
[24Nov2024 15:07:50.777] [main/INFO] [net.minecraft.world.item.crafting.RecipeManager/]: Skipping loading recipe lightmanscurrency:traders/card_display/biomesoplenty/dead/white as it's serializer returned null
[24Nov2024 15:07:50.777] [main/INFO] [net.minecraft.world.item.crafting.RecipeManager/]: Skipping loading recipe lightmanscurrency:traders/card_display/biomeswevegone/skyris/gray as it's serializer returned null
[24Nov2024 15:07:50.778] [main/INFO] [net.minecraft.world.item.crafting.RecipeManager/]: Skipping loading recipe lightmanscurrency:traders/card_display/biomeswevegone/white_mangrove/red as it's serializer returned null
[24Nov2024 15:07:50.778] [main/INFO] [net.minecraft.world.item.crafting.RecipeManager/]: Skipping loading recipe lightmanscurrency:traders/card_display/biomeswevegone/fir/orange as it's serializer returned null
[24Nov2024 15:07:50.780] [main/WARN] [quark-zeta/]: Non-existent flag calcite being used
[24Nov2024 15:07:50.781] [main/INFO] [net.minecraft.world.item.crafting.RecipeManager/]: Skipping loading recipe lightmanscurrency:traders/card_display/biomeswevegone/maple/green as it's serializer returned null
[24Nov2024 15:07:50.781] [main/INFO] [net.minecraft.world.item.crafting.RecipeManager/]: Skipping loading recipe lightmanscurrency:traders/card_display/biomesoplenty/dead/green as it's serializer returned null
[24Nov2024 15:07:50.781] [main/INFO] [net.minecraft.world.item.crafting.RecipeManager/]: Skipping loading recipe lightmanscurrency:traders/card_display/biomesoplenty/fir/white as it's serializer returned null
[24Nov2024 15:07:50.781] [main/INFO] [net.minecraft.world.item.crafting.RecipeManager/]: Skipping loading recipe lightmanscurrency:traders/card_display/biomesoplenty/redwood/purple as it's serializer returned null
[24Nov2024 15:07:50.782] [main/INFO] [Spartan Weaponry/]: Empty result tag:"forge:nuggets/tin" Skipping...
[24Nov2024 15:07:50.782] [main/INFO] [net.minecraft.world.item.crafting.RecipeManager/]: Skipping loading recipe spartanweaponry:tin_nugget_from_smelting_tin_weapons as it's serializer returned null
[24Nov2024 15:07:50.782] [main/INFO] [net.minecraft.world.item.crafting.RecipeManager/]: Skipping loading recipe lightmanscurrency:traders/card_display/biomeswevegone/witch_hazel/white as it's serializer returned null
[24Nov2024 15:07:50.782] [main/INFO] [net.minecraft.world.item.crafting.RecipeManager/]: Skipping loading recipe lightmanscurrency:traders/card_display/biomesoplenty/willow/brown as it's serializer returned null
[24Nov2024 15:07:50.785] [main/INFO] [net.minecraft.world.item.crafting.RecipeManager/]: Skipping loading recipe lightmanscurrency:traders/card_display/biomeswevegone/pine/white as it's serializer returned null
[24Nov2024 15:07:50.786] [main/INFO] [net.minecraft.world.item.crafting.RecipeManager/]: Skipping loading recipe lightmanscurrency:traders/shelf/biomesoplenty/magic as it's serializer returned null
[24Nov2024 15:07:50.786] [main/INFO] [net.minecraft.world.item.crafting.RecipeManager/]: Skipping loading recipe lightmanscurrency:traders/card_display/biomeswevegone/ironwood/light_gray as it's serializer returned null
[24Nov2024 15:07:50.787] [main/INFO] [net.minecraft.world.item.crafting.RecipeManager/]: Skipping loading recipe lightmanscurrency:traders/card_display/biomeswevegone/holly/light_gray as it's serializer returned null
[24Nov2024 15:07:50.788] [main/INFO] [net.minecraft.world.item.crafting.RecipeManager/]: Skipping loading recipe lightmanscurrency:traders/card_display/biomesoplenty/mahogany/blue as it's serializer returned null
[24Nov2024 15:07:50.788] [main/INFO] [net.minecraft.world.item.crafting.RecipeManager/]: Skipping loading recipe lightmanscurrency:traders/card_display/biomeswevegone/sakura/cyan as it's serializer returned null
[24Nov2024 15:07:50.788] [main/INFO] [net.minecraft.world.item.crafting.RecipeManager/]: Skipping loading recipe lightmanscurrency:traders/card_display/biomeswevegone/jacaranda/yellow as it's serializer returned null
[24Nov2024 15:07:50.797] [main/INFO] [net.minecraft.world.item.crafting.RecipeManager/]: Skipping loading recipe lightmanscurrency:traders/card_display/biomeswevegone/white_mangrove/light_blue as it's serializer returned null
[24Nov2024 15:07:50.798] [main/WARN] [quark-zeta/]: Non-existent flag diorite being used
[24Nov2024 15:07:50.798] [main/INFO] [net.minecraft.world.item.crafting.RecipeManager/]: Skipping loading recipe lightmanscurrency:traders/card_display/biomeswevegone/white_mangrove/yellow as it's serializer returned null
[24Nov2024 15:07:50.798] [main/INFO] [net.minecraft.world.item.crafting.RecipeManager/]: Skipping loading recipe lightmanscurrency:traders/card_display/biomeswevegone/imbued_green_enchanted/lime as it's serializer returned null
[24Nov2024 15:07:50.799] [main/INFO] [net.minecraft.world.item.crafting.RecipeManager/]: Skipping loading recipe lightmanscurrency:traders/card_display/biomeswevegone/imbued_blue_enchanted/lime as it's serializer returned null
[24Nov2024 15:07:50.799] [main/INFO] [net.minecraft.world.item.crafting.RecipeManager/]: Skipping loading recipe lightmanscurrency:traders/card_display/biomeswevegone/mahogany/red as it's serializer returned null
[24Nov2024 15:07:50.799] [main/INFO] [net.minecraft.world.item.crafting.RecipeManager/]: Skipping loading recipe lightmanscurrency:traders/card_display/biomeswevegone/witch_hazel/green as it's serializer returned null
[24Nov2024 15:07:50.799] [main/INFO] [net.minecraft.world.item.crafting.RecipeManager/]: Skipping loading recipe lightmanscurrency:traders/card_display/biomeswevegone/zelkova/light_blue as it's serializer returned null
[24Nov2024 15:07:50.808] [main/INFO] [net.minecraft.world.item.crafting.RecipeManager/]: Skipping loading recipe lightmanscurrency:traders/card_display/biomesoplenty/mahogany/purple as it's serializer returned null
[24Nov2024 15:07:50.808] [main/INFO] [net.minecraft.world.item.crafting.RecipeManager/]: Skipping loading recipe lightmanscurrency:traders/card_display/biomeswevegone/ebony/cyan as it's serializer returned null
[24Nov2024 15:07:50.809] [main/WARN] [quark-zeta/]: Non-existent flag tuff being used
[24Nov2024 15:07:50.809] [main/WARN] [quark-zeta/]: Non-existent flag diorite being used
[24Nov2024 15:07:50.820] [main/INFO] [net.minecraft.world.item.crafting.RecipeManager/]: Skipping loading recipe lightmanscurrency:traders/card_display/biomesoplenty/mahogany/brown as it's serializer returned null
[24Nov2024 15:07:50.820] [main/INFO] [net.minecraft.world.item.crafting.RecipeManager/]: Skipping loading recipe lightmanscurrency:auction_stand/biomesoplenty/mahogany as it's serializer returned null
[24Nov2024 15:07:50.821] [main/INFO] [net.minecraft.world.item.crafting.RecipeManager/]: Skipping loading recipe lightmanscurrency:auction_stand/biomesoplenty/hellbark as it's serializer returned null
[24Nov2024 15:07:50.822] [main/INFO] [net.minecraft.world.item.crafting.RecipeManager/]: Skipping loading recipe lightmanscurrency:traders/card_display/biomeswevegone/ironwood/yellow as it's serializer returned null
[24Nov2024 15:07:50.823] [main/INFO] [net.minecraft.world.item.crafting.RecipeManager/]: Skipping loading recipe lightmanscurrency:traders/card_display/biomeswevegone/white_mangrove/lime as it's serializer returned null
[24Nov2024 15:07:50.824] [main/INFO] [net.minecraft.world.item.crafting.RecipeManager/]: Skipping loading recipe lightmanscurrency:traders/card_display/biomeswevegone/maple/white as it's serializer returned null
[24Nov2024 15:07:50.824] [main/INFO] [net.minecraft.world.item.crafting.RecipeManager/]: Skipping loading recipe lightmanscurrency:traders/shelf/biomesoplenty/fir as it's serializer returned null
[24Nov2024 15:07:50.825] [main/INFO] [net.minecraft.world.item.crafting.RecipeManager/]: Skipping loading recipe lightmanscurrency:traders/shelf2/biomeswevegone/green_enchanted as it's serializer returned null
[24Nov2024 15:07:50.825] [main/INFO] [net.minecraft.world.item.crafting.RecipeManager/]: Skipping loading recipe lightmanscurrency:traders/card_display/biomesoplenty/dead/orange as it's serializer returned null
[24Nov2024 15:07:50.826] [main/INFO] [net.minecraft.world.item.crafting.RecipeManager/]: Skipping loading recipe lightmanscurrency:traders/card_display/biomeswevegone/florus/white as it's serializer returned null
[24Nov2024 15:07:50.828] [main/WARN] [com.simibubi.create.Create/]: Your custom create:compacting recipe (create_ultimate_factory:f_compacting_veridium) has more item inputs (17) than supported (9).
[24Nov2024 15:07:50.836] [main/INFO] [net.minecraft.world.item.crafting.RecipeManager/]: Skipping loading recipe lightmanscurrency:traders/card_display/biomesoplenty/palm/brown as it's serializer returned null
[24Nov2024 15:07:50.837] [main/INFO] [net.minecraft.world.item.crafting.RecipeManager/]: Skipping loading recipe lightmanscurrency:auction_stand/biomeswevegone/sakura as it's serializer returned null
[24Nov2024 15:07:50.838] [main/INFO] [net.minecraft.world.item.crafting.RecipeManager/]: Skipping loading recipe lightmanscurrency:traders/card_display/biomeswevegone/cypress/gray as it's serializer returned null
[24Nov2024 15:07:50.839] [main/WARN] [quark-zeta/]: Non-existent flag granite being used
[24Nov2024 15:07:50.839] [main/INFO] [net.minecraft.world.item.crafting.RecipeManager/]: Skipping loading recipe lightmanscurrency:traders/card_display/biomeswevegone/willow/red as it's serializer returned null
[24Nov2024 15:07:50.840] [main/INFO] [net.minecraft.world.item.crafting.RecipeManager/]: Skipping loading recipe lightmanscurrency:traders/card_display/biomeswevegone/blue_enchanted/gray as it's serializer returned null
[24Nov2024 15:07:50.840] [main/INFO] [net.minecraft.world.item.crafting.RecipeManager/]: Skipping loading recipe lightmanscurrency:traders/card_display/biomesoplenty/fir/green as it's serializer returned null
[24Nov2024 15:07:50.842] [main/INFO] [net.minecraft.world.item.crafting.RecipeManager/]: Skipping loading recipe create_connected:crafting/palettes/copycat_stairs_compat as it's serializer returned null
[24Nov2024 15:07:50.842] [main/INFO] [net.minecraft.world.item.crafting.RecipeManager/]: Skipping loading recipe lightmanscurrency:traders/card_display/biomeswevegone/skyris/pink as it's serializer returned null
[24Nov2024 15:07:50.843] [main/INFO] [net.minecraft.world.item.crafting.RecipeManager/]: Skipping loading recipe lightmanscurrency:traders/card_display/biomeswevegone/jacaranda/white as it's serializer returned null
[24Nov2024 15:07:50.843] [main/INFO] [net.minecraft.world.item.crafting.RecipeManager/]: Skipping loading recipe lightmanscurrency:auction_stand/biomesoplenty/willow as it's serializer returned null
[24Nov2024 15:07:50.843] [main/WARN] [quark-zeta/]: Non-existent flag andesite being used
[24Nov2024 15:07:50.843] [main/INFO] [net.minecraft.world.item.crafting.RecipeManager/]: Skipping loading recipe lightmanscurrency:traders/card_display/biomeswevegone/jacaranda/green as it's serializer returned null
[24Nov2024 15:07:50.845] [main/INFO] [net.minecraft.world.item.crafting.RecipeManager/]: Skipping loading recipe lightmanscurrency:traders/card_display/biomeswevegone/aspen/red as it's serializer returned null
[24Nov2024 15:07:50.846] [main/INFO] [net.minecraft.world.item.crafting.RecipeManager/]: Skipping loading recipe lightmanscurrency:auction_stand/dark_oak as it's serializer returned null
[24Nov2024 15:07:50.846] [main/INFO] [net.minecraft.world.item.crafting.RecipeManager/]: Skipping loading recipe lightmanscurrency:traders/card_display/biomeswevegone/fir/yellow as it's serializer returned null
[24Nov2024 15:07:50.846] [main/WARN] [quark-zeta/]: Non-existent flag tuff being used
[24Nov2024 15:07:50.859] [main/INFO] [net.minecraft.world.item.crafting.RecipeManager/]: Skipping loading recipe lightmanscurrency:auction_stand/biomeswevegone/green_enchanted as it's serializer returned null
[24Nov2024 15:07:50.860] [main/WARN] [quark-zeta/]: Non-existent flag calcite being used
[24Nov2024 15:07:50.860] [main/INFO] [net.minecraft.world.item.crafting.RecipeManager/]: Skipping loading recipe lightmanscurrency:traders/shelf2/biomeswevegone/zelkova as it's serializer returned null
[24Nov2024 15:07:50.861] [main/INFO] [net.minecraft.world.item.crafting.RecipeManager/]: Skipping loading recipe lightmanscurrency:traders/card_display/biomeswevegone/rainbow_eucalyptus/lime as it's serializer returned null
[24Nov2024 15:07:50.862] [main/INFO] [net.minecraft.world.item.crafting.RecipeManager/]: Skipping loading recipe lightmanscurrency:traders/card_display/biomesoplenty/willow/black as it's serializer returned null
[24Nov2024 15:07:50.864] [main/INFO] [net.minecraft.world.item.crafting.RecipeManager/]: Skipping loading recipe lightmanscurrency:traders/card_display/biomeswevegone/rainbow_eucalyptus/red as it's serializer returned null
[24Nov2024 15:07:50.877] [main/WARN] [quark-zeta/]: Non-existent flag diorite being used
[24Nov2024 15:07:50.877] [main/INFO] [net.minecraft.world.item.crafting.RecipeManager/]: Skipping loading recipe lightmanscurrency:traders/card_display/biomeswevegone/aspen/light_blue as it's serializer returned null
[24Nov2024 15:07:50.879] [main/INFO] [net.minecraft.world.item.crafting.RecipeManager/]: Skipping loading recipe lightmanscurrency:traders/card_display/biomeswevegone/skyris/orange as it's serializer returned null
[24Nov2024 15:07:50.879] [main/INFO] [net.minecraft.world.item.crafting.RecipeManager/]: Skipping loading recipe lightmanscurrency:traders/card_display/biomeswevegone/zelkova/purple as it's serializer returned null
[24Nov2024 15:07:50.879] [main/INFO] [net.minecraft.world.item.crafting.RecipeManager/]: Skipping loading recipe lightmanscurrency:traders/card_display/biomeswevegone/ebony/purple as it's serializer returned null
[24Nov2024 15:07:50.880] [main/INFO] [net.minecraft.world.item.crafting.RecipeManager/]: Skipping loading recipe lightmanscurrency:traders/card_display/biomeswevegone/ironwood/green as it's serializer returned null
[24Nov2024 15:07:50.880] [main/INFO] [net.minecraft.world.item.crafting.RecipeManager/]: Skipping loading recipe lightmanscurrency:traders/card_display/biomeswevegone/sakura/light_gray as it's serializer returned null
[24Nov2024 15:07:50.880] [main/WARN] [quark-zeta/]: Non-existent flag calcite being used
[24Nov2024 15:07:50.880] [main/INFO] [net.minecraft.world.item.crafting.RecipeManager/]: Skipping loading recipe lightmanscurrency:traders/shelf/biomeswevegone/fir as it's serializer returned null
[24Nov2024 15:07:50.881] [main/INFO] [net.minecraft.world.item.crafting.RecipeManager/]: Skipping loading recipe lightmanscurrency:traders/card_display/biomeswevegone/imbued_green_enchanted/green as it's serializer returned null
[24Nov2024 15:07:50.881] [main/INFO] [net.minecraft.world.item.crafting.RecipeManager/]: Skipping loading recipe lightmanscurrency:traders/card_display/biomeswevegone/redwood/red as it's serializer returned null
[24Nov2024 15:07:50.888] [main/INFO] [net.minecraft.world.item.crafting.RecipeManager/]: Skipping loading recipe lightmanscurrency:traders/card_display/biomeswevegone/aspen/green as it's serializer returned null
[24Nov2024 15:07:50.889] [main/INFO] [net.minecraft.world.item.crafting.RecipeManager/]: Skipping loading recipe lightmanscurrency:traders/card_display/biomesoplenty/magic/white as it's serializer returned null
[24Nov2024 15:07:50.889] [main/INFO] [net.minecraft.world.item.crafting.RecipeManager/]: Skipping loading recipe lightmanscurrency:traders/card_display/biomeswevegone/imbued_green_enchanted/light_gray as it's serializer returned null
[24Nov2024 15:07:50.895] [main/WARN] [quark-zeta/]: Non-existent flag calcite being used
[24Nov2024 15:07:50.896] [main/INFO] [net.minecraft.world.item.crafting.RecipeManager/]: Skipping loading recipe lightmanscurrency:traders/card_display/biomesoplenty/palm/light_gray as it's serializer returned null
[24Nov2024 15:07:50.896] [main/WARN] [quark-zeta/]: Non-existent flag tuff being used
[24Nov2024 15:07:50.896] [main/INFO] [net.minecraft.world.item.crafting.RecipeManager/]: Skipping loading recipe lightmanscurrency:traders/card_display/biomeswevegone/aspen/orange as it's serializer returned null
[24Nov2024 15:07:50.896] [main/INFO] [net.minecraft.world.item.crafting.RecipeManager/]: Skipping loading recipe lightmanscurrency:traders/bookshelf/biomeswevegone/willow as it's serializer returned null
[24Nov2024 15:07:50.896] [main/INFO] [net.minecraft.world.item.crafting.RecipeManager/]: Skipping loading recipe lightmanscurrency:traders/bookshelf/biomesoplenty/dead as it's serializer returned null
[24Nov2024 15:07:50.897] [main/INFO] [net.minecraft.world.item.crafting.RecipeManager/]: Skipping loading recipe lightmanscurrency:traders/card_display/biomeswevegone/zelkova/blue as it's serializer returned null
[24Nov2024 15:07:50.897] [main/ERROR] [net.minecraft.world.item.crafting.RecipeManager/]: Parsing error loading recipe tetranomicon:netherite_opal: com.google.gson.JsonSyntaxException: Unknown item 'oresabovediamonds:black_opal'
[24Nov2024 15:07:50.898] [main/INFO] [net.minecraft.world.item.crafting.RecipeManager/]: Skipping loading recipe lightmanscurrency:traders/card_display/biomeswevegone/aspen/white as it's serializer returned null
[24Nov2024 15:07:50.898] [main/INFO] [net.minecraft.world.item.crafting.RecipeManager/]: Skipping loading recipe lightmanscurrency:traders/card_display/biomeswevegone/cypress/purple as it's serializer returned null
[24Nov2024 15:07:50.898] [main/INFO] [net.minecraft.world.item.crafting.RecipeManager/]: Skipping loading recipe lightmanscurrency:traders/card_display/biomesoplenty/umbran/green as it's serializer returned null
[24Nov2024 15:07:50.898] [main/INFO] [net.minecraft.world.item.crafting.RecipeManager/]: Skipping loading recipe lightmanscurrency:traders/card_display/biomesoplenty/magic/green as it's serializer returned null
[24Nov2024 15:07:50.899] [main/INFO] [net.minecraft.world.item.crafting.RecipeManager/]: Skipping loading recipe lightmanscurrency:traders/card_display/biomeswevegone/maple/light_blue as it's serializer returned null
[24Nov2024 15:07:50.899] [main/INFO] [net.minecraft.world.item.crafting.RecipeManager/]: Skipping loading recipe lightmanscurrency:auction_stand/quark/ancient as it's serializer returned null
[24Nov2024 15:07:50.899] [main/INFO] [net.minecraft.world.item.crafting.RecipeManager/]: Skipping loading recipe lightmanscurrency:traders/shelf/biomeswevegone/ebony as it's serializer returned null
[24Nov2024 15:07:50.905] [main/INFO] [net.minecraft.world.item.crafting.RecipeManager/]: Skipping loading recipe lightmanscurrency:traders/card_display/biomeswevegone/rainbow_eucalyptus/green as it's serializer returned null
[24Nov2024 15:07:50.906] [main/INFO] [Spartan Weaponry/]: Empty result tag:"forge:nuggets/nickel" Skipping...
[24Nov2024 15:07:50.906] [main/INFO] [net.minecraft.world.item.crafting.RecipeManager/]: Skipping loading recipe spartanweaponry:nickel_nugget_from_smelting_nickel_weapons as it's serializer returned null
[24Nov2024 15:07:50.906] [main/INFO] [net.minecraft.world.item.crafting.RecipeManager/]: Skipping loading recipe lightmanscurrency:traders/card_display/biomeswevegone/baobab/cyan as it's serializer returned null
[24Nov2024 15:07:50.906] [main/WARN] [quark-zeta/]: Non-existent flag dripstone being used
[24Nov2024 15:07:50.907] [main/INFO] [net.minecraft.world.item.crafting.RecipeManager/]: Skipping loading recipe lightmanscurrency:traders/card_display/biomeswevegone/imbued_green_enchanted/white as it's serializer returned null
[24Nov2024 15:07:50.907] [main/WARN] [quark-zeta/]: Non-existent flag granite being used
[24Nov2024 15:07:50.914] [main/INFO] [net.minecraft.world.item.crafting.RecipeManager/]: Skipping loading recipe lightmanscurrency:traders/card_display/biomeswevegone/cika/yellow as it's serializer returned null
[24Nov2024 15:07:50.914] [main/INFO] [net.minecraft.world.item.crafting.RecipeManager/]: Skipping loading recipe lightmanscurrency:traders/card_display/biomeswevegone/sakura/red as it's serializer returned null
[24Nov2024 15:07:50.915] [main/INFO] [net.minecraft.world.item.crafting.RecipeManager/]: Skipping loading recipe lightmanscurrency:traders/shelf2/biomeswevegone/sakura as it's serializer returned null
[24Nov2024 15:07:50.915] [main/INFO] [net.minecraft.world.item.crafting.RecipeManager/]: Skipping loading recipe lightmanscurrency:traders/card_display/biomeswevegone/pine/gray as it's serializer returned null
[24Nov2024 15:07:50.917] [main/INFO] [net.minecraft.world.item.crafting.RecipeManager/]: Skipping loading recipe lightmanscurrency:traders/bookshelf/biomeswevegone/pine as it's serializer returned null
[24Nov2024 15:07:50.918] [main/INFO] [net.minecraft.world.item.crafting.RecipeManager/]: Skipping loading recipe lightmanscurrency:traders/card_display/biomeswevegone/cypress/black as it's serializer returned null
[24Nov2024 15:07:50.918] [main/WARN] [quark-zeta/]: Non-existent flag andesite being used
[24Nov2024 15:07:50.919] [main/ERROR] [net.minecraft.world.item.crafting.RecipeManager/]: Parsing error loading recipe farmersdelight:bakery/pot_cooking/squid_ink_pasta: com.google.gson.JsonSyntaxException: Invalid item: minecraft:air
[24Nov2024 15:07:50.919] [main/WARN] [quark-zeta/]: Non-existent flag tuff being used
[24Nov2024 15:07:50.923] [main/INFO] [net.minecraft.world.item.crafting.RecipeManager/]: Skipping loading recipe lightmanscurrency:traders/card_display/biomesoplenty/redwood/lime as it's serializer returned null
[24Nov2024 15:07:50.923] [main/INFO] [net.minecraft.world.item.crafting.RecipeManager/]: Skipping loading recipe lightmanscurrency:traders/card_display/biomeswevegone/rainbow_eucalyptus/white as it's serializer returned null
[24Nov2024 15:07:50.930] [main/INFO] [net.minecraft.world.item.crafting.RecipeManager/]: Skipping loading recipe lightmanscurrency:traders/card_display/biomeswevegone/imbued_blue_enchanted/light_gray as it's serializer returned null
[24Nov2024 15:07:50.931] [main/INFO] [net.minecraft.world.item.crafting.RecipeManager/]: Skipping loading recipe lightmanscurrency:traders/shelf/biomesoplenty/palm as it's serializer returned null
[24Nov2024 15:07:50.931] [main/WARN] [quark-zeta/]: Non-existent flag calcite being used
[24Nov2024 15:07:50.938] [main/INFO] [net.minecraft.world.item.crafting.RecipeManager/]: Skipping loading recipe lightmanscurrency:traders/card_display/biomeswevegone/baobab/magenta as it's serializer returned null
[24Nov2024 15:07:50.938] [main/INFO] [net.minecraft.world.item.crafting.RecipeManager/]: Skipping loading recipe lightmanscurrency:traders/card_display/biomeswevegone/cika/brown as it's serializer returned null
[24Nov2024 15:07:50.938] [main/INFO] [net.minecraft.world.item.crafting.RecipeManager/]: Skipping loading recipe lightmanscurrency:traders/card_display/biomeswevegone/maple/lime as it's serializer returned null
[24Nov2024 15:07:50.938] [main/INFO] [net.minecraft.world.item.crafting.RecipeManager/]: Skipping loading recipe lightmanscurrency:auction_stand/biomeswevegone/rainbow_eucalyptus as it's serializer returned null
[24Nov2024 15:07:50.939] [main/WARN] [quark-zeta/]: Non-existent flag dripstone being used
[24Nov2024 15:07:50.946] [main/INFO] [net.minecraft.world.item.crafting.RecipeManager/]: Skipping loading recipe lightmanscurrency:traders/card_display/biomesoplenty/fir/cyan as it's serializer returned null
[24Nov2024 15:07:50.946] [main/INFO] [Spartan Weaponry/]: Empty result tag:"forge:nuggets/platinum" Skipping...
[24Nov2024 15:07:50.946] [main/INFO] [net.minecraft.world.item.crafting.RecipeManager/]: Skipping loading recipe spartanweaponry:platinum_nugget_from_blasting_platinum_weapons as it's serializer returned null
[24Nov2024 15:07:50.947] [main/INFO] [net.minecraft.world.item.crafting.RecipeManager/]: Skipping loading recipe lightmanscurrency:traders/card_display/biomeswevegone/pine/red as it's serializer returned null
[24Nov2024 15:07:50.948] [main/WARN] [quark-zeta/]: Non-existent flag granite being used
[24Nov2024 15:07:50.948] [main/INFO] [net.minecraft.world.item.crafting.RecipeManager/]: Skipping loading recipe lightmanscurrency:traders/card_display/biomesoplenty/hellbark/orange as it's serializer returned null
[24Nov2024 15:07:50.949] [main/INFO] [net.minecraft.world.item.crafting.RecipeManager/]: Skipping loading recipe lightmanscurrency:traders/card_display/biomeswevegone/fir/magenta as it's serializer returned null
[24Nov2024 15:07:50.949] [main/INFO] [net.minecraft.world.item.crafting.RecipeManager/]: Skipping loading recipe lightmanscurrency:traders/card_display/biomeswevegone/pine/pink as it's serializer returned null
[24Nov2024 15:07:50.950] [main/INFO] [net.minecraft.world.item.crafting.RecipeManager/]: Skipping loading recipe lightmanscurrency:traders/card_display/biomeswevegone/pine/yellow as it's serializer returned null
[24Nov2024 15:07:50.967] [main/INFO] [net.minecraft.world.item.crafting.RecipeManager/]: Skipping loading recipe lightmanscurrency:traders/card_display/biomeswevegone/green_enchanted/light_blue as it's serializer returned null
[24Nov2024 15:07:50.967] [main/INFO] [net.minecraft.world.item.crafting.RecipeManager/]: Skipping loading recipe lightmanscurrency:traders/card_display/biomeswevegone/fir/purple as it's serializer returned null
[24Nov2024 15:07:50.975] [main/INFO] [net.minecraft.world.item.crafting.RecipeManager/]: Skipping loading recipe lightmanscurrency:traders/card_display/biomesoplenty/redwood/green as it's serializer returned null
[24Nov2024 15:07:50.975] [main/INFO] [net.minecraft.world.item.crafting.RecipeManager/]: Skipping loading recipe lightmanscurrency:traders/card_display/biomeswevegone/willow/light_blue as it's serializer returned null
[24Nov2024 15:07:50.975] [main/INFO] [net.minecraft.world.item.crafting.RecipeManager/]: Skipping loading recipe lightmanscurrency:traders/card_display/biomeswevegone/florus/lime as it's serializer returned null
[24Nov2024 15:07:50.975] [main/WARN] [quark-zeta/]: Non-existent flag andesite being used
[24Nov2024 15:07:50.976] [main/WARN] [quark-zeta/]: Non-existent flag granite being used
[24Nov2024 15:07:50.976] [main/INFO] [net.minecraft.world.item.crafting.RecipeManager/]: Skipping loading recipe lightmanscurrency:traders/card_display/biomeswevegone/witch_hazel/orange as it's serializer returned null
[24Nov2024 15:07:50.976] [main/INFO] [net.minecraft.world.item.crafting.RecipeManager/]: Skipping loading recipe lightmanscurrency:traders/shelf2/biomesoplenty/redwood as it's serializer returned null
[24Nov2024 15:07:50.977] [main/INFO] [net.minecraft.world.item.crafting.RecipeManager/]: Skipping loading recipe lightmanscurrency:traders/card_display/biomeswevegone/palm/red as it's serializer returned null
[24Nov2024 15:07:50.978] [main/INFO] [net.minecraft.world.item.crafting.RecipeManager/]: Skipping loading recipe lightmanscurrency:traders/card_display/biomesoplenty/umbran/light_blue as it's serializer returned null
[24Nov2024 15:07:50.978] [main/WARN] [quark-zeta/]: Non-existent flag calcite being used
[24Nov2024 15:07:50.978] [main/ERROR] [net.minecraft.world.item.crafting.RecipeManager/]: Parsing error loading recipe naturalist:frontier_cap: com.google.gson.JsonSyntaxException: Invalid or unsupported recipe type 'forge:mod_loaded'
[24Nov2024 15:07:50.978] [main/INFO] [net.minecraft.world.item.crafting.RecipeManager/]: Skipping loading recipe lightmanscurrency:traders/card_display/biomeswevegone/ironwood/blue as it's serializer returned null
[24Nov2024 15:07:50.986] [main/INFO] [net.minecraft.world.item.crafting.RecipeManager/]: Skipping loading recipe lightmanscurrency:traders/card_display/biomeswevegone/skyris/magenta as it's serializer returned null
[24Nov2024 15:07:50.986] [main/WARN] [quark-zeta/]: Non-existent flag dripstone being used
[24Nov2024 15:07:50.993] [main/INFO] [net.minecraft.world.item.crafting.RecipeManager/]: Skipping loading recipe lightmanscurrency:traders/card_display/biomeswevegone/blue_enchanted/white as it's serializer returned null
[24Nov2024 15:07:51.000] [main/INFO] [net.minecraft.world.item.crafting.RecipeManager/]: Skipping loading recipe lightmanscurrency:traders/card_display/biomesoplenty/palm/blue as it's serializer returned null
[24Nov2024 15:07:51.000] [main/INFO] [net.minecraft.world.item.crafting.RecipeManager/]: Skipping loading recipe lightmanscurrency:traders/card_display/biomeswevegone/cika/red as it's serializer returned null
[24Nov2024 15:07:51.001] [main/INFO] [net.minecraft.world.item.crafting.RecipeManager/]: Skipping loading recipe lightmanscurrency:traders/shelf/biomesoplenty/jacaranda as it's serializer returned null
[24Nov2024 15:07:51.001] [main/INFO] [net.minecraft.world.item.crafting.RecipeManager/]: Skipping loading recipe lightmanscurrency:traders/card_display/biomeswevegone/cypress/lime as it's serializer returned null
[24Nov2024 15:07:51.008] [main/INFO] [net.minecraft.world.item.crafting.RecipeManager/]: Skipping loading recipe lightmanscurrency:traders/card_display/biomesoplenty/redwood/light_gray as it's serializer returned null
[24Nov2024 15:07:51.015] [main/ERROR] [net.minecraft.world.item.crafting.RecipeManager/]: Parsing error loading recipe bakery:farmersdelight/cooking/apple_jam: com.google.gson.JsonSyntaxException: Invalid or unsupported recipe type 'farmersdelight:pot_cooking'
[24Nov2024 15:07:51.017] [main/INFO] [net.minecraft.world.item.crafting.RecipeManager/]: Skipping loading recipe toolbelt:pouch_via_sewing as it's serializer returned null
[24Nov2024 15:07:51.018] [main/INFO] [net.minecraft.world.item.crafting.RecipeManager/]: Skipping loading recipe lightmanscurrency:traders/card_display/biomesoplenty/jacaranda/orange as it's serializer returned null
[24Nov2024 15:07:51.018] [main/INFO] [net.minecraft.world.item.crafting.RecipeManager/]: Skipping loading recipe lightmanscurrency:auction_stand/birch as it's serializer returned null
[24Nov2024 15:07:51.018] [main/INFO] [net.minecraft.world.item.crafting.RecipeManager/]: Skipping loading recipe lightmanscurrency:traders/card_display/biomeswevegone/blue_enchanted/green as it's serializer returned null
[24Nov2024 15:07:51.019] [main/INFO] [net.minecraft.world.item.crafting.RecipeManager/]: Skipping loading recipe lightmanscurrency:traders/card_display/biomeswevegone/mahogany/purple as it's serializer returned null
[24Nov2024 15:07:51.029] [main/INFO] [net.minecraft.world.item.crafting.RecipeManager/]: Skipping loading recipe lightmanscurrency:traders/card_display/biomeswevegone/witch_hazel/cyan as it's serializer returned null
[24Nov2024 15:07:51.029] [main/INFO] [net.minecraft.world.item.crafting.RecipeManager/]: Skipping loading recipe lightmanscurrency:traders/card_display/biomeswevegone/florus/light_blue as it's serializer returned null
[24Nov2024 15:07:51.030] [main/INFO] [net.minecraft.world.item.crafting.RecipeManager/]: Skipping loading recipe lightmanscurrency:traders/shelf/biomeswevegone/willow as it's serializer returned null
[24Nov2024 15:07:51.030] [main/INFO] [net.minecraft.world.item.crafting.RecipeManager/]: Skipping loading recipe lightmanscurrency:traders/card_display/biomeswevegone/redwood/pink as it's serializer returned null
[24Nov2024 15:07:51.030] [main/INFO] [net.minecraft.world.item.crafting.RecipeManager/]: Skipping loading recipe lightmanscurrency:traders/card_display/biomeswevegone/imbued_blue_enchanted/white as it's serializer returned null
[24Nov2024 15:07:51.031] [main/INFO] [net.minecraft.world.item.crafting.RecipeManager/]: Skipping loading recipe lightmanscurrency:traders/card_display/biomeswevegone/cypress/brown as it's serializer returned null
[24Nov2024 15:07:51.031] [main/INFO] [net.minecraft.world.item.crafting.RecipeManager/]: Skipping loading recipe lightmanscurrency:traders/card_display/biomeswevegone/palo_verde/green as it's serializer returned null
[24Nov2024 15:07:51.031] [main/WARN] [quark-zeta/]: Non-existent flag tuff being used
[24Nov2024 15:07:51.032] [main/INFO] [net.minecraft.world.item.crafting.RecipeManager/]: Skipping loading recipe lightmanscurrency:traders/card_display/biomeswevegone/imbued_blue_enchanted/gray as it's serializer returned null
[24Nov2024 15:07:51.032] [main/INFO] [net.minecraft.world.item.crafting.RecipeManager/]: Skipping loading recipe lightmanscurrency:traders/card_display/biomesoplenty/umbran/white as it's serializer returned null
[24Nov2024 15:07:51.033] [main/INFO] [net.minecraft.world.item.crafting.RecipeManager/]: Skipping loading recipe lightmanscurrency:traders/card_display/biomeswevegone/white_mangrove/cyan as it's serializer returned null
[24Nov2024 15:07:51.034] [main/INFO] [net.minecraft.world.item.crafting.RecipeManager/]: Skipping loading recipe lightmanscurrency:traders/card_display/biomeswevegone/palo_verde/white as it's serializer returned null
[24Nov2024 15:07:51.035] [main/WARN] [quark-zeta/]: Non-existent flag dripstone being used
[24Nov2024 15:07:51.035] [main/INFO] [net.minecraft.world.item.crafting.RecipeManager/]: Skipping loading recipe lightmanscurrency:traders/card_display/biomeswevegone/cypress/orange as it's serializer returned null
[24Nov2024 15:07:51.036] [main/INFO] [net.minecraft.world.item.crafting.RecipeManager/]: Skipping loading recipe lightmanscurrency:auction_stand/jungle as it's serializer returned null
[24Nov2024 15:07:51.036] [main/WARN] [quark-zeta/]: Non-existent flag dripstone being used
[24Nov2024 15:07:51.037] [main/INFO] [net.minecraft.world.item.crafting.RecipeManager/]: Skipping loading recipe lightmanscurrency:traders/card_display/biomeswevegone/cika/black as it's serializer returned null
[24Nov2024 15:07:51.039] [main/INFO] [net.minecraft.world.item.crafting.RecipeManager/]: Skipping loading recipe lightmanscurrency:traders/card_display/biomeswevegone/fir/pink as it's serializer returned null
[24Nov2024 15:07:51.039] [main/INFO] [net.minecraft.world.item.crafting.RecipeManager/]: Skipping loading recipe lightmanscurrency:traders/card_display/biomeswevegone/ironwood/white as it's serializer returned null
[24Nov2024 15:07:51.046] [main/INFO] [net.minecraft.world.item.crafting.RecipeManager/]: Skipping loading recipe lightmanscurrency:traders/card_display/biomesoplenty/dead/light_blue as it's serializer returned null
[24Nov2024 15:07:51.046] [main/INFO] [net.minecraft.world.item.crafting.RecipeManager/]: Skipping loading recipe lightmanscurrency:traders/card_display/biomeswevegone/holly/lime as it's serializer returned null
[24Nov2024 15:07:51.047] [main/INFO] [net.minecraft.world.item.crafting.RecipeManager/]: Skipping loading recipe lightmanscurrency:traders/card_display/biomesoplenty/jacaranda/white as it's serializer returned null
[24Nov2024 15:07:51.047] [main/INFO] [net.minecraft.world.item.crafting.RecipeManager/]: Skipping loading recipe lightmanscurrency:traders/card_display/biomeswevegone/holly/black as it's serializer returned null
[24Nov2024 15:07:51.047] [main/INFO] [net.minecraft.world.item.crafting.RecipeManager/]: Skipping loading recipe lightmanscurrency:traders/bookshelf/biomeswevegone/cika as it's serializer returned null
[24Nov2024 15:07:51.048] [main/INFO] [net.minecraft.world.item.crafting.RecipeManager/]: Skipping loading recipe lightmanscurrency:traders/card_display/biomesoplenty/jacaranda/green as it's serializer returned null
[24Nov2024 15:07:51.048] [main/INFO] [net.minecraft.world.item.crafting.RecipeManager/]: Skipping loading recipe lightmanscurrency:traders/card_display/biomeswevegone/imbued_blue_enchanted/green as it's serializer returned null
[24Nov2024 15:07:51.063] [main/INFO] [net.minecraft.world.item.crafting.RecipeManager/]: Skipping loading recipe lightmanscurrency:traders/bookshelf/biomeswevegone/jacaranda as it's serializer returned null
[24Nov2024 15:07:51.070] [main/WARN] [quark-zeta/]: Non-existent flag calcite being used
[24Nov2024 15:07:51.070] [main/INFO] [net.minecraft.world.item.crafting.RecipeManager/]: Skipping loading recipe lightmanscurrency:traders/card_display/biomeswevegone/palm/white as it's serializer returned null
[24Nov2024 15:07:51.071] [main/INFO] [net.minecraft.world.item.crafting.RecipeManager/]: Skipping loading recipe lightmanscurrency:traders/shelf2/biomesoplenty/willow as it's serializer returned null
[24Nov2024 15:07:51.071] [main/WARN] [com.simibubi.create.Create/]: Your custom createaddition:rolling/electrum_ingot recipe (createaddition:rolling/electrum_ingot) specified a duration. Durations have no impact on this type of recipe.
[24Nov2024 15:07:51.071] [main/INFO] [net.minecraft.world.item.crafting.RecipeManager/]: Skipping loading recipe lightmanscurrency:traders/card_display/biomeswevegone/zelkova/red as it's serializer returned null
[24Nov2024 15:07:51.073] [main/INFO] [net.minecraft.world.item.crafting.RecipeManager/]: Skipping loading recipe lightmanscurrency:traders/card_display/biomeswevegone/blue_enchanted/brown as it's serializer returned null
[24Nov2024 15:07:51.074] [main/INFO] [net.minecraft.world.item.crafting.RecipeManager/]: Skipping loading recipe lightmanscurrency:traders/card_display/biomeswevegone/redwood/gray as it's serializer returned null
[24Nov2024 15:07:51.074] [main/INFO] [net.minecraft.world.item.crafting.RecipeManager/]: Skipping loading recipe lightmanscurrency:auction_stand/biomeswevegone/redwood as it's serializer returned null
[24Nov2024 15:07:51.075] [main/INFO] [net.minecraft.world.item.crafting.RecipeManager/]: Skipping loading recipe lightmanscurrency:auction_stand/biomesoplenty/umbran as it's serializer returned null
[24Nov2024 15:07:51.077] [main/INFO] [net.minecraft.world.item.crafting.RecipeManager/]: Skipping loading recipe lightmanscurrency:traders/card_display/biomeswevegone/florus/pink as it's serializer returned null
[24Nov2024 15:07:51.077] [main/INFO] [net.minecraft.world.item.crafting.RecipeManager/]: Skipping loading recipe supplementaries:inspirations/blackboard_clear as it's serializer returned null
[24Nov2024 15:07:51.078] [main/INFO] [net.minecraft.world.item.crafting.RecipeManager/]: Skipping loading recipe lightmanscurrency:traders/card_display/biomesoplenty/umbran/cyan as it's serializer returned null
[24Nov2024 15:07:51.078] [main/INFO] [net.minecraft.world.item.crafting.RecipeManager/]: Skipping loading recipe lightmanscurrency:network/item_network_trader_4 as it's serializer returned null
[24Nov2024 15:07:51.078] [main/INFO] [net.minecraft.world.item.crafting.RecipeManager/]: Skipping loading recipe lightmanscurrency:network/item_network_trader_3 as it's serializer returned null
[24Nov2024 15:07:51.078] [main/INFO] [net.minecraft.world.item.crafting.RecipeManager/]: Skipping loading recipe lightmanscurrency:network/item_network_trader_2 as it's serializer returned null
[24Nov2024 15:07:51.078] [main/INFO] [net.minecraft.world.item.crafting.RecipeManager/]: Skipping loading recipe lightmanscurrency:network/item_network_trader_1 as it's serializer returned null
[24Nov2024 15:07:51.078] [main/INFO] [net.minecraft.world.item.crafting.RecipeManager/]: Skipping loading recipe lightmanscurrency:auction_stand/biomeswevegone/cika as it's serializer returned null
[24Nov2024 15:07:51.079] [main/INFO] [net.minecraft.world.item.crafting.RecipeManager/]: Skipping loading recipe lightmanscurrency:traders/card_display/biomeswevegone/palm/magenta as it's serializer returned null
[24Nov2024 15:07:51.090] [main/ERROR] [net.minecraft.world.item.crafting.RecipeManager/]: Parsing error loading recipe farmersdelight:bakery/pot_cooking/dumplings: com.google.gson.JsonSyntaxException: Invalid item: minecraft:air
[24Nov2024 15:07:51.098] [main/INFO] [net.minecraft.world.item.crafting.RecipeManager/]: Skipping loading recipe lightmanscurrency:traders/card_display/biomeswevegone/ebony/orange as it's serializer returned null
[24Nov2024 15:07:51.098] [main/INFO] [net.minecraft.world.item.crafting.RecipeManager/]: Skipping loading recipe lightmanscurrency:traders/card_display/biomeswevegone/white_mangrove/orange as it's serializer returned null
[24Nov2024 15:07:51.099] [main/INFO] [net.minecraft.world.item.crafting.RecipeManager/]: Skipping loading recipe lightmanscurrency:traders/card_display/biomeswevegone/fir/gray as it's serializer returned null
[24Nov2024 15:07:51.099] [main/INFO] [net.minecraft.world.item.crafting.RecipeManager/]: Skipping loading recipe lightmanscurrency:traders/card_display/biomeswevegone/zelkova/cyan as it's serializer returned null
[24Nov2024 15:07:51.099] [main/INFO] [net.minecraft.world.item.crafting.RecipeManager/]: Skipping loading recipe lightmanscurrency:traders/card_display/biomeswevegone/green_enchanted/purple as it's serializer returned null
[24Nov2024 15:07:51.100] [main/INFO] [net.minecraft.world.item.crafting.RecipeManager/]: Skipping loading recipe lightmanscurrency:traders/card_display/biomeswevegone/ebony/pink as it's serializer returned null
[24Nov2024 15:07:51.107] [main/WARN] [quark-zeta/]: Non-existent flag tuff being used
[24Nov2024 15:07:51.108] [main/INFO] [net.minecraft.world.item.crafting.RecipeManager/]: Skipping loading recipe lightmanscurrency:traders/bookshelf/biomeswevegone/mahogany as it's serializer returned null
[24Nov2024 15:07:51.108] [main/INFO] [net.minecraft.world.item.crafting.RecipeManager/]: Skipping loading recipe lightmanscurrency:auction_stand/spruce as it's serializer returned null
[24Nov2024 15:07:51.109] [main/WARN] [quark-zeta/]: Non-existent flag calcite being used
[24Nov2024 15:07:51.109] [main/WARN] [quark-zeta/]: Non-existent flag granite being used
[24Nov2024 15:07:51.109] [main/INFO] [net.minecraft.world.item.crafting.RecipeManager/]: Skipping loading recipe lightmanscurrency:traders/card_display/biomeswevegone/imbued_blue_enchanted/yellow as it's serializer returned null
[24Nov2024 15:07:51.117] [main/INFO] [net.minecraft.world.item.crafting.RecipeManager/]: Skipping loading recipe lightmanscurrency:traders/bookshelf/biomeswevegone/baobab as it's serializer returned null
[24Nov2024 15:07:51.117] [main/INFO] [net.minecraft.world.item.crafting.RecipeManager/]: Skipping loading recipe lightmanscurrency:traders/card_display/biomesoplenty/fir/purple as it's serializer returned null
[24Nov2024 15:07:51.117] [main/INFO] [net.minecraft.world.item.crafting.RecipeManager/]: Skipping loading recipe lightmanscurrency:traders/card_display/biomesoplenty/willow/magenta as it's serializer returned null
[24Nov2024 15:07:51.117] [main/INFO] [net.minecraft.world.item.crafting.RecipeManager/]: Skipping loading recipe lightmanscurrency:traders/card_display/biomeswevegone/jacaranda/orange as it's serializer returned null
[24Nov2024 15:07:51.118] [main/INFO] [net.minecraft.world.item.crafting.RecipeManager/]: Skipping loading recipe lightmanscurrency:traders/card_display/biomeswevegone/zelkova/orange as it's serializer returned null
[24Nov2024 15:07:51.133] [main/INFO] [net.minecraft.world.item.crafting.RecipeManager/]: Skipping loading recipe lightmanscurrency:traders/card_display/biomesoplenty/dead/purple as it's serializer returned null
[24Nov2024 15:07:51.134] [main/INFO] [net.minecraft.world.item.crafting.RecipeManager/]: Skipping loading recipe lightmanscurrency:traders/card_display/biomesoplenty/willow/blue as it's serializer returned null
[24Nov2024 15:07:51.141] [main/INFO] [net.minecraft.world.item.crafting.RecipeManager/]: Skipping loading recipe lightmanscurrency:traders/card_display/biomeswevegone/florus/gray as it's serializer returned null
[24Nov2024 15:07:51.149] [main/INFO] [net.minecraft.world.item.crafting.RecipeManager/]: Skipping loading recipe lightmanscurrency:auction_stand/biomeswevegone/mahogany as it's serializer returned null
[24Nov2024 15:07:51.149] [main/INFO] [net.minecraft.world.item.crafting.RecipeManager/]: Skipping loading recipe lightmanscurrency:traders/card_display/biomeswevegone/cika/light_gray as it's serializer returned null
[24Nov2024 15:07:51.150] [main/INFO] [net.minecraft.world.item.crafting.RecipeManager/]: Skipping loading recipe lightmanscurrency:traders/shelf2/biomeswevegone/florus as it's serializer returned null
[24Nov2024 15:07:51.150] [main/INFO] [net.minecraft.world.item.crafting.RecipeManager/]: Skipping loading recipe lightmanscurrency:traders/card_display/biomeswevegone/ironwood/magenta as it's serializer returned null
[24Nov2024 15:07:51.150] [main/INFO] [net.minecraft.world.item.crafting.RecipeManager/]: Skipping loading recipe lightmanscurrency:traders/card_display/biomeswevegone/imbued_green_enchanted/magenta as it's serializer returned null
[24Nov2024 15:07:51.158] [main/INFO] [net.minecraft.world.item.crafting.RecipeManager/]: Skipping loading recipe lightmanscurrency:traders/card_display/biomesoplenty/mahogany/green as it's serializer returned null
[24Nov2024 15:07:51.159] [main/INFO] [net.minecraft.world.item.crafting.RecipeManager/]: Skipping loading recipe lightmanscurrency:traders/card_display/biomeswevegone/mahogany/black as it's serializer returned null
[24Nov2024 15:07:51.160] [main/INFO] [net.minecraft.world.item.crafting.RecipeManager/]: Skipping loading recipe lightmanscurrency:traders/card_display/biomeswevegone/cypress/cyan as it's serializer returned null
[24Nov2024 15:07:51.160] [main/INFO] [net.minecraft.world.item.crafting.RecipeManager/]: Skipping loading recipe lightmanscurrency:traders/card_display/biomeswevegone/jacaranda/red as it's serializer returned null
[24Nov2024 15:07:51.161] [main/WARN] [quark-zeta/]: Non-existent flag dripstone being used
[24Nov2024 15:07:51.162] [main/INFO] [net.minecraft.world.item.crafting.RecipeManager/]: Skipping loading recipe lightmanscurrency:traders/card_display/biomeswevegone/fir/black as it's serializer returned null
[24Nov2024 15:07:51.163] [main/WARN] [quark-zeta/]: Non-existent flag andesite being used
[24Nov2024 15:07:51.163] [main/WARN] [quark-zeta/]: Non-existent flag tuff being used
[24Nov2024 15:07:51.163] [main/WARN] [quark-zeta/]: Non-existent flag tuff being used
[24Nov2024 15:07:51.164] [main/WARN] [quark-zeta/]: Non-existent flag andesite being used
[24Nov2024 15:07:51.165] [main/ERROR] [net.minecraft.world.item.crafting.RecipeManager/]: Parsing error loading recipe farmersdelight:bakery/pot_cooking/noodle_soup: com.google.gson.JsonSyntaxException: Invalid item: minecraft:air
[24Nov2024 15:07:51.165] [main/INFO] [net.minecraft.world.item.crafting.RecipeManager/]: Skipping loading recipe lightmanscurrency:traders/card_display/biomeswevegone/baobab/red as it's serializer returned null
[24Nov2024 15:07:51.175] [main/WARN] [quark-zeta/]: Non-existent flag dripstone being used
[24Nov2024 15:07:51.175] [main/INFO] [net.minecraft.world.item.crafting.RecipeManager/]: Skipping loading recipe lightmanscurrency:traders/card_display/biomeswevegone/sakura/black as it's serializer returned null
[24Nov2024 15:07:51.176] [main/INFO] [net.minecraft.world.item.crafting.RecipeManager/]: Skipping loading recipe lightmanscurrency:traders/card_display/biomeswevegone/skyris/blue as it's serializer returned null
[24Nov2024 15:07:51.176] [main/ERROR] [net.minecraft.world.item.crafting.RecipeManager/]: Parsing error loading recipe farmersdelight:bakery/pot_cooking/fried_rice: com.google.gson.JsonSyntaxException: Invalid item: minecraft:air
[24Nov2024 15:07:51.193] [main/WARN] [quark-zeta/]: Non-existent flag tuff being used
[24Nov2024 15:07:51.193] [main/INFO] [net.minecraft.world.item.crafting.RecipeManager/]: Skipping loading recipe lightmanscurrency:traders/card_display/biomeswevegone/maple/black as it's serializer returned null
[24Nov2024 15:07:51.193] [main/WARN] [quark-zeta/]: Non-existent flag tuff being used
[24Nov2024 15:07:51.194] [main/INFO] [net.minecraft.world.item.crafting.RecipeManager/]: Skipping loading recipe lightmanscurrency:traders/shelf/biomeswevegone/baobab as it's serializer returned null
[24Nov2024 15:07:51.194] [main/INFO] [net.minecraft.world.item.crafting.RecipeManager/]: Skipping loading recipe lightmanscurrency:traders/card_display/biomeswevegone/jacaranda/cyan as it's serializer returned null
[24Nov2024 15:07:51.194] [main/WARN] [quark-zeta/]: Non-existent flag tuff being used
[24Nov2024 15:07:51.194] [main/WARN] [quark-zeta/]: Non-existent flag tuff being used
[24Nov2024 15:07:51.194] [main/INFO] [net.minecraft.world.item.crafting.RecipeManager/]: Skipping loading recipe lightmanscurrency:traders/card_display/biomeswevegone/baobab/white as it's serializer returned null
[24Nov2024 15:07:51.194] [main/INFO] [net.minecraft.world.item.crafting.RecipeManager/]: Skipping loading recipe lightmanscurrency:auction_stand/biomeswevegone/skyris as it's serializer returned null
[24Nov2024 15:07:51.195] [main/INFO] [net.minecraft.world.item.crafting.RecipeManager/]: Skipping loading recipe lightmanscurrency:traders/card_display/biomeswevegone/cypress/magenta as it's serializer returned null
[24Nov2024 15:07:51.195] [main/INFO] [net.minecraft.world.item.crafting.RecipeManager/]: Skipping loading recipe lightmanscurrency:traders/bookshelf/biomeswevegone/ebony as it's serializer returned null
[24Nov2024 15:07:51.196] [main/WARN] [quark-zeta/]: Non-existent flag granite being used
[24Nov2024 15:07:51.204] [main/INFO] [net.minecraft.world.item.crafting.RecipeManager/]: Skipping loading recipe lightmanscurrency:traders/card_display/biomeswevegone/sakura/yellow as it's serializer returned null
[24Nov2024 15:07:51.213] [main/INFO] [net.minecraft.world.item.crafting.RecipeManager/]: Skipping loading recipe lightmanscurrency:traders/card_display/biomeswevegone/cika/gray as it's serializer returned null
[24Nov2024 15:07:51.213] [main/INFO] [net.minecraft.world.item.crafting.RecipeManager/]: Skipping loading recipe lightmanscurrency:traders/card_display/biomesoplenty/redwood/gray as it's serializer returned null
[24Nov2024 15:07:51.223] [main/INFO] [net.minecraft.world.item.crafting.RecipeManager/]: Skipping loading recipe lightmanscurrency:traders/card_display/biomeswevegone/aspen/yellow as it's serializer returned null
[24Nov2024 15:07:51.223] [main/INFO] [net.minecraft.world.item.crafting.RecipeManager/]: Skipping loading recipe lightmanscurrency:traders/card_display/biomeswevegone/baobab/yellow as it's serializer returned null
[24Nov2024 15:07:51.223] [main/INFO] [net.minecraft.world.item.crafting.RecipeManager/]: Skipping loading recipe lightmanscurrency:traders/card_display/biomeswevegone/baobab/green as it's serializer returned null
[24Nov2024 15:07:51.223] [main/INFO] [net.minecraft.world.item.crafting.RecipeManager/]: Skipping loading recipe lightmanscurrency:traders/card_display/biomeswevegone/blue_enchanted/cyan as it's serializer returned null
[24Nov2024 15:07:51.231] [main/INFO] [net.minecraft.world.item.crafting.RecipeManager/]: Skipping loading recipe lightmanscurrency:traders/card_display/biomeswevegone/willow/pink as it's serializer returned null
[24Nov2024 15:07:51.231] [main/INFO] [net.minecraft.world.item.crafting.RecipeManager/]: Skipping loading recipe lightmanscurrency:traders/card_display/biomeswevegone/white_mangrove/white as it's serializer returned null
[24Nov2024 15:07:51.231] [main/INFO] [net.minecraft.world.item.crafting.RecipeManager/]: Skipping loading recipe lightmanscurrency:traders/bookshelf/biomeswevegone/blue_enchanted as it's serializer returned null
[24Nov2024 15:07:51.232] [main/INFO] [net.minecraft.world.item.crafting.RecipeManager/]: Skipping loading recipe lightmanscurrency:traders/bookshelf/biomeswevegone/green_enchanted as it's serializer returned null
[24Nov2024 15:07:51.232] [main/INFO] [net.minecraft.world.item.crafting.RecipeManager/]: Skipping loading recipe lightmanscurrency:traders/card_display/biomeswevegone/blue_enchanted/light_blue as it's serializer returned null
[24Nov2024 15:07:51.232] [main/INFO] [net.minecraft.world.item.crafting.RecipeManager/]: Skipping loading recipe lightmanscurrency:traders/card_display/biomesoplenty/magic/light_blue as it's serializer returned null
[24Nov2024 15:07:51.234] [main/INFO] [net.minecraft.world.item.crafting.RecipeManager/]: Skipping loading recipe lightmanscurrency:traders/card_display/biomeswevegone/skyris/brown as it's serializer returned null
[24Nov2024 15:07:51.234] [main/INFO] [net.minecraft.world.item.crafting.RecipeManager/]: Skipping loading recipe lightmanscurrency:traders/card_display/biomesoplenty/mahogany/white as it's serializer returned null
[24Nov2024 15:07:51.234] [main/INFO] [net.minecraft.world.item.crafting.RecipeManager/]: Skipping loading recipe lightmanscurrency:traders/card_display/biomesoplenty/fir/light_gray as it's serializer returned null
[24Nov2024 15:07:51.235] [main/INFO] [net.minecraft.world.item.crafting.RecipeManager/]: Skipping loading recipe lightmanscurrency:traders/card_display/biomeswevegone/witch_hazel/light_blue as it's serializer returned null
[24Nov2024 15:07:51.235] [main/WARN] [quark-zeta/]: Non-existent flag calcite being used
[24Nov2024 15:07:51.235] [main/INFO] [net.minecraft.world.item.crafting.RecipeManager/]: Skipping loading recipe lightmanscurrency:traders/card_display/biomesoplenty/jacaranda/lime as it's serializer returned null
[24Nov2024 15:07:51.236] [main/INFO] [net.minecraft.world.item.crafting.RecipeManager/]: Skipping loading recipe lightmanscurrency:traders/card_display/biomeswevegone/willow/yellow as it's serializer returned null
[24Nov2024 15:07:51.243] [main/INFO] [net.minecraft.world.item.crafting.RecipeManager/]: Skipping loading recipe lightmanscurrency:traders/card_display/biomeswevegone/redwood/orange as it's serializer returned null
[24Nov2024 15:07:51.244] [main/INFO] [net.minecraft.world.item.crafting.RecipeManager/]: Skipping loading recipe lightmanscurrency:traders/card_display/biomeswevegone/aspen/lime as it's serializer returned null
[24Nov2024 15:07:51.244] [main/INFO] [net.minecraft.world.item.crafting.RecipeManager/]: Skipping loading recipe lightmanscurrency:traders/card_display/biomesoplenty/jacaranda/light_blue as it's serializer returned null
[24Nov2024 15:07:51.244] [main/WARN] [quark-zeta/]: Non-existent flag calcite being used
[24Nov2024 15:07:51.244] [main/INFO] [net.minecraft.world.item.crafting.RecipeManager/]: Skipping loading recipe lightmanscurrency:traders/card_display/biomeswevegone/mahogany/blue as it's serializer returned null
[24Nov2024 15:07:51.245] [main/INFO] [net.minecraft.world.item.crafting.RecipeManager/]: Skipping loading recipe lightmanscurrency:traders/card_display/biomeswevegone/cypress/light_gray as it's serializer returned null
[24Nov2024 15:07:51.245] [main/INFO] [net.minecraft.world.item.crafting.RecipeManager/]: Skipping loading recipe lightmanscurrency:traders/card_display/biomeswevegone/white_mangrove/green as it's serializer returned null
[24Nov2024 15:07:51.246] [main/INFO] [net.minecraft.world.item.crafting.RecipeManager/]: Skipping loading recipe lightmanscurrency:auction_stand/quark/blossom as it's serializer returned null
[24Nov2024 15:07:51.246] [main/WARN] [quark-zeta/]: Non-existent flag tuff being used
[24Nov2024 15:07:51.246] [main/INFO] [net.minecraft.world.item.crafting.RecipeManager/]: Skipping loading recipe lightmanscurrency:traders/card_display/biomeswevegone/imbued_blue_enchanted/magenta as it's serializer returned null
[24Nov2024 15:07:51.246] [main/INFO] [net.minecraft.world.item.crafting.RecipeManager/]: Skipping loading recipe lightmanscurrency:traders/card_display/biomeswevegone/rainbow_eucalyptus/orange as it's serializer returned null
[24Nov2024 15:07:51.246] [main/INFO] [net.minecraft.world.item.crafting.RecipeManager/]: Skipping loading recipe lightmanscurrency:traders/card_display/biomesoplenty/willow/red as it's serializer returned null
[24Nov2024 15:07:51.247] [main/INFO] [net.minecraft.world.item.crafting.RecipeManager/]: Skipping loading recipe lightmanscurrency:traders/card_display/biomeswevegone/skyris/black as it's serializer returned null
[24Nov2024 15:07:51.247] [main/INFO] [net.minecraft.world.item.crafting.RecipeManager/]: Skipping loading recipe lightmanscurrency:auction_stand/biomeswevegone/cypress as it's serializer returned null
[24Nov2024 15:07:51.247] [main/INFO] [net.minecraft.world.item.crafting.RecipeManager/]: Skipping loading recipe lightmanscurrency:traders/card_display/biomesoplenty/dead/magenta as it's serializer returned null
[24Nov2024 15:07:51.248] [main/WARN] [quark-zeta/]: Non-existent flag andesite being used
[24Nov2024 15:07:51.249] [main/WARN] [quark-zeta/]: Non-existent flag granite being used
[24Nov2024 15:07:51.249] [main/INFO] [net.minecraft.world.item.crafting.RecipeManager/]: Skipping loading recipe lightmanscurrency:traders/card_display/biomesoplenty/magic/blue as it's serializer returned null
[24Nov2024 15:07:51.249] [main/INFO] [net.minecraft.world.item.crafting.RecipeManager/]: Skipping loading recipe lightmanscurrency:traders/card_display/biomeswevegone/holly/cyan as it's serializer returned null
[24Nov2024 15:07:51.250] [main/INFO] [net.minecraft.world.item.crafting.RecipeManager/]: Skipping loading recipe lightmanscurrency:traders/card_display/biomeswevegone/cika/pink as it's serializer returned null
[24Nov2024 15:07:51.250] [main/INFO] [net.minecraft.world.item.crafting.RecipeManager/]: Skipping loading recipe lightmanscurrency:traders/card_display/biomesoplenty/redwood/pink as it's serializer returned null
[24Nov2024 15:07:51.251] [main/WARN] [com.simibubi.create.Create/]: Your custom createaddition:rolling/straw recipe (createaddition:rolling/straw) specified a duration. Durations have no impact on this type of recipe.
[24Nov2024 15:07:51.251] [main/INFO] [net.minecraft.world.item.crafting.RecipeManager/]: Skipping loading recipe lightmanscurrency:traders/card_display/biomeswevegone/palm/green as it's serializer returned null
[24Nov2024 15:07:51.251] [main/INFO] [net.minecraft.world.item.crafting.RecipeManager/]: Skipping loading recipe lightmanscurrency:traders/card_display/biomeswevegone/green_enchanted/orange as it's serializer returned null
[24Nov2024 15:07:51.259] [main/INFO] [net.minecraft.world.item.crafting.RecipeManager/]: Skipping loading recipe lightmanscurrency:traders/shelf/biomesoplenty/hellbark as it's serializer returned null
[24Nov2024 15:07:51.259] [main/INFO] [net.minecraft.world.item.crafting.RecipeManager/]: Skipping loading recipe lightmanscurrency:traders/card_display/biomeswevegone/palo_verde/lime as it's serializer returned null
[24Nov2024 15:07:51.267] [main/INFO] [net.minecraft.world.item.crafting.RecipeManager/]: Skipping loading recipe lightmanscurrency:traders/card_display/biomeswevegone/willow/gray as it's serializer returned null
[24Nov2024 15:07:51.267] [main/INFO] [net.minecraft.world.item.crafting.RecipeManager/]: Skipping loading recipe lightmanscurrency:traders/card_display/biomeswevegone/green_enchanted/blue as it's serializer returned null
[24Nov2024 15:07:51.274] [main/INFO] [net.minecraft.world.item.crafting.RecipeManager/]: Skipping loading recipe lightmanscurrency:traders/card_display/biomeswevegone/ebony/gray as it's serializer returned null
[24Nov2024 15:07:51.281] [main/WARN] [quark-zeta/]: Non-existent flag dripstone being used
[24Nov2024 15:07:51.281] [main/INFO] [net.minecraft.world.item.crafting.RecipeManager/]: Skipping loading recipe lightmanscurrency:traders/card_display/biomeswevegone/sakura/brown as it's serializer returned null
[24Nov2024 15:07:51.281] [main/ERROR] [net.minecraft.world.item.crafting.RecipeManager/]: Parsing error loading recipe farmersdelight:bakery/pot_cooking/chicken_soup: com.google.gson.JsonSyntaxException: Invalid item: minecraft:air
[24Nov2024 15:07:51.284] [main/INFO] [net.minecraft.world.item.crafting.RecipeManager/]: Skipping loading recipe lightmanscurrency:traders/bookshelf/biomesoplenty/palm as it's serializer returned null
[24Nov2024 15:07:51.284] [main/ERROR] [net.minecraft.world.item.crafting.RecipeManager/]: Parsing error loading recipe farmersdelight:bakery/pot_cooking/vegetable_soup: com.google.gson.JsonSyntaxException: Invalid item: minecraft:air
[24Nov2024 15:07:51.284] [main/INFO] [net.minecraft.world.item.crafting.RecipeManager/]: Skipping loading recipe lightmanscurrency:traders/card_display/biomesoplenty/willow/green as it's serializer returned null
[24Nov2024 15:07:51.294] [main/INFO] [Spartan Weaponry/]: Empty result tag:"forge:nuggets/platinum" Skipping...
[24Nov2024 15:07:51.294] [main/INFO] [net.minecraft.world.item.crafting.RecipeManager/]: Skipping loading recipe spartanweaponry:platinum_nugget_from_smelting_platinum_weapons as it's serializer returned null
[24Nov2024 15:07:51.294] [main/WARN] [quark-zeta/]: Non-existent flag dripstone being used
[24Nov2024 15:07:51.295] [main/INFO] [net.minecraft.world.item.crafting.RecipeManager/]: Skipping loading recipe lightmanscurrency:traders/shelf2/biomeswevegone/witch_hazel as it's serializer returned null
[24Nov2024 15:07:51.295] [main/INFO] [net.minecraft.world.item.crafting.RecipeManager/]: Skipping loading recipe lightmanscurrency:traders/shelf2/biomesoplenty/mahogany as it's serializer returned null
[24Nov2024 15:07:51.295] [main/INFO] [net.minecraft.world.item.crafting.RecipeManager/]: Skipping loading recipe lightmanscurrency:traders/card_display/biomeswevegone/pine/cyan as it's serializer returned null
[24Nov2024 15:07:51.296] [main/ERROR] [net.minecraft.world.item.crafting.RecipeManager/]: Parsing error loading recipe bakery:farmersdelight/cooking/glowberry_jam: com.google.gson.JsonSyntaxException: Invalid or unsupported recipe type 'farmersdelight:pot_cooking'
[24Nov2024 15:07:51.297] [main/INFO] [net.minecraft.world.item.crafting.RecipeManager/]: Skipping loading recipe lightmanscurrency:traders/shelf2/biomeswevegone/aspen as it's serializer returned null
[24Nov2024 15:07:51.297] [main/INFO] [net.minecraft.world.item.crafting.RecipeManager/]: Skipping loading recipe lightmanscurrency:traders/card_display/biomeswevegone/ironwood/black as it's serializer returned null
[24Nov2024 15:07:51.298] [main/INFO] [net.minecraft.world.item.crafting.RecipeManager/]: Skipping loading recipe lightmanscurrency:traders/card_display/biomeswevegone/baobab/gray as it's serializer returned null
[24Nov2024 15:07:51.298] [main/WARN] [quark-zeta/]: Non-existent flag diorite being used
[24Nov2024 15:07:51.299] [main/WARN] [quark-zeta/]: Non-existent flag tuff being used
[24Nov2024 15:07:51.314] [main/INFO] [net.minecraft.world.item.crafting.RecipeManager/]: Skipping loading recipe lightmanscurrency:auction_stand/biomesoplenty/palm as it's serializer returned null
[24Nov2024 15:07:51.315] [main/INFO] [net.minecraft.world.item.crafting.RecipeManager/]: Skipping loading recipe lightmanscurrency:traders/card_display/biomesoplenty/willow/white as it's serializer returned null
[24Nov2024 15:07:51.315] [main/INFO] [net.minecraft.world.item.crafting.RecipeManager/]: Skipping loading recipe lightmanscurrency:traders/card_display/biomeswevegone/white_mangrove/purple as it's serializer returned null
[24Nov2024 15:07:51.315] [main/INFO] [Spartan Weaponry/]: Empty result tag:"forge:nuggets/bronze" Skipping...
[24Nov2024 15:07:51.315] [main/INFO] [net.minecraft.world.item.crafting.RecipeManager/]: Skipping loading recipe spartanweaponry:bronze_nugget_from_blasting_bronze_weapons as it's serializer returned null
[24Nov2024 15:07:51.315] [main/INFO] [net.minecraft.world.item.crafting.RecipeManager/]: Skipping loading recipe lightmanscurrency:traders/card_display/biomeswevegone/witch_hazel/blue as it's serializer returned null
[24Nov2024 15:07:51.316] [main/INFO] [net.minecraft.world.item.crafting.RecipeManager/]: Skipping loading recipe lightmanscurrency:auction_stand/biomeswevegone/fir as it's serializer returned null
[24Nov2024 15:07:51.316] [main/INFO] [net.minecraft.world.item.crafting.RecipeManager/]: Skipping loading recipe lightmanscurrency:traders/card_display/biomeswevegone/palm/gray as it's serializer returned null
[24Nov2024 15:07:51.326] [main/INFO] [net.minecraft.world.item.crafting.RecipeManager/]: Skipping loading recipe lightmanscurrency:traders/card_display/biomeswevegone/redwood/lime as it's serializer returned null
[24Nov2024 15:07:51.326] [main/INFO] [net.minecraft.world.item.crafting.RecipeManager/]: Skipping loading recipe lightmanscurrency:auction_stand/biomeswevegone/willow as it's serializer returned null
[24Nov2024 15:07:51.327] [main/INFO] [net.minecraft.world.item.crafting.RecipeManager/]: Skipping loading recipe lightmanscurrency:traders/card_display/biomeswevegone/palo_verde/light_gray as it's serializer returned null
[24Nov2024 15:07:51.327] [main/INFO] [net.minecraft.world.item.crafting.RecipeManager/]: Skipping loading recipe lightmanscurrency:traders/card_display/biomesoplenty/umbran/lime as it's serializer returned null
[24Nov2024 15:07:51.334] [main/INFO] [net.minecraft.world.item.crafting.RecipeManager/]: Skipping loading recipe lightmanscurrency:traders/card_display/biomeswevegone/maple/yellow as it's serializer returned null
[24Nov2024 15:07:51.334] [main/INFO] [net.minecraft.world.item.crafting.RecipeManager/]: Skipping loading recipe lightmanscurrency:traders/card_display/biomeswevegone/ebony/brown as it's serializer returned null
[24Nov2024 15:07:51.335] [main/INFO] [net.minecraft.world.item.crafting.RecipeManager/]: Skipping loading recipe lightmanscurrency:traders/shelf/biomeswevegone/mahogany as it's serializer returned null
[24Nov2024 15:07:51.335] [main/ERROR] [net.minecraft.world.item.crafting.RecipeManager/]: Parsing error loading recipe redeco:magenta_upholstery: com.google.gson.JsonSyntaxException: Unknown item 'minecraft:mangenta_wool'
[24Nov2024 15:07:51.336] [main/INFO] [net.minecraft.world.item.crafting.RecipeManager/]: Skipping loading recipe lightmanscurrency:traders/card_display/biomeswevegone/white_mangrove/pink as it's serializer returned null
[24Nov2024 15:07:51.336] [main/INFO] [net.minecraft.world.item.crafting.RecipeManager/]: Skipping loading recipe lightmanscurrency:traders/card_display/biomeswevegone/skyris/light_gray as it's serializer returned null
[24Nov2024 15:07:51.336] [main/INFO] [net.minecraft.world.item.crafting.RecipeManager/]: Skipping loading recipe lightmanscurrency:auction_stand/biomeswevegone/pine as it's serializer returned null
[24Nov2024 15:07:51.336] [main/WARN] [quark-zeta/]: Non-existent flag calcite being used
[24Nov2024 15:07:51.337] [main/INFO] [net.minecraft.world.item.crafting.RecipeManager/]: Skipping loading recipe lightmanscurrency:traders/card_display/biomesoplenty/palm/cyan as it's serializer returned null
[24Nov2024 15:07:51.337] [main/ERROR] [net.minecraft.world.item.crafting.RecipeManager/]: Parsing error loading recipe farmersdelight:bakery/pot_cooking/beef_stew: com.google.gson.JsonSyntaxException: Invalid item: minecraft:air
[24Nov2024 15:07:51.344] [main/INFO] [net.minecraft.world.item.crafting.RecipeManager/]: Skipping loading recipe lightmanscurrency:traders/card_display/biomeswevegone/rainbow_eucalyptus/black as it's serializer returned null
[24Nov2024 15:07:51.344] [main/WARN] [quark-zeta/]: Non-existent flag tuff being used
[24Nov2024 15:07:51.344] [main/INFO] [Spartan Weaponry/]: Empty result tag:"forge:nuggets/lead" Skipping...
[24Nov2024 15:07:51.344] [main/INFO] [net.minecraft.world.item.crafting.RecipeManager/]: Skipping loading recipe spartanweaponry:lead_nugget_from_smelting_lead_weapons as it's serializer returned null
[24Nov2024 15:07:51.345] [main/WARN] [quark-zeta/]: Non-existent flag calcite being used
[24Nov2024 15:07:51.345] [main/ERROR] [net.minecraft.world.item.crafting.RecipeManager/]: Parsing error loading recipe farmersdelight:bakery/pot_cooking/apple_cider: com.google.gson.JsonSyntaxException: Invalid item: minecraft:air
[24Nov2024 15:07:51.345] [main/INFO] [net.minecraft.world.item.crafting.RecipeManager/]: Skipping loading recipe lightmanscurrency:traders/card_display/biomeswevegone/fir/lime as it's serializer returned null
[24Nov2024 15:07:51.346] [main/INFO] [net.minecraft.world.item.crafting.RecipeManager/]: Skipping loading recipe lightmanscurrency:traders/shelf2/biomeswevegone/mahogany as it's serializer returned null
[24Nov2024 15:07:51.347] [main/INFO] [net.minecraft.world.item.crafting.RecipeManager/]: Skipping loading recipe lightmanscurrency:traders/card_display/biomeswevegone/cypress/yellow as it's serializer returned null
[24Nov2024 15:07:51.347] [main/INFO] [net.minecraft.world.item.crafting.RecipeManager/]: Skipping loading recipe lightmanscurrency:traders/card_display/biomesoplenty/hellbark/gray as it's serializer returned null
[24Nov2024 15:07:51.348] [main/INFO] [net.minecraft.world.item.crafting.RecipeManager/]: Skipping loading recipe lightmanscurrency:traders/card_display/biomeswevegone/cypress/green as it's serializer returned null
[24Nov2024 15:07:51.348] [main/WARN] [quark-zeta/]: Non-existent flag dripstone being used
[24Nov2024 15:07:51.348] [main/INFO] [net.minecraft.world.item.crafting.RecipeManager/]: Skipping loading recipe lightmanscurrency:traders/card_display/biomesoplenty/mahogany/light_blue as it's serializer returned null
[24Nov2024 15:07:51.349] [main/WARN] [quark-zeta/]: Non-existent flag diorite being used
[24Nov2024 15:07:51.349] [main/WARN] [quark-zeta/]: Non-existent flag andesite being used
[24Nov2024 15:07:51.350] [main/ERROR] [net.minecraft.world.item.crafting.RecipeManager/]: Parsing error loading recipe farmersdelight:bakery/pot_cooking/pumpkin_soup: com.google.gson.JsonSyntaxException: Invalid item: minecraft:air
[24Nov2024 15:07:51.350] [main/WARN] [quark-zeta/]: Non-existent flag diorite being used
[24Nov2024 15:07:51.351] [main/WARN] [quark-zeta/]: Non-existent flag granite being used
[24Nov2024 15:07:51.351] [main/INFO] [net.minecraft.world.item.crafting.RecipeManager/]: Skipping loading recipe lightmanscurrency:traders/card_display/biomeswevegone/rainbow_eucalyptus/light_gray as it's serializer returned null
[24Nov2024 15:07:51.360] [main/INFO] [net.minecraft.world.item.crafting.RecipeManager/]: Skipping loading recipe lightmanscurrency:auction_stand/biomesoplenty/redwood as it's serializer returned null
[24Nov2024 15:07:51.360] [main/WARN] [quark-zeta/]: Non-existent flag diorite being used
[24Nov2024 15:07:51.360] [main/INFO] [net.minecraft.world.item.crafting.RecipeManager/]: Skipping loading recipe lightmanscurrency:auction_stand/warped as it's serializer returned null
[24Nov2024 15:07:51.361] [main/INFO] [net.minecraft.world.item.crafting.RecipeManager/]: Skipping loading recipe lightmanscurrency:tax_block as it's serializer returned null
[24Nov2024 15:07:51.361] [main/WARN] [quark-zeta/]: Non-existent flag dripstone being used
[24Nov2024 15:07:51.361] [main/WARN] [quark-zeta/]: Non-existent flag calcite being used
[24Nov2024 15:07:51.389] [main/INFO] [net.minecraft.world.item.crafting.RecipeManager/]: Skipping loading recipe lightmanscurrency:traders/card_display/biomeswevegone/green_enchanted/light_gray as it's serializer returned null
[24Nov2024 15:07:51.389] [main/WARN] [quark-zeta/]: Non-existent flag diorite being used
[24Nov2024 15:07:51.389] [main/WARN] [quark-zeta/]: Non-existent flag calcite being used
[24Nov2024 15:07:51.401] [main/INFO] [net.minecraft.world.item.crafting.RecipeManager/]: Skipping loading recipe lightmanscurrency:traders/card_display/biomesoplenty/hellbark/pink as it's serializer returned null
[24Nov2024 15:07:51.401] [main/INFO] [net.minecraft.world.item.crafting.RecipeManager/]: Skipping loading recipe lightmanscurrency:traders/card_display/biomeswevegone/blue_enchanted/black as it's serializer returned null
[24Nov2024 15:07:51.402] [main/WARN] [quark-zeta/]: Non-existent flag dripstone being used
[24Nov2024 15:07:51.402] [main/INFO] [net.minecraft.world.item.crafting.RecipeManager/]: Skipping loading recipe lightmanscurrency:traders/card_display/biomeswevegone/skyris/yellow as it's serializer returned null
[24Nov2024 15:07:51.402] [main/INFO] [net.minecraft.world.item.crafting.RecipeManager/]: Skipping loading recipe lightmanscurrency:traders/card_display/biomeswevegone/ironwood/red as it's serializer returned null
[24Nov2024 15:07:51.402] [main/INFO] [net.minecraft.world.item.crafting.RecipeManager/]: Skipping loading recipe lightmanscurrency:traders/card_display/biomeswevegone/palo_verde/cyan as it's serializer returned null
[24Nov2024 15:07:51.403] [main/INFO] [net.minecraft.world.item.crafting.RecipeManager/]: Skipping loading recipe lightmanscurrency:traders/card_display/biomesoplenty/jacaranda/cyan as it's serializer returned null
[24Nov2024 15:07:51.403] [main/INFO] [net.minecraft.world.item.crafting.RecipeManager/]: Skipping loading recipe lightmanscurrency:traders/card_display/biomeswevegone/cypress/white as it's serializer returned null
[24Nov2024 15:07:51.403] [main/INFO] [net.minecraft.world.item.crafting.RecipeManager/]: Skipping loading recipe toolbelt:pouch_upgrade_5_via_sewing as it's serializer returned null
[24Nov2024 15:07:51.404] [main/INFO] [net.minecraft.world.item.crafting.RecipeManager/]: Skipping loading recipe lightmanscurrency:traders/card_display/biomeswevegone/holly/light_blue as it's serializer returned null
[24Nov2024 15:07:51.411] [main/INFO] [net.minecraft.world.item.crafting.RecipeManager/]: Skipping loading recipe lightmanscurrency:traders/card_display/biomeswevegone/palm/pink as it's serializer returned null
[24Nov2024 15:07:51.411] [main/ERROR] [net.minecraft.world.item.crafting.RecipeManager/]: Parsing error loading recipe farmersdelight:bakery/pot_cooking/dog_food: com.google.gson.JsonSyntaxException: Invalid item: minecraft:air
[24Nov2024 15:07:51.411] [main/INFO] [net.minecraft.world.item.crafting.RecipeManager/]: Skipping loading recipe lightmanscurrency:traders/card_display/biomeswevegone/aspen/cyan as it's serializer returned null
[24Nov2024 15:07:51.419] [main/INFO] [net.minecraft.world.item.crafting.RecipeManager/]: Skipping loading recipe lightmanscurrency:traders/card_display/biomeswevegone/imbued_blue_enchanted/cyan as it's serializer returned null
[24Nov2024 15:07:51.427] [main/ERROR] [net.minecraft.world.item.crafting.RecipeManager/]: Parsing error loading recipe bakery:farmersdelight/cooking/rabbit_stew: com.google.gson.JsonSyntaxException: Invalid or unsupported recipe type 'farmersdelight:pot_cooking'
[24Nov2024 15:07:51.427] [main/WARN] [com.simibubi.create.Create/]: Your custom create:compacting recipe (create_ultimate_factory:compacting_tuff) has more item inputs (16) than supported (9).
[24Nov2024 15:07:51.428] [main/INFO] [net.minecraft.world.item.crafting.RecipeManager/]: Skipping loading recipe lightmanscurrency:traders/card_display/biomeswevegone/imbued_green_enchanted/gray as it's serializer returned null
[24Nov2024 15:07:51.428] [main/INFO] [net.minecraft.world.item.crafting.RecipeManager/]: Skipping loading recipe lightmanscurrency:traders/card_display/biomesoplenty/dead/blue as it's serializer returned null
[24Nov2024 15:07:51.428] [main/INFO] [net.minecraft.world.item.crafting.RecipeManager/]: Skipping loading recipe lightmanscurrency:traders/card_display/biomeswevegone/white_mangrove/gray as it's serializer returned null
[24Nov2024 15:07:51.429] [main/INFO] [net.minecraft.world.item.crafting.RecipeManager/]: Skipping loading recipe toolbelt:belt_via_sewing as it's serializer returned null
[24Nov2024 15:07:51.429] [main/INFO] [net.minecraft.world.item.crafting.RecipeManager/]: Skipping loading recipe lightmanscurrency:traders/card_display/biomeswevegone/cika/lime as it's serializer returned null
[24Nov2024 15:07:51.429] [main/INFO] [net.minecraft.world.item.crafting.RecipeManager/]: Skipping loading recipe lightmanscurrency:traders/card_display/biomeswevegone/ebony/black as it's serializer returned null
[24Nov2024 15:07:51.430] [main/WARN] [quark-zeta/]: Non-existent flag tuff being used
[24Nov2024 15:07:51.430] [main/INFO] [net.minecraft.world.item.crafting.RecipeManager/]: Skipping loading recipe lightmanscurrency:traders/card_display/biomeswevegone/redwood/purple as it's serializer returned null
[24Nov2024 15:07:51.431] [main/INFO] [net.minecraft.world.item.crafting.RecipeManager/]: Skipping loading recipe lightmanscurrency:traders/card_display/biomeswevegone/ironwood/brown as it's serializer returned null
[24Nov2024 15:07:51.431] [main/WARN] [quark-zeta/]: Non-existent flag calcite being used
[24Nov2024 15:07:51.431] [main/ERROR] [net.minecraft.world.item.crafting.RecipeManager/]: Parsing error loading recipe naturalist:frontier_cap_alt: com.google.gson.JsonSyntaxException: Invalid or unsupported recipe type 'forge:mod_loaded'
[24Nov2024 15:07:51.432] [main/INFO] [net.minecraft.world.item.crafting.RecipeManager/]: Skipping loading recipe lightmanscurrency:traders/shelf/biomeswevegone/skyris as it's serializer returned null
[24Nov2024 15:07:51.432] [main/INFO] [net.minecraft.world.item.crafting.RecipeManager/]: Skipping loading recipe lightmanscurrency:traders/card_display/biomeswevegone/jacaranda/light_blue as it's serializer returned null
[24Nov2024 15:07:51.432] [main/ERROR] [net.minecraft.world.item.crafting.RecipeManager/]: Parsing error loading recipe bakery:farmersdelight/cooking/strawberry_jam: com.google.gson.JsonSyntaxException: Invalid or unsupported recipe type 'farmersdelight:pot_cooking'
[24Nov2024 15:07:51.433] [main/INFO] [net.minecraft.world.item.crafting.RecipeManager/]: Skipping loading recipe lightmanscurrency:traders/bookshelf/biomeswevegone/skyris as it's serializer returned null
[24Nov2024 15:07:51.433] [main/INFO] [net.minecraft.world.item.crafting.RecipeManager/]: Skipping loading recipe lightmanscurrency:traders/card_display/biomeswevegone/fir/light_gray as it's serializer returned null
[24Nov2024 15:07:51.434] [main/INFO] [net.minecraft.world.item.crafting.RecipeManager/]: Skipping loading recipe lightmanscurrency:traders/card_display/biomeswevegone/mahogany/light_blue as it's serializer returned null
[24Nov2024 15:07:51.434] [main/INFO] [net.minecraft.world.item.crafting.RecipeManager/]: Skipping loading recipe lightmanscurrency:traders/card_display/biomeswevegone/imbued_green_enchanted/pink as it's serializer returned null
[24Nov2024 15:07:51.434] [main/WARN] [quark-zeta/]: Non-existent flag granite being used
[24Nov2024 15:07:51.435] [main/INFO] [net.minecraft.world.item.crafting.RecipeManager/]: Skipping loading recipe lightmanscurrency:traders/shelf2/biomeswevegone/maple as it's serializer returned null
[24Nov2024 15:07:51.435] [main/INFO] [net.minecraft.world.item.crafting.RecipeManager/]: Skipping loading recipe lightmanscurrency:traders/card_display/biomeswevegone/rainbow_eucalyptus/magenta as it's serializer returned null
[24Nov2024 15:07:51.436] [main/INFO] [net.minecraft.world.item.crafting.RecipeManager/]: Skipping loading recipe lightmanscurrency:traders/card_display/biomeswevegone/sakura/blue as it's serializer returned null
[24Nov2024 15:07:51.437] [main/INFO] [net.minecraft.world.item.crafting.RecipeManager/]: Skipping loading recipe lightmanscurrency:traders/card_display/biomesoplenty/magic/magenta as it's serializer returned null
[24Nov2024 15:07:51.437] [main/INFO] [net.minecraft.world.item.crafting.RecipeManager/]: Skipping loading recipe lightmanscurrency:traders/card_display/biomeswevegone/green_enchanted/brown as it's serializer returned null
[24Nov2024 15:07:51.437] [main/INFO] [net.minecraft.world.item.crafting.RecipeManager/]: Skipping loading recipe lightmanscurrency:traders/shelf/biomeswevegone/white_mangrove as it's serializer returned null
[24Nov2024 15:07:51.437] [main/INFO] [net.minecraft.world.item.crafting.RecipeManager/]: Skipping loading recipe lightmanscurrency:traders/card_display/biomesoplenty/jacaranda/red as it's serializer returned null
[24Nov2024 15:07:51.438] [main/INFO] [net.minecraft.world.item.crafting.RecipeManager/]: Skipping loading recipe lightmanscurrency:traders/card_display/biomeswevegone/rainbow_eucalyptus/brown as it's serializer returned null
[24Nov2024 15:07:51.439] [main/INFO] [net.minecraft.world.item.crafting.RecipeManager/]: Skipping loading recipe toolbelt:pouch_upgrade_2_via_sewing as it's serializer returned null
[24Nov2024 15:07:51.439] [main/WARN] [quark-zeta/]: Non-existent flag tuff being used
[24Nov2024 15:07:51.439] [main/INFO] [net.minecraft.world.item.crafting.RecipeManager/]: Skipping loading recipe lightmanscurrency:traders/card_display/biomeswevegone/mahogany/brown as it's serializer returned null
[24Nov2024 15:07:51.446] [main/INFO] [net.minecraft.world.item.crafting.RecipeManager/]: Skipping loading recipe lightmanscurrency:traders/card_display/biomeswevegone/fir/brown as it's serializer returned null
[24Nov2024 15:07:51.447] [main/INFO] [net.minecraft.world.item.crafting.RecipeManager/]: Skipping loading recipe lightmanscurrency:traders/card_display/biomeswevegone/blue_enchanted/lime as it's serializer returned null
[24Nov2024 15:07:51.447] [main/INFO] [net.minecraft.world.item.crafting.RecipeManager/]: Skipping loading recipe lightmanscurrency:traders/card_display/biomeswevegone/ebony/lime as it's serializer returned null
[24Nov2024 15:07:51.447] [main/INFO] [net.minecraft.world.item.crafting.RecipeManager/]: Skipping loading recipe lightmanscurrency:traders/card_display/biomeswevegone/baobab/pink as it's serializer returned null
[24Nov2024 15:07:51.448] [main/INFO] [net.minecraft.world.item.crafting.RecipeManager/]: Skipping loading recipe lightmanscurrency:traders/card_display/biomeswevegone/jacaranda/lime as it's serializer returned null
[24Nov2024 15:07:51.448] [main/INFO] [Spartan Weaponry/]: Empty result tag:"forge:nuggets/tin" Skipping...
[24Nov2024 15:07:51.448] [main/INFO] [net.minecraft.world.item.crafting.RecipeManager/]: Skipping loading recipe spartanweaponry:tin_nugget_from_blasting_tin_weapons as it's serializer returned null
[24Nov2024 15:07:51.449] [main/INFO] [net.minecraft.world.item.crafting.RecipeManager/]: Skipping loading recipe lightmanscurrency:traders/card_display/biomesoplenty/hellbark/yellow as it's serializer returned null
[24Nov2024 15:07:51.449] [main/INFO] [net.minecraft.world.item.crafting.RecipeManager/]: Skipping loading recipe lightmanscurrency:traders/card_display/biomeswevegone/holly/white as it's serializer returned null
[24Nov2024 15:07:51.456] [main/INFO] [net.minecraft.world.item.crafting.RecipeManager/]: Skipping loading recipe lightmanscurrency:auction_stand/biomeswevegone/aspen as it's serializer returned null
[24Nov2024 15:07:51.457] [main/WARN] [quark-zeta/]: Non-existent flag diorite being used
[24Nov2024 15:07:51.457] [main/INFO] [net.minecraft.world.item.crafting.RecipeManager/]: Skipping loading recipe lightmanscurrency:traders/card_display/biomeswevegone/cika/white as it's serializer returned null
[24Nov2024 15:07:51.458] [main/INFO] [net.minecraft.world.item.crafting.RecipeManager/]: Skipping loading recipe lightmanscurrency:traders/card_display/biomeswevegone/cika/green as it's serializer returned null
[24Nov2024 15:07:51.459] [main/INFO] [net.minecraft.world.item.crafting.RecipeManager/]: Skipping loading recipe lightmanscurrency:traders/card_display/biomeswevegone/blue_enchanted/purple as it's serializer returned null
[24Nov2024 15:07:51.466] [main/INFO] [net.minecraft.world.item.crafting.RecipeManager/]: Skipping loading recipe lightmanscurrency:traders/card_display/biomesoplenty/redwood/orange as it's serializer returned null
[24Nov2024 15:07:51.466] [main/INFO] [net.minecraft.world.item.crafting.RecipeManager/]: Skipping loading recipe lightmanscurrency:traders/card_display/biomeswevegone/rainbow_eucalyptus/purple as it's serializer returned null
[24Nov2024 15:07:51.467] [main/INFO] [net.minecraft.world.item.crafting.RecipeManager/]: Skipping loading recipe lightmanscurrency:traders/card_display/biomeswevegone/willow/magenta as it's serializer returned null
[24Nov2024 15:07:51.467] [main/INFO] [net.minecraft.world.item.crafting.RecipeManager/]: Skipping loading recipe lightmanscurrency:traders/card_display/biomesoplenty/hellbark/light_gray as it's serializer returned null
[24Nov2024 15:07:51.467] [main/INFO] [net.minecraft.world.item.crafting.RecipeManager/]: Skipping loading recipe lightmanscurrency:traders/shelf/biomeswevegone/zelkova as it's serializer returned null
[24Nov2024 15:07:51.468] [main/INFO] [net.minecraft.world.item.crafting.RecipeManager/]: Skipping loading recipe lightmanscurrency:traders/card_display/biomeswevegone/holly/green as it's serializer returned null
[24Nov2024 15:07:51.468] [main/INFO] [net.minecraft.world.item.crafting.RecipeManager/]: Skipping loading recipe lightmanscurrency:traders/card_display/biomeswevegone/white_mangrove/light_gray as it's serializer returned null
[24Nov2024 15:07:51.476] [main/INFO] [net.minecraft.world.item.crafting.RecipeManager/]: Skipping loading recipe lightmanscurrency:traders/card_display/biomeswevegone/sakura/white as it's serializer returned null
[24Nov2024 15:07:51.477] [main/INFO] [net.minecraft.world.item.crafting.RecipeManager/]: Skipping loading recipe lightmanscurrency:traders/card_display/biomesoplenty/magic/gray as it's serializer returned null
[24Nov2024 15:07:51.477] [main/WARN] [quark-zeta/]: Non-existent flag tuff being used
[24Nov2024 15:07:51.477] [main/INFO] [net.minecraft.world.item.crafting.RecipeManager/]: Skipping loading recipe lightmanscurrency:traders/shelf2/biomeswevegone/ebony as it's serializer returned null
[24Nov2024 15:07:51.478] [main/INFO] [net.minecraft.world.item.crafting.RecipeManager/]: Skipping loading recipe lightmanscurrency:traders/card_display/biomesoplenty/fir/blue as it's serializer returned null
[24Nov2024 15:07:51.486] [main/INFO] [net.minecraft.world.item.crafting.RecipeManager/]: Skipping loading recipe lightmanscurrency:traders/shelf/biomesoplenty/dead as it's serializer returned null
[24Nov2024 15:07:51.493] [main/INFO] [net.minecraft.world.item.crafting.RecipeManager/]: Skipping loading recipe lightmanscurrency:traders/card_display/biomeswevegone/palm/lime as it's serializer returned null
[24Nov2024 15:07:51.494] [main/INFO] [net.minecraft.world.item.crafting.RecipeManager/]: Skipping loading recipe lightmanscurrency:traders/shelf/biomeswevegone/palm as it's serializer returned null
[24Nov2024 15:07:51.501] [main/INFO] [net.minecraft.world.item.crafting.RecipeManager/]: Skipping loading recipe lightmanscurrency:traders/card_display/biomesoplenty/redwood/brown as it's serializer returned null
[24Nov2024 15:07:51.503] [main/WARN] [quark-zeta/]: Non-existent flag dripstone being used
[24Nov2024 15:07:51.503] [main/WARN] [quark-zeta/]: Non-existent flag tuff being used
[24Nov2024 15:07:51.504] [main/INFO] [net.minecraft.world.item.crafting.RecipeManager/]: Skipping loading recipe lightmanscurrency:traders/card_display/biomeswevegone/baobab/blue as it's serializer returned null
[24Nov2024 15:07:51.504] [main/INFO] [Spartan Weaponry/]: Empty result tag:"forge:nuggets/steel" Skipping...
[24Nov2024 15:07:51.504] [main/INFO] [net.minecraft.world.item.crafting.RecipeManager/]: Skipping loading recipe spartanweaponry:steel_nugget_from_blasting_steel_weapons as it's serializer returned null
[24Nov2024 15:07:51.504] [main/INFO] [net.minecraft.world.item.crafting.RecipeManager/]: Skipping loading recipe lightmanscurrency:traders/card_display/biomeswevegone/florus/purple as it's serializer returned null
[24Nov2024 15:07:51.505] [main/INFO] [net.minecraft.world.item.crafting.RecipeManager/]: Skipping loading recipe lightmanscurrency:traders/card_display/biomeswevegone/sakura/purple as it's serializer returned null
[24Nov2024 15:07:51.505] [main/INFO] [Spartan Weaponry/]: Empty result tag:"forge:nuggets/invar" Skipping...
[24Nov2024 15:07:51.505] [main/INFO] [net.minecraft.world.item.crafting.RecipeManager/]: Skipping loading recipe spartanweaponry:invar_nugget_from_smelting_invar_weapons as it's serializer returned null
[24Nov2024 15:07:51.505] [main/INFO] [Spartan Weaponry/]: Empty result tag:"forge:nuggets/constantan" Skipping...
[24Nov2024 15:07:51.505] [main/INFO] [net.minecraft.world.item.crafting.RecipeManager/]: Skipping loading recipe spartanweaponry:constantan_nugget_from_smelting_constantan_weapons as it's serializer returned null
[24Nov2024 15:07:51.506] [main/INFO] [net.minecraft.world.item.crafting.RecipeManager/]: Skipping loading recipe lightmanscurrency:traders/card_display/biomeswevegone/willow/lime as it's serializer returned null
[24Nov2024 15:07:51.506] [main/WARN] [quark-zeta/]: Non-existent flag calcite being used
[24Nov2024 15:07:51.506] [main/INFO] [net.minecraft.world.item.crafting.RecipeManager/]: Skipping loading recipe lightmanscurrency:traders/card_display/biomeswevegone/baobab/orange as it's serializer returned null
[24Nov2024 15:07:51.506] [main/INFO] [net.minecraft.world.item.crafting.RecipeManager/]: Skipping loading recipe lightmanscurrency:traders/card_display/biomeswevegone/cypress/light_blue as it's serializer returned null
[24Nov2024 15:07:51.507] [main/INFO] [net.minecraft.world.item.crafting.RecipeManager/]: Skipping loading recipe lightmanscurrency:traders/bookshelf/biomesoplenty/mahogany as it's serializer returned null
[24Nov2024 15:07:51.518] [main/INFO] [net.minecraft.world.item.crafting.RecipeManager/]: Skipping loading recipe lightmanscurrency:item_trader_interface as it's serializer returned null
[24Nov2024 15:07:51.527] [main/WARN] [quark-zeta/]: Non-existent flag andesite being used
[24Nov2024 15:07:51.527] [main/WARN] [quark-zeta/]: Non-existent flag tuff being used
[24Nov2024 15:07:51.535] [main/INFO] [net.minecraft.world.item.crafting.RecipeManager/]: Skipping loading recipe lightmanscurrency:traders/card_display/biomeswevegone/redwood/light_gray as it's serializer returned null
[24Nov2024 15:07:51.535] [main/INFO] [net.minecraft.world.item.crafting.RecipeManager/]: Skipping loading recipe lightmanscurrency:traders/shelf2/biomesoplenty/umbran as it's serializer returned null
[24Nov2024 15:07:51.535] [main/INFO] [net.minecraft.world.item.crafting.RecipeManager/]: Skipping loading recipe lightmanscurrency:auction_stand/oak as it's serializer returned null
[24Nov2024 15:07:51.536] [main/WARN] [quark-zeta/]: Non-existent flag dripstone being used
[24Nov2024 15:07:51.536] [main/INFO] [net.minecraft.world.item.crafting.RecipeManager/]: Skipping loading recipe lightmanscurrency:traders/card_display/biomeswevegone/aspen/light_gray as it's serializer returned null
[24Nov2024 15:07:51.536] [main/INFO] [net.minecraft.world.item.crafting.RecipeManager/]: Skipping loading recipe lightmanscurrency:traders/card_display/biomeswevegone/redwood/magenta as it's serializer returned null
[24Nov2024 15:07:51.543] [main/INFO] [net.minecraft.world.item.crafting.RecipeManager/]: Skipping loading recipe lightmanscurrency:traders/shelf2/biomeswevegone/rainbow_eucalyptus as it's serializer returned null
[24Nov2024 15:07:51.543] [main/INFO] [net.minecraft.world.item.crafting.RecipeManager/]: Skipping loading recipe toolbelt:pouch_upgrade_1_via_sewing as it's serializer returned null
[24Nov2024 15:07:51.551] [main/INFO] [net.minecraft.world.item.crafting.RecipeManager/]: Skipping loading recipe lightmanscurrency:traders/shelf2/biomeswevegone/ironwood as it's serializer returned null
[24Nov2024 15:07:51.551] [main/INFO] [net.minecraft.world.item.crafting.RecipeManager/]: Skipping loading recipe lightmanscurrency:traders/card_display/biomeswevegone/palo_verde/magenta as it's serializer returned null
[24Nov2024 15:07:51.551] [main/WARN] [quark-zeta/]: Non-existent flag dripstone being used
[24Nov2024 15:07:51.552] [main/ERROR] [net.minecraft.world.item.crafting.RecipeManager/]: Parsing error loading recipe bakery:farmersdelight/cooking/sweetberry_jam: com.google.gson.JsonSyntaxException: Invalid or unsupported recipe type 'farmersdelight:pot_cooking'
[24Nov2024 15:07:51.560] [main/INFO] [net.minecraft.world.item.crafting.RecipeManager/]: Skipping loading recipe lightmanscurrency:traders/card_display/biomesoplenty/magic/pink as it's serializer returned null
[24Nov2024 15:07:51.561] [main/INFO] [net.minecraft.world.item.crafting.RecipeManager/]: Skipping loading recipe lightmanscurrency:traders/card_display/biomeswevegone/palm/brown as it's serializer returned null
[24Nov2024 15:07:51.561] [main/INFO] [net.minecraft.world.item.crafting.RecipeManager/]: Skipping loading recipe lightmanscurrency:traders/card_display/biomeswevegone/redwood/cyan as it's serializer returned null
[24Nov2024 15:07:51.561] [main/INFO] [net.minecraft.world.item.crafting.RecipeManager/]: Skipping loading recipe lightmanscurrency:traders/shelf/biomeswevegone/aspen as it's serializer returned null
[24Nov2024 15:07:51.562] [main/INFO] [Spartan Weaponry/]: Empty result tag:"forge:nuggets/steel" Skipping...
[24Nov2024 15:07:51.562] [main/INFO] [net.minecraft.world.item.crafting.RecipeManager/]: Skipping loading recipe spartanweaponry:steel_nugget_from_smelting_steel_weapons as it's serializer returned null
[24Nov2024 15:07:51.562] [main/INFO] [net.minecraft.world.item.crafting.RecipeManager/]: Skipping loading recipe lightmanscurrency:traders/card_display/biomeswevegone/zelkova/gray as it's serializer returned null
[24Nov2024 15:07:51.563] [main/INFO] [net.minecraft.world.item.crafting.RecipeManager/]: Skipping loading recipe lightmanscurrency:traders/card_display/biomeswevegone/sakura/green as it's serializer returned null
[24Nov2024 15:07:51.563] [main/INFO] [net.minecraft.world.item.crafting.RecipeManager/]: Skipping loading recipe lightmanscurrency:traders/card_display/biomeswevegone/palo_verde/light_blue as it's serializer returned null
[24Nov2024 15:07:51.563] [main/INFO] [net.minecraft.world.item.crafting.RecipeManager/]: Skipping loading recipe lightmanscurrency:traders/card_display/biomeswevegone/cika/magenta as it's serializer returned null
[24Nov2024 15:07:51.563] [main/INFO] [net.minecraft.world.item.crafting.RecipeManager/]: Skipping loading recipe lightmanscurrency:traders/card_display/biomesoplenty/palm/purple as it's serializer returned null
[24Nov2024 15:07:51.563] [main/INFO] [net.minecraft.world.item.crafting.RecipeManager/]: Skipping loading recipe create_connected:crafting/palettes/copycat_block_compat as it's serializer returned null
[24Nov2024 15:07:51.564] [main/WARN] [quark-zeta/]: Non-existent flag tuff being used
[24Nov2024 15:07:51.564] [main/INFO] [net.minecraft.world.item.crafting.RecipeManager/]: Skipping loading recipe lightmanscurrency:traders/card_display/biomesoplenty/fir/yellow as it's serializer returned null
[24Nov2024 15:07:51.564] [main/INFO] [net.minecraft.world.item.crafting.RecipeManager/]: Skipping loading recipe lightmanscurrency:traders/card_display/biomesoplenty/hellbark/magenta as it's serializer returned null
[24Nov2024 15:07:51.564] [main/INFO] [net.minecraft.world.item.crafting.RecipeManager/]: Skipping loading recipe lightmanscurrency:traders/card_display/biomesoplenty/willow/yellow as it's serializer returned null
[24Nov2024 15:07:51.565] [main/INFO] [net.minecraft.world.item.crafting.RecipeManager/]: Skipping loading recipe lightmanscurrency:traders/card_display/biomeswevegone/sakura/light_blue as it's serializer returned null
[24Nov2024 15:07:51.573] [main/INFO] [net.minecraft.world.item.crafting.RecipeManager/]: Skipping loading recipe lightmanscurrency:traders/card_display/biomesoplenty/hellbark/lime as it's serializer returned null
[24Nov2024 15:07:51.574] [main/INFO] [net.minecraft.world.item.crafting.RecipeManager/]: Skipping loading recipe lightmanscurrency:traders/bookshelf/biomeswevegone/holly as it's serializer returned null
[24Nov2024 15:07:51.574] [main/INFO] [net.minecraft.world.item.crafting.RecipeManager/]: Skipping loading recipe lightmanscurrency:traders/card_display/biomeswevegone/palo_verde/pink as it's serializer returned null
[24Nov2024 15:07:51.574] [main/INFO] [net.minecraft.world.item.crafting.RecipeManager/]: Skipping loading recipe lightmanscurrency:traders/card_display/biomeswevegone/white_mangrove/brown as it's serializer returned null
[24Nov2024 15:07:51.575] [main/INFO] [net.minecraft.world.item.crafting.RecipeManager/]: Skipping loading recipe lightmanscurrency:traders/card_display/biomeswevegone/witch_hazel/gray as it's serializer returned null
[24Nov2024 15:07:51.575] [main/INFO] [net.minecraft.world.item.crafting.RecipeManager/]: Skipping loading recipe lightmanscurrency:traders/card_display/biomeswevegone/pine/blue as it's serializer returned null
[24Nov2024 15:07:51.575] [main/INFO] [net.minecraft.world.item.crafting.RecipeManager/]: Skipping loading recipe lightmanscurrency:traders/card_display/biomeswevegone/fir/cyan as it's serializer returned null
[24Nov2024 15:07:51.576] [main/ERROR] [net.minecraft.world.item.crafting.RecipeManager/]: Parsing error loading recipe farmersdelight:bakery/pot_cooking/tomato_sauce: com.google.gson.JsonSyntaxException: Invalid item: minecraft:air
[24Nov2024 15:07:51.576] [main/INFO] [net.minecraft.world.item.crafting.RecipeManager/]: Skipping loading recipe lightmanscurrency:traders/shelf2/biomeswevegone/cypress as it's serializer returned null
[24Nov2024 15:07:51.583] [main/WARN] [quark-zeta/]: Non-existent flag tuff being used
[24Nov2024 15:07:51.600] [main/INFO] [net.minecraft.world.item.crafting.RecipeManager/]: Skipping loading recipe lightmanscurrency:auction_stand/biomeswevegone/maple as it's serializer returned null
[24Nov2024 15:07:51.607] [main/INFO] [net.minecraft.world.item.crafting.RecipeManager/]: Skipping loading recipe lightmanscurrency:traders/card_display/biomeswevegone/imbued_green_enchanted/brown as it's serializer returned null
[24Nov2024 15:07:51.607] [main/INFO] [Spartan Weaponry/]: Empty result tag:"forge:nuggets/lead" Skipping...
[24Nov2024 15:07:51.607] [main/INFO] [net.minecraft.world.item.crafting.RecipeManager/]: Skipping loading recipe spartanweaponry:lead_nugget_from_blasting_lead_weapons as it's serializer returned null
[24Nov2024 15:07:51.607] [main/ERROR] [net.minecraft.world.item.crafting.RecipeManager/]: Parsing error loading recipe bakery:farmersdelight/cooking/pudding: com.google.gson.JsonSyntaxException: Invalid or unsupported recipe type 'farmersdelight:pot_cooking'
[24Nov2024 15:07:51.608] [main/INFO] [net.minecraft.world.item.crafting.RecipeManager/]: Skipping loading recipe lightmanscurrency:traders/card_display/biomeswevegone/witch_hazel/red as it's serializer returned null
[24Nov2024 15:07:51.609] [main/INFO] [net.minecraft.world.item.crafting.RecipeManager/]: Skipping loading recipe lightmanscurrency:traders/card_display/biomeswevegone/ironwood/cyan as it's serializer returned null
[24Nov2024 15:07:51.609] [main/WARN] [com.simibubi.create.Create/]: Your custom createaddition:rolling/copper_ingot recipe (createaddition:rolling/copper_ingot) specified a duration. Durations have no impact on this type of recipe.
[24Nov2024 15:07:51.609] [main/INFO] [net.minecraft.world.item.crafting.RecipeManager/]: Skipping loading recipe lightmanscurrency:traders/card_display/biomeswevegone/palm/orange as it's serializer returned null
[24Nov2024 15:07:51.609] [main/INFO] [net.minecraft.world.item.crafting.RecipeManager/]: Skipping loading recipe lightmanscurrency:traders/shelf2/biomesoplenty/magic as it's serializer returned null
[24Nov2024 15:07:51.610] [main/INFO] [net.minecraft.world.item.crafting.RecipeManager/]: Skipping loading recipe lightmanscurrency:traders/card_display/biomeswevegone/cika/light_blue as it's serializer returned null
[24Nov2024 15:07:51.611] [main/INFO] [net.minecraft.world.item.crafting.RecipeManager/]: Skipping loading recipe lightmanscurrency:traders/card_display/biomeswevegone/skyris/white as it's serializer returned null
[24Nov2024 15:07:51.611] [main/WARN] [quark-zeta/]: Non-existent flag granite being used
[24Nov2024 15:07:51.612] [main/INFO] [net.minecraft.world.item.crafting.RecipeManager/]: Skipping loading recipe lightmanscurrency:traders/card_display/biomesoplenty/umbran/pink as it's serializer returned null
[24Nov2024 15:07:51.612] [main/INFO] [net.minecraft.world.item.crafting.RecipeManager/]: Skipping loading recipe lightmanscurrency:traders/card_display/biomesoplenty/mahogany/lime as it's serializer returned null
[24Nov2024 15:07:51.620] [main/ERROR] [net.minecraft.world.item.crafting.RecipeManager/]: Parsing error loading recipe farmersdelight:bakery/pot_cooking/vegetable_noodles: com.google.gson.JsonSyntaxException: Invalid item: minecraft:air
[24Nov2024 15:07:51.620] [main/WARN] [quark-zeta/]: Non-existent flag calcite being used
[24Nov2024 15:07:51.621] [main/INFO] [net.minecraft.world.item.crafting.RecipeManager/]: Skipping loading recipe lightmanscurrency:traders/card_display/biomeswevegone/imbued_green_enchanted/yellow as it's serializer returned null
[24Nov2024 15:07:51.621] [main/INFO] [net.minecraft.world.item.crafting.RecipeManager/]: Skipping loading recipe lightmanscurrency:traders/card_display/biomeswevegone/witch_hazel/pink as it's serializer returned null
[24Nov2024 15:07:51.622] [main/INFO] [net.minecraft.world.item.crafting.RecipeManager/]: Skipping loading recipe lightmanscurrency:traders/card_display/biomesoplenty/dead/cyan as it's serializer returned null
[24Nov2024 15:07:51.622] [main/INFO] [net.minecraft.world.item.crafting.RecipeManager/]: Skipping loading recipe lightmanscurrency:traders/card_display/biomeswevegone/fir/light_blue as it's serializer returned null
[24Nov2024 15:07:51.623] [main/INFO] [net.minecraft.world.item.crafting.RecipeManager/]: Skipping loading recipe lightmanscurrency:traders/card_display/biomeswevegone/mahogany/light_gray as it's serializer returned null
[24Nov2024 15:07:51.623] [main/INFO] [net.minecraft.world.item.crafting.RecipeManager/]: Skipping loading recipe lightmanscurrency:traders/card_display/biomeswevegone/baobab/black as it's serializer returned null
[24Nov2024 15:07:51.623] [main/INFO] [net.minecraft.world.item.crafting.RecipeManager/]: Skipping loading recipe lightmanscurrency:traders/card_display/biomeswevegone/zelkova/pink as it's serializer returned null
[24Nov2024 15:07:51.624] [main/INFO] [net.minecraft.world.item.crafting.RecipeManager/]: Skipping loading recipe lightmanscurrency:traders/card_display/biomeswevegone/imbued_blue_enchanted/blue as it's serializer returned null
[24Nov2024 15:07:51.624] [main/INFO] [net.minecraft.world.item.crafting.RecipeManager/]: Skipping loading recipe lightmanscurrency:traders/card_display/biomesoplenty/palm/red as it's serializer returned null
[24Nov2024 15:07:51.625] [main/WARN] [quark-zeta/]: Non-existent flag dripstone being used
[24Nov2024 15:07:51.626] [main/INFO] [net.minecraft.world.item.crafting.RecipeManager/]: Skipping loading recipe create_connected:crafting/palettes/copycat_board_compat as it's serializer returned null
[24Nov2024 15:07:51.626] [main/INFO] [net.minecraft.world.item.crafting.RecipeManager/]: Skipping loading recipe lightmanscurrency:traders/card_display/biomeswevegone/white_mangrove/blue as it's serializer returned null
[24Nov2024 15:07:51.626] [main/INFO] [net.minecraft.world.item.crafting.RecipeManager/]: Skipping loading recipe lightmanscurrency:traders/card_display/biomeswevegone/white_mangrove/black as it's serializer returned null
[24Nov2024 15:07:51.627] [main/INFO] [net.minecraft.world.item.crafting.RecipeManager/]: Skipping loading recipe lightmanscurrency:traders/card_display/biomeswevegone/jacaranda/gray as it's serializer returned null
[24Nov2024 15:07:51.627] [main/INFO] [net.minecraft.world.item.crafting.RecipeManager/]: Skipping loading recipe lightmanscurrency:traders/card_display/biomeswevegone/skyris/green as it's serializer returned null
[24Nov2024 15:07:51.628] [main/INFO] [net.minecraft.world.item.crafting.RecipeManager/]: Skipping loading recipe lightmanscurrency:traders/shelf2/biomeswevegone/redwood as it's serializer returned null
[24Nov2024 15:07:51.635] [main/INFO] [Spartan Weaponry/]: Empty result tag:"forge:nuggets/invar" Skipping...
[24Nov2024 15:07:51.635] [main/INFO] [net.minecraft.world.item.crafting.RecipeManager/]: Skipping loading recipe spartanweaponry:invar_nugget_from_blasting_invar_weapons as it's serializer returned null
[24Nov2024 15:07:51.636] [main/INFO] [net.minecraft.world.item.crafting.RecipeManager/]: Skipping loading recipe lightmanscurrency:traders/card_display/biomeswevegone/holly/orange as it's serializer returned null
[24Nov2024 15:07:51.636] [main/INFO] [net.minecraft.world.item.crafting.RecipeManager/]: Skipping loading recipe lightmanscurrency:traders/card_display/biomesoplenty/umbran/gray as it's serializer returned null
[24Nov2024 15:07:51.636] [main/INFO] [net.minecraft.world.item.crafting.RecipeManager/]: Skipping loading recipe lightmanscurrency:traders/card_display/biomeswevegone/blue_enchanted/orange as it's serializer returned null
[24Nov2024 15:07:51.637] [main/INFO] [net.minecraft.world.item.crafting.RecipeManager/]: Skipping loading recipe lightmanscurrency:traders/card_display/biomeswevegone/palm/black as it's serializer returned null
[24Nov2024 15:07:51.639] [main/WARN] [quark-zeta/]: Non-existent flag dripstone being used
[24Nov2024 15:07:51.641] [main/INFO] [net.minecraft.world.item.crafting.RecipeManager/]: Skipping loading recipe lightmanscurrency:traders/shelf/biomeswevegone/green_enchanted as it's serializer returned null
[24Nov2024 15:07:51.649] [main/INFO] [net.minecraft.world.item.crafting.RecipeManager/]: Skipping loading recipe lightmanscurrency:traders/card_display/biomeswevegone/zelkova/black as it's serializer returned null
[24Nov2024 15:07:51.650] [main/WARN] [quark-zeta/]: Non-existent flag tuff being used
[24Nov2024 15:07:51.658] [main/WARN] [quark-zeta/]: Non-existent flag dripstone being used
[24Nov2024 15:07:51.658] [main/INFO] [net.minecraft.world.item.crafting.RecipeManager/]: Skipping loading recipe lightmanscurrency:traders/card_display/biomesoplenty/umbran/light_gray as it's serializer returned null
[24Nov2024 15:07:51.658] [main/INFO] [net.minecraft.world.item.crafting.RecipeManager/]: Skipping loading recipe lightmanscurrency:traders/card_display/biomeswevegone/florus/light_gray as it's serializer returned null
[24Nov2024 15:07:51.659] [main/INFO] [net.minecraft.world.item.crafting.RecipeManager/]: Skipping loading recipe lightmanscurrency:traders/shelf2/biomesoplenty/palm as it's serializer returned null
[24Nov2024 15:07:51.660] [main/INFO] [net.minecraft.world.item.crafting.RecipeManager/]: Skipping loading recipe lightmanscurrency:traders/card_display/biomesoplenty/palm/light_blue as it's serializer returned null
[24Nov2024 15:07:51.668] [main/INFO] [net.minecraft.world.item.crafting.RecipeManager/]: Skipping loading recipe lightmanscurrency:traders/card_display/biomesoplenty/jacaranda/pink as it's serializer returned null
[24Nov2024 15:07:51.668] [main/INFO] [net.minecraft.world.item.crafting.RecipeManager/]: Skipping loading recipe lightmanscurrency:traders/card_display/biomeswevegone/maple/brown as it's serializer returned null
[24Nov2024 15:07:51.668] [main/INFO] [net.minecraft.world.item.crafting.RecipeManager/]: Skipping loading recipe lightmanscurrency:traders/card_display/biomeswevegone/aspen/pink as it's serializer returned null
[24Nov2024 15:07:51.680] [main/INFO] [net.minecraft.world.item.crafting.RecipeManager/]: Skipping loading recipe lightmanscurrency:traders/card_display/biomeswevegone/rainbow_eucalyptus/blue as it's serializer returned null
[24Nov2024 15:07:51.688] [main/INFO] [net.minecraft.world.item.crafting.RecipeManager/]: Skipping loading recipe lightmanscurrency:atm_card as it's serializer returned null
[24Nov2024 15:07:51.689] [main/INFO] [net.minecraft.world.item.crafting.RecipeManager/]: Skipping loading recipe lightmanscurrency:traders/card_display/biomeswevegone/zelkova/lime as it's serializer returned null
[24Nov2024 15:07:51.698] [main/INFO] [Spartan Weaponry/]: Empty result tag:"forge:nuggets/aluminum" Skipping...
[24Nov2024 15:07:51.698] [main/INFO] [net.minecraft.world.item.crafting.RecipeManager/]: Skipping loading recipe spartanweaponry:aluminum_nugget_from_blasting_aluminum_weapons as it's serializer returned null
[24Nov2024 15:07:51.698] [main/INFO] [net.minecraft.world.item.crafting.RecipeManager/]: Skipping loading recipe lightmanscurrency:traders/card_display/biomeswevegone/florus/orange as it's serializer returned null
[24Nov2024 15:07:51.698] [main/INFO] [net.minecraft.world.item.crafting.RecipeManager/]: Skipping loading recipe lightmanscurrency:traders/card_display/biomesoplenty/hellbark/cyan as it's serializer returned null
[24Nov2024 15:07:51.699] [main/WARN] [quark-zeta/]: Non-existent flag diorite being used
[24Nov2024 15:07:51.699] [main/INFO] [net.minecraft.world.item.crafting.RecipeManager/]: Skipping loading recipe lightmanscurrency:traders/card_display/biomesoplenty/umbran/yellow as it's serializer returned null
[24Nov2024 15:07:51.699] [main/INFO] [net.minecraft.world.item.crafting.RecipeManager/]: Skipping loading recipe lightmanscurrency:traders/card_display/biomeswevegone/palo_verde/purple as it's serializer returned null
[24Nov2024 15:07:51.700] [main/INFO] [net.minecraft.world.item.crafting.RecipeManager/]: Skipping loading recipe lightmanscurrency:traders/card_display/biomeswevegone/sakura/gray as it's serializer returned null
[24Nov2024 15:07:51.700] [main/INFO] [net.minecraft.world.item.crafting.RecipeManager/]: Skipping loading recipe lightmanscurrency:traders/card_display/biomesoplenty/mahogany/yellow as it's serializer returned null
[24Nov2024 15:07:51.700] [main/INFO] [net.minecraft.world.item.crafting.RecipeManager/]: Skipping loading recipe lightmanscurrency:traders/card_display/biomesoplenty/fir/orange as it's serializer returned null
[24Nov2024 15:07:51.701] [main/INFO] [net.minecraft.world.item.crafting.RecipeManager/]: Skipping loading recipe lightmanscurrency:traders/card_display/biomeswevegone/pine/brown as it's serializer returned null
[24Nov2024 15:07:51.701] [main/INFO] [net.minecraft.world.item.crafting.RecipeManager/]: Skipping loading recipe lightmanscurrency:traders/card_display/biomeswevegone/palm/yellow as it's serializer returned null
[24Nov2024 15:07:51.702] [main/INFO] [net.minecraft.world.item.crafting.RecipeManager/]: Skipping loading recipe lightmanscurrency:traders/card_display/biomeswevegone/imbued_blue_enchanted/red as it's serializer returned null
[24Nov2024 15:07:51.702] [main/INFO] [net.minecraft.world.item.crafting.RecipeManager/]: Skipping loading recipe lightmanscurrency:traders/card_display/biomeswevegone/jacaranda/purple as it's serializer returned null
[24Nov2024 15:07:51.702] [main/INFO] [net.minecraft.world.item.crafting.RecipeManager/]: Skipping loading recipe lightmanscurrency:traders/card_display/biomeswevegone/sakura/orange as it's serializer returned null
[24Nov2024 15:07:51.711] [main/WARN] [quark-zeta/]: Non-existent flag tuff being used
[24Nov2024 15:07:51.711] [main/INFO] [net.minecraft.world.item.crafting.RecipeManager/]: Skipping loading recipe lightmanscurrency:traders/card_display/biomeswevegone/holly/yellow as it's serializer returned null
[24Nov2024 15:07:51.712] [main/INFO] [net.minecraft.world.item.crafting.RecipeManager/]: Skipping loading recipe lightmanscurrency:traders/card_display/biomeswevegone/willow/cyan as it's serializer returned null
[24Nov2024 15:07:51.712] [main/INFO] [net.minecraft.world.item.crafting.RecipeManager/]: Skipping loading recipe lightmanscurrency:auction_stand/biomesoplenty/magic as it's serializer returned null
[24Nov2024 15:07:51.712] [main/INFO] [net.minecraft.world.item.crafting.RecipeManager/]: Skipping loading recipe lightmanscurrency:traders/card_display/biomeswevegone/cika/purple as it's serializer returned null
[24Nov2024 15:07:51.713] [main/INFO] [net.minecraft.world.item.crafting.RecipeManager/]: Skipping loading recipe lightmanscurrency:traders/shelf2/biomeswevegone/holly as it's serializer returned null
[24Nov2024 15:07:51.713] [main/INFO] [net.minecraft.world.item.crafting.RecipeManager/]: Skipping loading recipe lightmanscurrency:traders/bookshelf/biomeswevegone/rainbow_eucalyptus as it's serializer returned null
[24Nov2024 15:07:51.714] [main/WARN] [quark-zeta/]: Non-existent flag andesite being used
[24Nov2024 15:07:51.715] [main/WARN] [quark-zeta/]: Non-existent flag dripstone being used
[24Nov2024 15:07:51.715] [main/INFO] [net.minecraft.world.item.crafting.RecipeManager/]: Skipping loading recipe lightmanscurrency:traders/card_display/biomesoplenty/redwood/red as it's serializer returned null
[24Nov2024 15:07:51.737] [main/INFO] [net.minecraft.world.item.crafting.RecipeManager/]: Skipping loading recipe lightmanscurrency:traders/card_display/biomeswevegone/imbued_green_enchanted/blue as it's serializer returned null
[24Nov2024 15:07:51.737] [main/INFO] [net.minecraft.world.item.crafting.RecipeManager/]: Skipping loading recipe lightmanscurrency:traders/card_display/biomesoplenty/jacaranda/gray as it's serializer returned null
[24Nov2024 15:07:51.737] [main/INFO] [net.minecraft.world.item.crafting.RecipeManager/]: Skipping loading recipe lightmanscurrency:traders/card_display/biomeswevegone/cika/cyan as it's serializer returned null
[24Nov2024 15:07:51.738] [main/INFO] [net.minecraft.world.item.crafting.RecipeManager/]: Skipping loading recipe lightmanscurrency:traders/card_display/biomesoplenty/umbran/red as it's serializer returned null
[24Nov2024 15:07:51.739] [main/INFO] [net.minecraft.world.item.crafting.RecipeManager/]: Skipping loading recipe lightmanscurrency:traders/card_display/biomeswevegone/maple/blue as it's serializer returned null
[24Nov2024 15:07:51.739] [main/WARN] [quark-zeta/]: Non-existent flag diorite being used
[24Nov2024 15:07:51.741] [main/INFO] [net.minecraft.world.item.crafting.RecipeManager/]: Skipping loading recipe lightmanscurrency:auction_stand/biomeswevegone/witch_hazel as it's serializer returned null
[24Nov2024 15:07:51.741] [main/INFO] [net.minecraft.world.item.crafting.RecipeManager/]: Skipping loading recipe lightmanscurrency:traders/card_display/biomeswevegone/mahogany/yellow as it's serializer returned null
[24Nov2024 15:07:51.752] [main/INFO] [net.minecraft.world.item.crafting.RecipeManager/]: Skipping loading recipe lightmanscurrency:traders/card_display/biomeswevegone/sakura/pink as it's serializer returned null
[24Nov2024 15:07:51.752] [main/INFO] [net.minecraft.world.item.crafting.RecipeManager/]: Skipping loading recipe lightmanscurrency:traders/bookshelf/biomesoplenty/redwood as it's serializer returned null
[24Nov2024 15:07:51.752] [main/INFO] [net.minecraft.world.item.crafting.RecipeManager/]: Skipping loading recipe lightmanscurrency:traders/card_display/biomeswevegone/maple/purple as it's serializer returned null
[24Nov2024 15:07:51.753] [main/INFO] [net.minecraft.world.item.crafting.RecipeManager/]: Skipping loading recipe lightmanscurrency:traders/card_display/biomeswevegone/zelkova/brown as it's serializer returned null
[24Nov2024 15:07:51.753] [main/INFO] [net.minecraft.world.item.crafting.RecipeManager/]: Skipping loading recipe lightmanscurrency:traders/card_display/biomeswevegone/ebony/white as it's serializer returned null
[24Nov2024 15:07:51.754] [main/INFO] [net.minecraft.world.item.crafting.RecipeManager/]: Skipping loading recipe lightmanscurrency:traders/card_display/biomeswevegone/pine/magenta as it's serializer returned null
[24Nov2024 15:07:51.755] [main/WARN] [com.simibubi.create.Create/]: Your custom createaddition:rolling/electrum_plate recipe (createaddition:rolling/electrum_plate) specified a duration. Durations have no impact on this type of recipe.
[24Nov2024 15:07:51.755] [main/INFO] [net.minecraft.world.item.crafting.RecipeManager/]: Skipping loading recipe lightmanscurrency:traders/card_display/biomesoplenty/magic/light_gray as it's serializer returned null
[24Nov2024 15:07:51.755] [main/INFO] [net.minecraft.world.item.crafting.RecipeManager/]: Skipping loading recipe create_connected:crafting/palettes/copycat_wall_compat as it's serializer returned null
[24Nov2024 15:07:51.755] [main/INFO] [net.minecraft.world.item.crafting.RecipeManager/]: Skipping loading recipe lightmanscurrency:auction_stand/biomeswevegone/ironwood as it's serializer returned null
[24Nov2024 15:07:51.756] [main/INFO] [net.minecraft.world.item.crafting.RecipeManager/]: Skipping loading recipe lightmanscurrency:traders/card_display/biomesoplenty/redwood/blue as it's serializer returned null
[24Nov2024 15:07:51.756] [main/INFO] [net.minecraft.world.item.crafting.RecipeManager/]: Skipping loading recipe lightmanscurrency:traders/card_display/biomeswevegone/witch_hazel/purple as it's serializer returned null
[24Nov2024 15:07:51.757] [main/WARN] [quark-zeta/]: Non-existent flag andesite being used
[24Nov2024 15:07:51.758] [main/INFO] [net.minecraft.world.item.crafting.RecipeManager/]: Skipping loading recipe lightmanscurrency:traders/card_display/biomesoplenty/willow/gray as it's serializer returned null
[24Nov2024 15:07:51.758] [main/INFO] [net.minecraft.world.item.crafting.RecipeManager/]: Skipping loading recipe lightmanscurrency:traders/shelf2/biomeswevegone/willow as it's serializer returned null
[24Nov2024 15:07:51.758] [main/INFO] [net.minecraft.world.item.crafting.RecipeManager/]: Skipping loading recipe lightmanscurrency:traders/card_display/biomeswevegone/jacaranda/pink as it's serializer returned null
[24Nov2024 15:07:51.759] [main/INFO] [net.minecraft.world.item.crafting.RecipeManager/]: Skipping loading recipe lightmanscurrency:traders/card_display/biomesoplenty/magic/red as it's serializer returned null
[24Nov2024 15:07:51.768] [main/INFO] [net.minecraft.world.item.crafting.RecipeManager/]: Skipping loading recipe lightmanscurrency:traders/card_display/biomeswevegone/baobab/light_gray as it's serializer returned null
[24Nov2024 15:07:51.768] [main/INFO] [net.minecraft.world.item.crafting.RecipeManager/]: Skipping loading recipe lightmanscurrency:traders/shelf2/biomesoplenty/hellbark as it's serializer returned null
[24Nov2024 15:07:51.769] [main/INFO] [net.minecraft.world.item.crafting.RecipeManager/]: Skipping loading recipe lightmanscurrency:traders/card_display/biomesoplenty/redwood/magenta as it's serializer returned null
[24Nov2024 15:07:51.770] [main/INFO] [net.minecraft.world.item.crafting.RecipeManager/]: Skipping loading recipe lightmanscurrency:traders/card_display/biomeswevegone/green_enchanted/magenta as it's serializer returned null
[24Nov2024 15:07:51.770] [main/INFO] [net.minecraft.world.item.crafting.RecipeManager/]: Skipping loading recipe lightmanscurrency:traders/card_display/biomeswevegone/white_mangrove/magenta as it's serializer returned null
[24Nov2024 15:07:51.770] [main/WARN] [quark-zeta/]: Non-existent flag dripstone being used
[24Nov2024 15:07:51.782] [main/INFO] [net.minecraft.world.item.crafting.RecipeManager/]: Skipping loading recipe lightmanscurrency:traders/shelf2/biomeswevegone/blue_enchanted as it's serializer returned null
[24Nov2024 15:07:51.783] [main/INFO] [net.minecraft.world.item.crafting.RecipeManager/]: Skipping loading recipe lightmanscurrency:traders/card_display/biomesoplenty/jacaranda/light_gray as it's serializer returned null
[24Nov2024 15:07:51.783] [main/INFO] [net.minecraft.world.item.crafting.RecipeManager/]: Skipping loading recipe lightmanscurrency:traders/shelf/biomeswevegone/sakura as it's serializer returned null
[24Nov2024 15:07:51.784] [main/INFO] [net.minecraft.world.item.crafting.RecipeManager/]: Skipping loading recipe lightmanscurrency:traders/card_display/biomeswevegone/florus/blue as it's serializer returned null
[24Nov2024 15:07:51.784] [main/INFO] [Spartan Weaponry/]: Empty result tag:"forge:nuggets/bronze" Skipping...
[24Nov2024 15:07:51.785] [main/INFO] [net.minecraft.world.item.crafting.RecipeManager/]: Skipping loading recipe spartanweaponry:bronze_nugget_from_smelting_bronze_weapons as it's serializer returned null
[24Nov2024 15:07:51.785] [main/INFO] [net.minecraft.world.item.crafting.RecipeManager/]: Skipping loading recipe lightmanscurrency:traders/card_display/biomeswevegone/green_enchanted/cyan as it's serializer returned null
[24Nov2024 15:07:51.785] [main/INFO] [net.minecraft.world.item.crafting.RecipeManager/]: Skipping loading recipe lightmanscurrency:traders/card_display/biomesoplenty/mahogany/cyan as it's serializer returned null
[24Nov2024 15:07:51.786] [main/WARN] [quark-zeta/]: Non-existent flag granite being used
[24Nov2024 15:07:51.786] [main/INFO] [net.minecraft.world.item.crafting.RecipeManager/]: Skipping loading recipe lightmanscurrency:traders/card_display/biomeswevegone/redwood/green as it's serializer returned null
[24Nov2024 15:07:51.786] [main/INFO] [net.minecraft.world.item.crafting.RecipeManager/]: Skipping loading recipe lightmanscurrency:traders/card_display/biomeswevegone/ebony/light_blue as it's serializer returned null
[24Nov2024 15:07:51.787] [main/INFO] [net.minecraft.world.item.crafting.RecipeManager/]: Skipping loading recipe supplementaries:inspirations/flag_clear as it's serializer returned null
[24Nov2024 15:07:51.788] [main/INFO] [net.minecraft.world.item.crafting.RecipeManager/]: Skipping loading recipe lightmanscurrency:traders/card_display/biomesoplenty/palm/lime as it's serializer returned null
[24Nov2024 15:07:51.788] [main/INFO] [net.minecraft.world.item.crafting.RecipeManager/]: Skipping loading recipe lightmanscurrency:traders/card_display/biomesoplenty/palm/orange as it's serializer returned null
[24Nov2024 15:07:51.788] [main/INFO] [net.minecraft.world.item.crafting.RecipeManager/]: Skipping loading recipe lightmanscurrency:traders/bookshelf/biomeswevegone/fir as it's serializer returned null
[24Nov2024 15:07:51.789] [main/INFO] [net.minecraft.world.item.crafting.RecipeManager/]: Skipping loading recipe toolbelt:pouch_upgrade_6_via_sewing as it's serializer returned null
[24Nov2024 15:07:51.789] [main/INFO] [net.minecraft.world.item.crafting.RecipeManager/]: Skipping loading recipe lightmanscurrency:traders/shelf2/biomeswevegone/fir as it's serializer returned null
[24Nov2024 15:07:51.797] [main/WARN] [com.simibubi.create.Create/]: Your custom createaddition:rolling/iron_plate recipe (createaddition:rolling/iron_plate) specified a duration. Durations have no impact on this type of recipe.
[24Nov2024 15:07:51.797] [main/INFO] [net.minecraft.world.item.crafting.RecipeManager/]: Skipping loading recipe lightmanscurrency:traders/card_display/biomeswevegone/mahogany/cyan as it's serializer returned null
[24Nov2024 15:07:51.797] [main/INFO] [net.minecraft.world.item.crafting.RecipeManager/]: Skipping loading recipe lightmanscurrency:traders/card_display/biomeswevegone/ironwood/lime as it's serializer returned null
[24Nov2024 15:07:51.797] [main/ERROR] [net.minecraft.world.item.crafting.RecipeManager/]: Parsing error loading recipe farmersrespite:chilidog_alt: com.google.gson.JsonSyntaxException: Unknown item 'farmersrespite:blazing_chili'
[24Nov2024 15:07:51.797] [main/INFO] [net.minecraft.world.item.crafting.RecipeManager/]: Skipping loading recipe lightmanscurrency:traders/card_display/biomesoplenty/hellbark/white as it's serializer returned null
[24Nov2024 15:07:51.798] [main/INFO] [net.minecraft.world.item.crafting.RecipeManager/]: Skipping loading recipe lightmanscurrency:traders/bookshelf/biomesoplenty/fir as it's serializer returned null
[24Nov2024 15:07:51.798] [main/INFO] [net.minecraft.world.item.crafting.RecipeManager/]: Skipping loading recipe lightmanscurrency:auction_stand/crimson as it's serializer returned null
[24Nov2024 15:07:51.798] [main/INFO] [net.minecraft.world.item.crafting.RecipeManager/]: Skipping loading recipe lightmanscurrency:traders/shelf/biomeswevegone/redwood as it's serializer returned null
[24Nov2024 15:07:51.799] [main/INFO] [net.minecraft.world.item.crafting.RecipeManager/]: Skipping loading recipe lightmanscurrency:traders/card_display/biomeswevegone/ebony/green as it's serializer returned null
[24Nov2024 15:07:51.799] [main/INFO] [net.minecraft.world.item.crafting.RecipeManager/]: Skipping loading recipe lightmanscurrency:traders/card_display/biomeswevegone/cypress/blue as it's serializer returned null
[24Nov2024 15:07:51.807] [main/INFO] [net.minecraft.world.item.crafting.RecipeManager/]: Skipping loading recipe lightmanscurrency:traders/card_display/biomeswevegone/maple/orange as it's serializer returned null
[24Nov2024 15:07:51.807] [main/INFO] [net.minecraft.world.item.crafting.RecipeManager/]: Skipping loading recipe lightmanscurrency:traders/card_display/biomeswevegone/ebony/yellow as it's serializer returned null
[24Nov2024 15:07:51.808] [main/INFO] [net.minecraft.world.item.crafting.RecipeManager/]: Skipping loading recipe lightmanscurrency:traders/card_display/biomesoplenty/hellbark/green as it's serializer returned null
[24Nov2024 15:07:51.808] [main/INFO] [net.minecraft.world.item.crafting.RecipeManager/]: Skipping loading recipe lightmanscurrency:traders/card_display/biomesoplenty/willow/pink as it's serializer returned null
[24Nov2024 15:07:51.808] [main/ERROR] [net.minecraft.world.item.crafting.RecipeManager/]: Parsing error loading recipe tetranichematerials:grave_steel_ingot: com.google.gson.JsonSyntaxException: Unknown item 'graveyard:corruption'
[24Nov2024 15:07:51.808] [main/INFO] [net.minecraft.world.item.crafting.RecipeManager/]: Skipping loading recipe lightmanscurrency:traders/card_display/biomeswevegone/zelkova/yellow as it's serializer returned null
[24Nov2024 15:07:51.809] [main/ERROR] [net.minecraft.world.item.crafting.RecipeManager/]: Parsing error loading recipe farmersdelight:bakery/pot_cooking/hot_cocoa: com.google.gson.JsonSyntaxException: Invalid item: minecraft:air
[24Nov2024 15:07:51.821] [main/INFO] [net.minecraft.world.item.crafting.RecipeManager/]: Skipping loading recipe lightmanscurrency:traders/card_display/biomesoplenty/hellbark/red as it's serializer returned null
[24Nov2024 15:07:51.821] [main/INFO] [net.minecraft.world.item.crafting.RecipeManager/]: Skipping loading recipe lightmanscurrency:traders/card_display/biomeswevegone/aspen/magenta as it's serializer returned null
[24Nov2024 15:07:51.822] [main/INFO] [net.minecraft.world.item.crafting.RecipeManager/]: Skipping loading recipe lightmanscurrency:traders/shelf2/biomesoplenty/jacaranda as it's serializer returned null
[24Nov2024 15:07:51.822] [main/INFO] [net.minecraft.world.item.crafting.RecipeManager/]: Skipping loading recipe lightmanscurrency:traders/shelf/biomesoplenty/redwood as it's serializer returned null
[24Nov2024 15:07:51.823] [main/INFO] [net.minecraft.world.item.crafting.RecipeManager/]: Skipping loading recipe lightmanscurrency:traders/card_display/biomeswevegone/aspen/gray as it's serializer returned null
[24Nov2024 15:07:51.823] [main/INFO] [net.minecraft.world.item.crafting.RecipeManager/]: Skipping loading recipe lightmanscurrency:traders/card_display/biomeswevegone/blue_enchanted/magenta as it's serializer returned null
[24Nov2024 15:07:51.823] [main/INFO] [net.minecraft.world.item.crafting.RecipeManager/]: Skipping loading recipe lightmanscurrency:traders/card_display/biomesoplenty/mahogany/red as it's serializer returned null
[24Nov2024 15:07:51.823] [main/INFO] [net.minecraft.world.item.crafting.RecipeManager/]: Skipping loading recipe lightmanscurrency:traders/card_display/biomeswevegone/palo_verde/gray as it's serializer returned null
[24Nov2024 15:07:51.823] [main/INFO] [net.minecraft.world.item.crafting.RecipeManager/]: Skipping loading recipe lightmanscurrency:traders/bookshelf/biomeswevegone/cypress as it's serializer returned null
[24Nov2024 15:07:51.824] [main/INFO] [net.minecraft.world.item.crafting.RecipeManager/]: Skipping loading recipe lightmanscurrency:traders/card_display/biomesoplenty/willow/light_blue as it's serializer returned null
[24Nov2024 15:07:51.824] [main/INFO] [net.minecraft.world.item.crafting.RecipeManager/]: Skipping loading recipe lightmanscurrency:traders/card_display/biomeswevegone/ironwood/light_blue as it's serializer returned null
[24Nov2024 15:07:51.825] [main/INFO] [net.minecraft.world.item.crafting.RecipeManager/]: Skipping loading recipe lightmanscurrency:traders/shelf/biomeswevegone/pine as it's serializer returned null
[24Nov2024 15:07:51.825] [main/INFO] [net.minecraft.world.item.crafting.RecipeManager/]: Skipping loading recipe lightmanscurrency:traders/card_display/biomeswevegone/redwood/white as it's serializer returned null
[24Nov2024 15:07:51.826] [main/INFO] [net.minecraft.world.item.crafting.RecipeManager/]: Skipping loading recipe lightmanscurrency:auction_stand/biomeswevegone/holly as it's serializer returned null
[24Nov2024 15:07:51.835] [main/INFO] [net.minecraft.world.item.crafting.RecipeManager/]: Skipping loading recipe lightmanscurrency:traders/bookshelf/biomesoplenty/magic as it's serializer returned null
[24Nov2024 15:07:51.836] [main/INFO] [net.minecraft.world.item.crafting.RecipeManager/]: Skipping loading recipe lightmanscurrency:traders/bookshelf/biomeswevegone/sakura as it's serializer returned null
[24Nov2024 15:07:51.836] [main/INFO] [net.minecraft.world.item.crafting.RecipeManager/]: Skipping loading recipe lightmanscurrency:traders/card_display/biomesoplenty/magic/yellow as it's serializer returned null
[24Nov2024 15:07:51.837] [main/INFO] [net.minecraft.world.item.crafting.RecipeManager/]: Skipping loading recipe lightmanscurrency:traders/card_display/biomesoplenty/fir/magenta as it's serializer returned null
[24Nov2024 15:07:51.837] [main/INFO] [net.minecraft.world.item.crafting.RecipeManager/]: Skipping loading recipe lightmanscurrency:auction_stand/biomeswevegone/white_mangrove as it's serializer returned null
[24Nov2024 15:07:51.837] [main/WARN] [com.simibubi.create.Create/]: Your custom createaddition:rolling/gold_plate recipe (createaddition:rolling/gold_plate) specified a duration. Durations have no impact on this type of recipe.
[24Nov2024 15:07:51.838] [main/INFO] [net.minecraft.world.item.crafting.RecipeManager/]: Skipping loading recipe lightmanscurrency:traders/card_display/biomesoplenty/fir/red as it's serializer returned null
[24Nov2024 15:07:51.838] [main/WARN] [quark-zeta/]: Non-existent flag calcite being used
[24Nov2024 15:07:51.839] [main/INFO] [net.minecraft.world.item.crafting.RecipeManager/]: Skipping loading recipe lightmanscurrency:traders/card_display/biomeswevegone/palm/light_blue as it's serializer returned null
[24Nov2024 15:07:51.840] [main/INFO] [net.minecraft.world.item.crafting.RecipeManager/]: Skipping loading recipe lightmanscurrency:traders/card_display/biomeswevegone/palm/purple as it's serializer returned null
[24Nov2024 15:07:51.840] [main/INFO] [net.minecraft.world.item.crafting.RecipeManager/]: Skipping loading recipe lightmanscurrency:traders/card_display/biomeswevegone/holly/blue as it's serializer returned null
[24Nov2024 15:07:51.840] [main/INFO] [net.minecraft.world.item.crafting.RecipeManager/]: Skipping loading recipe lightmanscurrency:traders/card_display/biomeswevegone/maple/magenta as it's serializer returned null
[24Nov2024 15:07:51.841] [main/INFO] [net.minecraft.world.item.crafting.RecipeManager/]: Skipping loading recipe lightmanscurrency:traders/card_display/biomeswevegone/skyris/red as it's serializer returned null
[24Nov2024 15:07:51.841] [main/WARN] [quark-zeta/]: Non-existent flag diorite being used
[24Nov2024 15:07:51.841] [main/INFO] [net.minecraft.world.item.crafting.RecipeManager/]: Skipping loading recipe lightmanscurrency:traders/card_display/biomeswevegone/holly/purple as it's serializer returned null
[24Nov2024 15:07:51.842] [main/INFO] [net.minecraft.world.item.crafting.RecipeManager/]: Skipping loading recipe lightmanscurrency:traders/card_display/biomeswevegone/willow/brown as it's serializer returned null
[24Nov2024 15:07:51.842] [main/INFO] [net.minecraft.world.item.crafting.RecipeManager/]: Skipping loading recipe lightmanscurrency:traders/card_display/biomeswevegone/green_enchanted/white as it's serializer returned null
[24Nov2024 15:07:51.842] [main/INFO] [net.minecraft.world.item.crafting.RecipeManager/]: Skipping loading recipe lightmanscurrency:traders/card_display/biomeswevegone/redwood/brown as it's serializer returned null
[24Nov2024 15:07:51.843] [main/INFO] [net.minecraft.world.item.crafting.RecipeManager/]: Skipping loading recipe lightmanscurrency:traders/card_display/biomeswevegone/zelkova/magenta as it's serializer returned null
[24Nov2024 15:07:51.843] [main/WARN] [quark-zeta/]: Non-existent flag granite being used
[24Nov2024 15:07:51.843] [main/WARN] [quark-zeta/]: Non-existent flag tuff being used
[24Nov2024 15:07:51.844] [main/INFO] [net.minecraft.world.item.crafting.RecipeManager/]: Skipping loading recipe lightmanscurrency:traders/card_display/biomeswevegone/maple/gray as it's serializer returned null
[24Nov2024 15:07:51.844] [main/INFO] [net.minecraft.world.item.crafting.RecipeManager/]: Skipping loading recipe lightmanscurrency:traders/card_display/biomeswevegone/imbued_blue_enchanted/pink as it's serializer returned null
[24Nov2024 15:07:51.845] [main/INFO] [net.minecraft.world.item.crafting.RecipeManager/]: Skipping loading recipe lightmanscurrency:traders/card_display/biomesoplenty/mahogany/light_gray as it's serializer returned null
[24Nov2024 15:07:51.845] [main/INFO] [net.minecraft.world.item.crafting.RecipeManager/]: Skipping loading recipe lightmanscurrency:traders/card_display/biomeswevegone/maple/light_gray as it's serializer returned null
[24Nov2024 15:07:51.845] [main/WARN] [quark-zeta/]: Non-existent flag dripstone being used
[24Nov2024 15:07:51.847] [main/WARN] [quark-zeta/]: Non-existent flag dripstone being used
[24Nov2024 15:07:51.848] [main/WARN] [quark-zeta/]: Non-existent flag andesite being used
[24Nov2024 15:07:51.848] [main/INFO] [net.minecraft.world.item.crafting.RecipeManager/]: Skipping loading recipe lightmanscurrency:traders/card_display/biomeswevegone/imbued_green_enchanted/purple as it's serializer returned null
[24Nov2024 15:07:51.848] [main/WARN] [quark-zeta/]: Non-existent flag diorite being used
[24Nov2024 15:07:51.849] [main/INFO] [net.minecraft.world.item.crafting.RecipeManager/]: Skipping loading recipe lightmanscurrency:traders/card_display/biomeswevegone/imbued_green_enchanted/light_blue as it's serializer returned null
[24Nov2024 15:07:51.849] [main/ERROR] [net.minecraft.world.item.crafting.RecipeManager/]: Parsing error loading recipe farmersdelight:bakery/pot_cooking/cooked_rice: com.google.gson.JsonSyntaxException: Invalid item: minecraft:air
[24Nov2024 15:07:51.849] [main/INFO] [net.minecraft.world.item.crafting.RecipeManager/]: Skipping loading recipe lightmanscurrency:traders/card_display/biomeswevegone/ironwood/pink as it's serializer returned null
[24Nov2024 15:07:51.850] [main/INFO] [net.minecraft.world.item.crafting.RecipeManager/]: Skipping loading recipe create_connected:crafting/palettes/copycat_fence_gate_compat as it's serializer returned null
[24Nov2024 15:07:51.850] [main/INFO] [net.minecraft.world.item.crafting.RecipeManager/]: Skipping loading recipe lightmanscurrency:traders/card_display/biomeswevegone/witch_hazel/brown as it's serializer returned null
[24Nov2024 15:07:51.851] [main/INFO] [net.minecraft.world.item.crafting.RecipeManager/]: Skipping loading recipe lightmanscurrency:traders/card_display/biomesoplenty/dead/pink as it's serializer returned null
[24Nov2024 15:07:51.851] [main/INFO] [net.minecraft.world.item.crafting.RecipeManager/]: Skipping loading recipe lightmanscurrency:traders/card_display/biomeswevegone/green_enchanted/green as it's serializer returned null
[24Nov2024 15:07:51.859] [main/INFO] [net.minecraft.world.item.crafting.RecipeManager/]: Skipping loading recipe lightmanscurrency:traders/card_display/biomesoplenty/dead/brown as it's serializer returned null
[24Nov2024 15:07:51.859] [main/INFO] [net.minecraft.world.item.crafting.RecipeManager/]: Skipping loading recipe lightmanscurrency:traders/card_display/biomeswevegone/pine/purple as it's serializer returned null
[24Nov2024 15:07:51.867] [main/INFO] [net.minecraft.world.item.crafting.RecipeManager/]: Skipping loading recipe lightmanscurrency:traders/card_display/biomesoplenty/mahogany/pink as it's serializer returned null
[24Nov2024 15:07:51.867] [main/INFO] [net.minecraft.world.item.crafting.RecipeManager/]: Skipping loading recipe lightmanscurrency:traders/card_display/biomesoplenty/jacaranda/magenta as it's serializer returned null
[24Nov2024 15:07:51.867] [main/INFO] [net.minecraft.world.item.crafting.RecipeManager/]: Skipping loading recipe lightmanscurrency:traders/card_display/biomeswevegone/cika/orange as it's serializer returned null
[24Nov2024 15:07:51.868] [main/INFO] [net.minecraft.world.item.crafting.RecipeManager/]: Skipping loading recipe lightmanscurrency:traders/card_display/biomeswevegone/jacaranda/magenta as it's serializer returned null
[24Nov2024 15:07:51.868] [main/INFO] [net.minecraft.world.item.crafting.RecipeManager/]: Skipping loading recipe lightmanscurrency:traders/card_display/biomeswevegone/rainbow_eucalyptus/light_blue as it's serializer returned null
[24Nov2024 15:07:51.868] [main/INFO] [net.minecraft.world.item.crafting.RecipeManager/]: Skipping loading recipe lightmanscurrency:traders/card_display/biomesoplenty/palm/pink as it's serializer returned null
[24Nov2024 15:07:51.869] [main/INFO] [net.minecraft.world.item.crafting.RecipeManager/]: Skipping loading recipe lightmanscurrency:auction_stand/biomeswevegone/zelkova as it's serializer returned null
[24Nov2024 15:07:51.869] [main/WARN] [quark-zeta/]: Non-existent flag tuff being used
[24Nov2024 15:07:51.870] [main/WARN] [quark-zeta/]: Non-existent flag calcite being used
[24Nov2024 15:07:51.870] [main/INFO] [net.minecraft.world.item.crafting.RecipeManager/]: Skipping loading recipe lightmanscurrency:traders/card_display/biomeswevegone/ironwood/orange as it's serializer returned null
[24Nov2024 15:07:51.870] [main/WARN] [quark-zeta/]: Non-existent flag granite being used
[24Nov2024 15:07:51.870] [main/WARN] [quark-zeta/]: Non-existent flag andesite being used
[24Nov2024 15:07:51.870] [main/INFO] [net.minecraft.world.item.crafting.RecipeManager/]: Skipping loading recipe lightmanscurrency:traders/card_display/biomeswevegone/baobab/light_blue as it's serializer returned null
[24Nov2024 15:07:51.871] [main/INFO] [net.minecraft.world.item.crafting.RecipeManager/]: Skipping loading recipe lightmanscurrency:traders/card_display/biomeswevegone/sakura/magenta as it's serializer returned null
[24Nov2024 15:07:51.871] [main/INFO] [net.minecraft.world.item.crafting.RecipeManager/]: Skipping loading recipe lightmanscurrency:auction_stand/biomeswevegone/palo_verde as it's serializer returned null
[24Nov2024 15:07:51.871] [main/INFO] [net.minecraft.world.item.crafting.RecipeManager/]: Skipping loading recipe lightmanscurrency:traders/card_display/biomesoplenty/willow/lime as it's serializer returned null
[24Nov2024 15:07:51.871] [main/INFO] [net.minecraft.world.item.crafting.RecipeManager/]: Skipping loading recipe lightmanscurrency:auction_stand/biomeswevegone/baobab as it's serializer returned null
[24Nov2024 15:07:51.871] [main/WARN] [quark-zeta/]: Non-existent flag tuff being used
[24Nov2024 15:07:51.872] [main/INFO] [net.minecraft.world.item.crafting.RecipeManager/]: Skipping loading recipe supplementaries:inspirations/flag_dye as it's serializer returned null
[24Nov2024 15:07:51.873] [main/INFO] [net.minecraft.world.item.crafting.RecipeManager/]: Skipping loading recipe lightmanscurrency:traders/card_display/biomeswevegone/imbued_green_enchanted/cyan as it's serializer returned null
[24Nov2024 15:07:51.873] [main/INFO] [net.minecraft.world.item.crafting.RecipeManager/]: Skipping loading recipe lightmanscurrency:traders/card_display/biomesoplenty/magic/purple as it's serializer returned null
[24Nov2024 15:07:51.873] [main/INFO] [net.minecraft.world.item.crafting.RecipeManager/]: Skipping loading recipe lightmanscurrency:traders/card_display/biomeswevegone/ironwood/gray as it's serializer returned null
[24Nov2024 15:07:51.873] [main/INFO] [net.minecraft.world.item.crafting.RecipeManager/]: Skipping loading recipe lightmanscurrency:traders/card_display/biomesoplenty/mahogany/gray as it's serializer returned null
[24Nov2024 15:07:51.882] [main/ERROR] [net.minecraft.world.item.crafting.RecipeManager/]: Parsing error loading recipe farmersdelight:bakery/pot_cooking/bone_broth: com.google.gson.JsonSyntaxException: Invalid item: minecraft:air
[24Nov2024 15:07:51.883] [main/INFO] [net.minecraft.world.item.crafting.RecipeManager/]: Skipping loading recipe lightmanscurrency:auction_stand/biomeswevegone/blue_enchanted as it's serializer returned null
[24Nov2024 15:07:51.883] [main/INFO] [net.minecraft.world.item.crafting.RecipeManager/]: Skipping loading recipe lightmanscurrency:traders/card_display/biomeswevegone/skyris/lime as it's serializer returned null
[24Nov2024 15:07:51.883] [main/INFO] [net.minecraft.world.item.crafting.RecipeManager/]: Skipping loading recipe lightmanscurrency:traders/shelf/biomesoplenty/mahogany as it's serializer returned null
[24Nov2024 15:07:51.884] [main/INFO] [net.minecraft.world.item.crafting.RecipeManager/]: Skipping loading recipe lightmanscurrency:traders/card_display/biomeswevegone/willow/black as it's serializer returned null
[24Nov2024 15:07:51.884] [main/WARN] [quark-zeta/]: Non-existent flag dripstone being used
[24Nov2024 15:07:51.884] [main/INFO] [net.minecraft.world.item.crafting.RecipeManager/]: Skipping loading recipe lightmanscurrency:traders/card_display/biomeswevegone/jacaranda/brown as it's serializer returned null
[24Nov2024 15:07:51.884] [main/INFO] [net.minecraft.world.item.crafting.RecipeManager/]: Skipping loading recipe lightmanscurrency:traders/shelf/biomeswevegone/holly as it's serializer returned null
[24Nov2024 15:07:51.892] [main/INFO] [net.minecraft.world.item.crafting.RecipeManager/]: Skipping loading recipe lightmanscurrency:traders/card_display/biomeswevegone/florus/yellow as it's serializer returned null
[24Nov2024 15:07:51.893] [main/INFO] [net.minecraft.world.item.crafting.RecipeManager/]: Skipping loading recipe lightmanscurrency:traders/card_display/biomesoplenty/dead/gray as it's serializer returned null
[24Nov2024 15:07:51.893] [main/INFO] [net.minecraft.world.item.crafting.RecipeManager/]: Skipping loading recipe lightmanscurrency:traders/card_display/biomeswevegone/witch_hazel/magenta as it's serializer returned null
[24Nov2024 15:07:51.893] [main/INFO] [net.minecraft.world.item.crafting.RecipeManager/]: Skipping loading recipe lightmanscurrency:traders/bookshelf/biomeswevegone/redwood as it's serializer returned null
[24Nov2024 15:07:51.901] [main/INFO] [net.minecraft.world.item.crafting.RecipeManager/]: Skipping loading recipe lightmanscurrency:traders/card_display/biomesoplenty/redwood/yellow as it's serializer returned null
[24Nov2024 15:07:51.902] [main/INFO] [net.minecraft.world.item.crafting.RecipeManager/]: Skipping loading recipe lightmanscurrency:traders/card_display/biomeswevegone/skyris/light_blue as it's serializer returned null
[24Nov2024 15:07:51.909] [main/WARN] [quark-zeta/]: Non-existent flag tuff being used
[24Nov2024 15:07:51.910] [main/INFO] [net.minecraft.world.item.crafting.RecipeManager/]: Skipping loading recipe lightmanscurrency:traders/card_display/biomesoplenty/palm/magenta as it's serializer returned null
[24Nov2024 15:07:51.910] [main/INFO] [net.minecraft.world.item.crafting.RecipeManager/]: Skipping loading recipe lightmanscurrency:traders/card_display/biomesoplenty/redwood/white as it's serializer returned null
[24Nov2024 15:07:51.910] [main/INFO] [Spartan Weaponry/]: Empty result tag:"forge:nuggets/constantan" Skipping...
[24Nov2024 15:07:51.910] [main/INFO] [net.minecraft.world.item.crafting.RecipeManager/]: Skipping loading recipe spartanweaponry:constantan_nugget_from_blasting_constantan_weapons as it's serializer returned null
[24Nov2024 15:07:51.911] [main/WARN] [quark-zeta/]: Non-existent flag tuff being used
[24Nov2024 15:07:51.911] [main/WARN] [quark-zeta/]: Non-existent flag dripstone being used
[24Nov2024 15:07:51.919] [main/INFO] [net.minecraft.world.item.crafting.RecipeManager/]: Skipping loading recipe toolbelt:pouch_upgrade_3_via_sewing as it's serializer returned null
[24Nov2024 15:07:51.919] [main/INFO] [net.minecraft.world.item.crafting.RecipeManager/]: Skipping loading recipe lightmanscurrency:traders/card_display/biomesoplenty/fir/pink as it's serializer returned null
[24Nov2024 15:07:51.919] [main/INFO] [net.minecraft.world.item.crafting.RecipeManager/]: Skipping loading recipe lightmanscurrency:traders/card_display/biomeswevegone/florus/black as it's serializer returned null
[24Nov2024 15:07:51.919] [main/WARN] [quark-zeta/]: Non-existent flag andesite being used
[24Nov2024 15:07:51.920] [main/WARN] [com.simibubi.create.Create/]: Your custom createaddition:rolling/iron_ingot recipe (createaddition:rolling/iron_ingot) specified a duration. Durations have no impact on this type of recipe.
[24Nov2024 15:07:51.920] [main/INFO] [net.minecraft.world.item.crafting.RecipeManager/]: Skipping loading recipe lightmanscurrency:traders/shelf2/biomeswevegone/cika as it's serializer returned null
[24Nov2024 15:07:51.921] [main/WARN] [quark-zeta/]: Non-existent flag dripstone being used
[24Nov2024 15:07:51.921] [main/INFO] [net.minecraft.world.item.crafting.RecipeManager/]: Skipping loading recipe lightmanscurrency:traders/card_display/biomesoplenty/jacaranda/purple as it's serializer returned null
[24Nov2024 15:07:51.922] [main/INFO] [net.minecraft.world.item.crafting.RecipeManager/]: Skipping loading recipe lightmanscurrency:traders/shelf/biomeswevegone/cika as it's serializer returned null
[24Nov2024 15:07:51.923] [main/INFO] [net.minecraft.world.item.crafting.RecipeManager/]: Skipping loading recipe lightmanscurrency:auction_stand/biomeswevegone/florus as it's serializer returned null
[24Nov2024 15:07:51.923] [main/INFO] [net.minecraft.world.item.crafting.RecipeManager/]: Skipping loading recipe toolbelt:pouch_upgrade_4_via_sewing as it's serializer returned null
[24Nov2024 15:07:51.923] [main/INFO] [net.minecraft.world.item.crafting.RecipeManager/]: Skipping loading recipe lightmanscurrency:traders/card_display/biomesoplenty/palm/white as it's serializer returned null
[24Nov2024 15:07:51.923] [main/INFO] [net.minecraft.world.item.crafting.RecipeManager/]: Skipping loading recipe lightmanscurrency:traders/card_display/biomesoplenty/palm/green as it's serializer returned null
[24Nov2024 15:07:51.924] [main/ERROR] [net.minecraft.world.item.crafting.RecipeManager/]: Parsing error loading recipe farmersdelight:bakery/pot_cooking/glow_berry_custard: com.google.gson.JsonSyntaxException: Invalid item: minecraft:air
[24Nov2024 15:07:51.924] [main/INFO] [net.minecraft.world.item.crafting.RecipeManager/]: Skipping loading recipe lightmanscurrency:traders/card_display/biomesoplenty/dead/black as it's serializer returned null
[24Nov2024 15:07:51.925] [main/INFO] [net.minecraft.world.item.crafting.RecipeManager/]: Skipping loading recipe lightmanscurrency:traders/card_display/biomesoplenty/dead/light_gray as it's serializer returned null
[24Nov2024 15:07:51.926] [main/INFO] [net.minecraft.world.item.crafting.RecipeManager/]: Skipping loading recipe lightmanscurrency:traders/shelf/biomeswevegone/jacaranda as it's serializer returned null
[24Nov2024 15:07:51.927] [main/WARN] [quark-zeta/]: Non-existent flag granite being used
[24Nov2024 15:07:51.928] [main/INFO] [net.minecraft.world.item.crafting.RecipeManager/]: Skipping loading recipe lightmanscurrency:traders/card_display/biomeswevegone/pine/black as it's serializer returned null
[24Nov2024 15:07:51.928] [main/INFO] [net.minecraft.world.item.crafting.RecipeManager/]: Skipping loading recipe lightmanscurrency:traders/bookshelf/biomesoplenty/jacaranda as it's serializer returned null
[24Nov2024 15:07:51.929] [main/ERROR] [net.minecraft.world.item.crafting.RecipeManager/]: Parsing error loading recipe farmersdelight:bakery/pot_cooking/baked_cod_stew: com.google.gson.JsonSyntaxException: Invalid item: minecraft:air
[24Nov2024 15:07:51.930] [main/INFO] [net.minecraft.world.item.crafting.RecipeManager/]: Skipping loading recipe lightmanscurrency:traders/card_display/biomeswevegone/aspen/blue as it's serializer returned null
[24Nov2024 15:07:51.930] [main/INFO] [net.minecraft.world.item.crafting.RecipeManager/]: Skipping loading recipe lightmanscurrency:traders/card_display/biomesoplenty/umbran/purple as it's serializer returned null
[24Nov2024 15:07:51.930] [main/INFO] [net.minecraft.world.item.crafting.RecipeManager/]: Skipping loading recipe lightmanscurrency:traders/card_display/biomeswevegone/witch_hazel/black as it's serializer returned null
[24Nov2024 15:07:51.930] [main/INFO] [net.minecraft.world.item.crafting.RecipeManager/]: Skipping loading recipe lightmanscurrency:traders/card_display/biomesoplenty/jacaranda/blue as it's serializer returned null
[24Nov2024 15:07:51.931] [main/INFO] [net.minecraft.world.item.crafting.RecipeManager/]: Skipping loading recipe lightmanscurrency:traders/card_display/biomeswevegone/holly/red as it's serializer returned null
[24Nov2024 15:07:51.932] [main/INFO] [net.minecraft.world.item.crafting.RecipeManager/]: Skipping loading recipe lightmanscurrency:traders/card_display/biomeswevegone/willow/light_gray as it's serializer returned null
[24Nov2024 15:07:51.932] [main/INFO] [net.minecraft.world.item.crafting.RecipeManager/]: Skipping loading recipe lightmanscurrency:traders/card_display/biomesoplenty/hellbark/light_blue as it's serializer returned null
[24Nov2024 15:07:51.933] [main/INFO] [net.minecraft.world.item.crafting.RecipeManager/]: Skipping loading recipe lightmanscurrency:traders/card_display/biomeswevegone/mahogany/lime as it's serializer returned null
[24Nov2024 15:07:51.933] [main/INFO] [net.minecraft.world.item.crafting.RecipeManager/]: Skipping loading recipe lightmanscurrency:traders/card_display/biomesoplenty/fir/black as it's serializer returned null
[24Nov2024 15:07:51.933] [main/WARN] [quark-zeta/]: Non-existent flag calcite being used
[24Nov2024 15:07:51.934] [main/INFO] [net.minecraft.world.item.crafting.RecipeManager/]: Skipping loading recipe toolbelt:pouch_upgrade_7_via_sewing as it's serializer returned null
[24Nov2024 15:07:51.942] [main/INFO] [net.minecraft.world.item.crafting.RecipeManager/]: Skipping loading recipe lightmanscurrency:traders/shelf/biomeswevegone/blue_enchanted as it's serializer returned null
[24Nov2024 15:07:51.942] [main/WARN] [quark-zeta/]: Non-existent flag diorite being used
[24Nov2024 15:07:51.942] [main/INFO] [net.minecraft.world.item.crafting.RecipeManager/]: Skipping loading recipe lightmanscurrency:traders/card_display/biomeswevegone/mahogany/orange as it's serializer returned null
[24Nov2024 15:07:51.943] [main/INFO] [net.minecraft.world.item.crafting.RecipeManager/]: Skipping loading recipe lightmanscurrency:traders/card_display/biomeswevegone/maple/pink as it's serializer returned null
[24Nov2024 15:07:51.943] [main/INFO] [net.minecraft.world.item.crafting.RecipeManager/]: Skipping loading recipe lightmanscurrency:traders/bookshelf/biomeswevegone/zelkova as it's serializer returned null
[24Nov2024 15:07:51.943] [main/INFO] [net.minecraft.world.item.crafting.RecipeManager/]: Skipping loading recipe lightmanscurrency:auction_stand/cherry as it's serializer returned null
[24Nov2024 15:07:51.943] [main/WARN] [com.simibubi.create.Create/]: Your custom createaddition:rolling/gold_ingot recipe (createaddition:rolling/gold_ingot) specified a duration. Durations have no impact on this type of recipe.
[24Nov2024 15:07:51.944] [main/INFO] [net.minecraft.world.item.crafting.RecipeManager/]: Skipping loading recipe lightmanscurrency:traders/card_display/biomesoplenty/magic/lime as it's serializer returned null
[24Nov2024 15:07:51.945] [main/INFO] [net.minecraft.world.item.crafting.RecipeManager/]: Skipping loading recipe lightmanscurrency:traders/card_display/biomesoplenty/redwood/light_blue as it's serializer returned null
[24Nov2024 15:07:51.945] [main/INFO] [net.minecraft.world.item.crafting.RecipeManager/]: Skipping loading recipe lightmanscurrency:traders/card_display/biomeswevegone/palm/cyan as it's serializer returned null
[24Nov2024 15:07:51.945] [main/INFO] [net.minecraft.world.item.crafting.RecipeManager/]: Skipping loading recipe lightmanscurrency:traders/shelf2/biomeswevegone/baobab as it's serializer returned null
[24Nov2024 15:07:51.946] [main/INFO] [net.minecraft.world.item.crafting.RecipeManager/]: Skipping loading recipe lightmanscurrency:traders/card_display/biomesoplenty/willow/purple as it's serializer returned null
[24Nov2024 15:07:51.953] [main/INFO] [net.minecraft.world.item.crafting.RecipeManager/]: Skipping loading recipe lightmanscurrency:traders/card_display/biomeswevegone/jacaranda/black as it's serializer returned null
[24Nov2024 15:07:51.961] [main/INFO] [net.minecraft.world.item.crafting.RecipeManager/]: Skipping loading recipe lightmanscurrency:traders/card_display/biomeswevegone/rainbow_eucalyptus/cyan as it's serializer returned null
[24Nov2024 15:07:51.961] [main/INFO] [net.minecraft.world.item.crafting.RecipeManager/]: Skipping loading recipe lightmanscurrency:traders/shelf/biomeswevegone/cypress as it's serializer returned null
[24Nov2024 15:07:51.961] [main/INFO] [net.minecraft.world.item.crafting.RecipeManager/]: Skipping loading recipe lightmanscurrency:traders/card_display/biomeswevegone/zelkova/green as it's serializer returned null
[24Nov2024 15:07:51.962] [main/INFO] [Spartan Weaponry/]: Empty result tag:"forge:nuggets/aluminum" Skipping...
[24Nov2024 15:07:51.962] [main/INFO] [net.minecraft.world.item.crafting.RecipeManager/]: Skipping loading recipe spartanweaponry:aluminum_nugget_from_smelting_aluminum_weapons as it's serializer returned null
[24Nov2024 15:07:51.962] [main/INFO] [net.minecraft.world.item.crafting.RecipeManager/]: Skipping loading recipe lightmanscurrency:traders/card_display/biomeswevegone/zelkova/white as it's serializer returned null
[24Nov2024 15:07:51.962] [main/WARN] [quark-zeta/]: Non-existent flag diorite being used
[24Nov2024 15:07:51.962] [main/INFO] [net.minecraft.world.item.crafting.RecipeManager/]: Skipping loading recipe lightmanscurrency:traders/card_display/biomeswevegone/green_enchanted/lime as it's serializer returned null
[24Nov2024 15:07:51.963] [main/INFO] [net.minecraft.world.item.crafting.RecipeManager/]: Skipping loading recipe lightmanscurrency:traders/shelf/biomesoplenty/umbran as it's serializer returned null
[24Nov2024 15:07:51.963] [main/INFO] [net.minecraft.world.item.crafting.RecipeManager/]: Skipping loading recipe lightmanscurrency:traders/card_display/biomeswevegone/fir/red as it's serializer returned null
[24Nov2024 15:07:51.964] [main/INFO] [net.minecraft.world.item.crafting.RecipeManager/]: Skipping loading recipe lightmanscurrency:auction_stand/biomeswevegone/ebony as it's serializer returned null
[24Nov2024 15:07:51.964] [main/INFO] [net.minecraft.world.item.crafting.RecipeManager/]: Skipping loading recipe lightmanscurrency:traders/card_display/biomeswevegone/palo_verde/orange as it's serializer returned null
[24Nov2024 15:07:51.964] [main/INFO] [net.minecraft.world.item.crafting.RecipeManager/]: Skipping loading recipe lightmanscurrency:traders/bookshelf/biomesoplenty/umbran as it's serializer returned null
[24Nov2024 15:07:51.964] [main/INFO] [net.minecraft.world.item.crafting.RecipeManager/]: Skipping loading recipe lightmanscurrency:traders/card_display/biomesoplenty/palm/gray as it's serializer returned null
[24Nov2024 15:07:51.965] [main/WARN] [quark-zeta/]: Non-existent flag tuff being used
[24Nov2024 15:07:51.965] [main/INFO] [net.minecraft.world.item.crafting.RecipeManager/]: Skipping loading recipe lightmanscurrency:traders/card_display/biomeswevegone/palo_verde/blue as it's serializer returned null
[24Nov2024 15:07:51.965] [main/WARN] [quark-zeta/]: Non-existent flag tuff being used
[24Nov2024 15:07:51.966] [main/INFO] [net.minecraft.world.item.crafting.RecipeManager/]: Skipping loading recipe lightmanscurrency:traders/card_display/biomesoplenty/willow/light_gray as it's serializer returned null
[24Nov2024 15:07:51.966] [main/INFO] [net.minecraft.world.item.crafting.RecipeManager/]: Skipping loading recipe lightmanscurrency:traders/card_display/biomesoplenty/magic/black as it's serializer returned null
[24Nov2024 15:07:51.966] [main/WARN] [quark-zeta/]: Non-existent flag tuff being used
[24Nov2024 15:07:51.966] [main/INFO] [net.minecraft.world.item.crafting.RecipeManager/]: Skipping loading recipe lightmanscurrency:auction_stand/biomeswevegone/jacaranda as it's serializer returned null
[24Nov2024 15:07:51.982] [main/INFO] [net.minecraft.world.item.crafting.RecipeManager/]: Skipping loading recipe create_connected:crafting/palettes/copycat_slab_compat as it's serializer returned null
[24Nov2024 15:07:51.983] [main/INFO] [net.minecraft.world.item.crafting.RecipeManager/]: Skipping loading recipe lightmanscurrency:traders/card_display/biomeswevegone/redwood/light_blue as it's serializer returned null
[24Nov2024 15:07:51.983] [main/WARN] [quark-zeta/]: Non-existent flag calcite being used
[24Nov2024 15:07:51.984] [main/INFO] [net.minecraft.world.item.crafting.RecipeManager/]: Skipping loading recipe lightmanscurrency:traders/bookshelf/biomeswevegone/ironwood as it's serializer returned null
[24Nov2024 15:07:51.986] [main/INFO] [net.minecraft.world.item.crafting.RecipeManager/]: Skipping loading recipe lightmanscurrency:traders/card_display/biomeswevegone/palm/light_gray as it's serializer returned null
[24Nov2024 15:07:51.986] [main/ERROR] [net.minecraft.world.item.crafting.RecipeManager/]: Parsing error loading recipe yuushya:painter_gift_box: com.google.gson.JsonSyntaxException: Unknown item 'yuushya:the_encyclopedia'
[24Nov2024 15:07:51.986] [main/INFO] [net.minecraft.world.item.crafting.RecipeManager/]: Skipping loading recipe lightmanscurrency:traders/card_display/biomeswevegone/cypress/pink as it's serializer returned null
[24Nov2024 15:07:51.987] [main/INFO] [net.minecraft.world.item.crafting.RecipeManager/]: Skipping loading recipe lightmanscurrency:traders/card_display/biomeswevegone/pine/light_gray as it's serializer returned null
[24Nov2024 15:07:51.988] [main/INFO] [net.minecraft.world.item.crafting.RecipeManager/]: Skipping loading recipe lightmanscurrency:traders/card_display/biomesoplenty/umbran/blue as it's serializer returned null
[24Nov2024 15:07:51.996] [main/INFO] [net.minecraft.world.item.crafting.RecipeManager/]: Skipping loading recipe lightmanscurrency:traders/card_display/biomeswevegone/pine/orange as it's serializer returned null
[24Nov2024 15:07:51.996] [main/WARN] [quark-zeta/]: Non-existent flag calcite being used
[24Nov2024 15:07:51.997] [main/ERROR] [net.minecraft.world.item.crafting.RecipeManager/]: Parsing error loading recipe farmersdelight:bakery/pot_cooking/cabbage_rolls: com.google.gson.JsonSyntaxException: Invalid item: minecraft:air
[24Nov2024 15:07:51.997] [main/INFO] [net.minecraft.world.item.crafting.RecipeManager/]: Skipping loading recipe lightmanscurrency:traders/card_display/biomeswevegone/witch_hazel/lime as it's serializer returned null
[24Nov2024 15:07:51.997] [main/INFO] [net.minecraft.world.item.crafting.RecipeManager/]: Skipping loading recipe lightmanscurrency:traders/card_display/biomeswevegone/blue_enchanted/yellow as it's serializer returned null
[24Nov2024 15:07:51.997] [main/INFO] [net.minecraft.world.item.crafting.RecipeManager/]: Skipping loading recipe lightmanscurrency:traders/card_display/biomeswevegone/baobab/purple as it's serializer returned null
[24Nov2024 15:07:51.997] [main/INFO] [net.minecraft.world.item.crafting.RecipeManager/]: Skipping loading recipe lightmanscurrency:traders/card_display/biomeswevegone/mahogany/magenta as it's serializer returned null
[24Nov2024 15:07:52.005] [main/INFO] [net.minecraft.world.item.crafting.RecipeManager/]: Skipping loading recipe lightmanscurrency:traders/card_display/biomeswevegone/palo_verde/red as it's serializer returned null
[24Nov2024 15:07:52.006] [main/INFO] [net.minecraft.world.item.crafting.RecipeManager/]: Skipping loading recipe lightmanscurrency:traders/card_display/biomesoplenty/willow/cyan as it's serializer returned null
[24Nov2024 15:07:52.006] [main/INFO] [net.minecraft.world.item.crafting.RecipeManager/]: Skipping loading recipe lightmanscurrency:traders/card_display/biomeswevegone/ebony/magenta as it's serializer returned null
[24Nov2024 15:07:52.007] [main/INFO] [net.minecraft.world.item.crafting.RecipeManager/]: Skipping loading recipe lightmanscurrency:traders/card_display/biomeswevegone/florus/brown as it's serializer returned null
[24Nov2024 15:07:52.007] [main/INFO] [net.minecraft.world.item.crafting.RecipeManager/]: Skipping loading recipe lightmanscurrency:traders/card_display/biomeswevegone/imbued_green_enchanted/orange as it's serializer returned null
[24Nov2024 15:07:52.007] [main/INFO] [net.minecraft.world.item.crafting.RecipeManager/]: Skipping loading recipe lightmanscurrency:traders/bookshelf/biomeswevegone/maple as it's serializer returned null
[24Nov2024 15:07:52.007] [main/INFO] [net.minecraft.world.item.crafting.RecipeManager/]: Skipping loading recipe lightmanscurrency:traders/card_display/biomesoplenty/palm/yellow as it's serializer returned null
[24Nov2024 15:07:52.015] [main/INFO] [net.minecraft.world.item.crafting.RecipeManager/]: Skipping loading recipe lightmanscurrency:traders/card_display/biomesoplenty/fir/gray as it's serializer returned null
[24Nov2024 15:07:52.015] [main/INFO] [net.minecraft.world.item.crafting.RecipeManager/]: Skipping loading recipe lightmanscurrency:traders/card_display/biomeswevegone/redwood/blue as it's serializer returned null
[24Nov2024 15:07:52.015] [main/INFO] [net.minecraft.world.item.crafting.RecipeManager/]: Skipping loading recipe lightmanscurrency:traders/card_display/biomesoplenty/umbran/black as it's serializer returned null
[24Nov2024 15:07:52.015] [main/INFO] [net.minecraft.world.item.crafting.RecipeManager/]: Skipping loading recipe lightmanscurrency:traders/card_display/biomeswevegone/imbued_green_enchanted/black as it's serializer returned null
[24Nov2024 15:07:52.016] [main/ERROR] [net.minecraft.world.item.crafting.RecipeManager/]: Parsing error loading recipe farmersdelight:bakery/pot_cooking/ratatouille: com.google.gson.JsonSyntaxException: Invalid item: minecraft:air
[24Nov2024 15:07:52.016] [main/INFO] [net.minecraft.world.item.crafting.RecipeManager/]: Skipping loading recipe lightmanscurrency:traders/card_display/biomesoplenty/umbran/magenta as it's serializer returned null
[24Nov2024 15:07:52.016] [main/INFO] [net.minecraft.world.item.crafting.RecipeManager/]: Skipping loading recipe lightmanscurrency:traders/card_display/biomeswevegone/ironwood/purple as it's serializer returned null
[24Nov2024 15:07:52.016] [main/INFO] [net.minecraft.world.item.crafting.RecipeManager/]: Skipping loading recipe lightmanscurrency:traders/card_display/biomeswevegone/skyris/cyan as it's serializer returned null
[24Nov2024 15:07:52.017] [main/INFO] [net.minecraft.world.item.crafting.RecipeManager/]: Skipping loading recipe lightmanscurrency:traders/card_display/biomesoplenty/fir/brown as it's serializer returned null
[24Nov2024 15:07:52.017] [main/INFO] [net.minecraft.world.item.crafting.RecipeManager/]: Skipping loading recipe lightmanscurrency:traders/card_display/biomesoplenty/hellbark/brown as it's serializer returned null
[24Nov2024 15:07:52.017] [main/WARN] [quark-zeta/]: Non-existent flag dripstone being used
[24Nov2024 15:07:52.018] [main/INFO] [net.minecraft.world.item.crafting.RecipeManager/]: Skipping loading recipe lightmanscurrency:traders/shelf/biomesoplenty/willow as it's serializer returned null
[24Nov2024 15:07:52.018] [main/INFO] [net.minecraft.world.item.crafting.RecipeManager/]: Skipping loading recipe lightmanscurrency:traders/card_display/biomeswevegone/baobab/brown as it's serializer returned null
[24Nov2024 15:07:52.018] [main/INFO] [net.minecraft.world.item.crafting.RecipeManager/]: Skipping loading recipe lightmanscurrency:traders/shelf2/biomeswevegone/pine as it's serializer returned null
[24Nov2024 15:07:52.018] [main/INFO] [net.minecraft.world.item.crafting.RecipeManager/]: Skipping loading recipe lightmanscurrency:traders/card_display/biomeswevegone/aspen/black as it's serializer returned null
[24Nov2024 15:07:52.018] [main/WARN] [quark-zeta/]: Non-existent flag tuff being used
[24Nov2024 15:07:52.018] [main/WARN] [quark-zeta/]: Non-existent flag tuff being used
[24Nov2024 15:07:52.019] [main/INFO] [net.minecraft.world.item.crafting.RecipeManager/]: Skipping loading recipe lightmanscurrency:traders/shelf2/biomesoplenty/fir as it's serializer returned null
[24Nov2024 15:07:52.019] [main/INFO] [net.minecraft.world.item.crafting.RecipeManager/]: Skipping loading recipe lightmanscurrency:traders/card_display/biomesoplenty/dead/red as it's serializer returned null
[24Nov2024 15:07:52.019] [main/INFO] [net.minecraft.world.item.crafting.RecipeManager/]: Skipping loading recipe lightmanscurrency:traders/card_display/biomeswevegone/fir/blue as it's serializer returned null
[24Nov2024 15:07:52.027] [main/INFO] [net.minecraft.world.item.crafting.RecipeManager/]: Skipping loading recipe lightmanscurrency:traders/card_display/biomeswevegone/willow/purple as it's serializer returned null
[24Nov2024 15:07:52.036] [main/WARN] [quark-zeta/]: Non-existent flag calcite being used
[24Nov2024 15:07:52.036] [main/INFO] [net.minecraft.world.item.crafting.RecipeManager/]: Skipping loading recipe lightmanscurrency:traders/card_display/biomesoplenty/dead/yellow as it's serializer returned null
[24Nov2024 15:07:52.036] [main/INFO] [net.minecraft.world.item.crafting.RecipeManager/]: Skipping loading recipe lightmanscurrency:traders/bookshelf/biomeswevegone/florus as it's serializer returned null
[24Nov2024 15:07:52.037] [main/INFO] [net.minecraft.world.item.crafting.RecipeManager/]: Skipping loading recipe lightmanscurrency:traders/shelf2/biomeswevegone/skyris as it's serializer returned null
[24Nov2024 15:07:52.037] [main/INFO] [net.minecraft.world.item.crafting.RecipeManager/]: Skipping loading recipe lightmanscurrency:traders/card_display/biomesoplenty/jacaranda/brown as it's serializer returned null
[24Nov2024 15:07:52.037] [main/WARN] [quark-zeta/]: Non-existent flag calcite being used
[24Nov2024 15:07:52.038] [main/INFO] [net.minecraft.world.item.crafting.RecipeManager/]: Skipping loading recipe lightmanscurrency:traders/card_display/biomeswevegone/imbued_blue_enchanted/brown as it's serializer returned null
[24Nov2024 15:07:52.038] [main/INFO] [net.minecraft.world.item.crafting.RecipeManager/]: Skipping loading recipe lightmanscurrency:traders/bookshelf/biomesoplenty/willow as it's serializer returned null
[24Nov2024 15:07:52.039] [main/INFO] [net.minecraft.world.item.crafting.RecipeManager/]: Skipping loading recipe lightmanscurrency:auction_stand/biomeswevegone/imbued_green_enchanted as it's serializer returned null
[24Nov2024 15:07:52.039] [main/INFO] [net.minecraft.world.item.crafting.RecipeManager/]: Skipping loading recipe lightmanscurrency:traders/card_display/biomeswevegone/palo_verde/brown as it's serializer returned null
[24Nov2024 15:07:52.047] [main/INFO] [net.minecraft.world.item.crafting.RecipeManager/]: Skipping loading recipe lightmanscurrency:traders/card_display/biomeswevegone/holly/magenta as it's serializer returned null
[24Nov2024 15:07:52.047] [main/WARN] [quark-zeta/]: Non-existent flag calcite being used
[24Nov2024 15:07:52.047] [main/INFO] [net.minecraft.world.item.crafting.RecipeManager/]: Skipping loading recipe lightmanscurrency:traders/card_display/biomesoplenty/magic/orange as it's serializer returned null
[24Nov2024 15:07:52.048] [main/INFO] [net.minecraft.world.item.crafting.RecipeManager/]: Skipping loading recipe lightmanscurrency:traders/card_display/biomesoplenty/fir/light_blue as it's serializer returned null
[24Nov2024 15:07:52.048] [main/INFO] [net.minecraft.world.item.crafting.RecipeManager/]: Skipping loading recipe lightmanscurrency:traders/card_display/biomesoplenty/umbran/brown as it's serializer returned null
[24Nov2024 15:07:52.048] [main/INFO] [net.minecraft.world.item.crafting.RecipeManager/]: Skipping loading recipe lightmanscurrency:traders/card_display/biomeswevegone/zelkova/light_gray as it's serializer returned null
[24Nov2024 15:07:52.049] [main/INFO] [net.minecraft.world.item.crafting.RecipeManager/]: Skipping loading recipe lightmanscurrency:traders/card_display/biomesoplenty/magic/brown as it's serializer returned null
[24Nov2024 15:07:52.050] [main/INFO] [net.minecraft.world.item.crafting.RecipeManager/]: Skipping loading recipe lightmanscurrency:traders/shelf/biomeswevegone/rainbow_eucalyptus as it's serializer returned null
[24Nov2024 15:07:52.050] [main/INFO] [net.minecraft.world.item.crafting.RecipeManager/]: Skipping loading recipe lightmanscurrency:traders/card_display/biomeswevegone/imbued_blue_enchanted/orange as it's serializer returned null
[24Nov2024 15:07:52.051] [main/WARN] [quark-zeta/]: Non-existent flag andesite being used
[24Nov2024 15:07:52.051] [main/INFO] [net.minecraft.world.item.crafting.RecipeManager/]: Skipping loading recipe lightmanscurrency:traders/card_display/biomeswevegone/redwood/black as it's serializer returned null
[24Nov2024 15:07:52.051] [main/INFO] [net.minecraft.world.item.crafting.RecipeManager/]: Skipping loading recipe lightmanscurrency:traders/card_display/biomesoplenty/mahogany/orange as it's serializer returned null
[24Nov2024 15:07:52.051] [main/INFO] [net.minecraft.world.item.crafting.RecipeManager/]: Skipping loading recipe lightmanscurrency:traders/card_display/biomesoplenty/dead/lime as it's serializer returned null
[24Nov2024 15:07:52.052] [main/WARN] [com.simibubi.create.Create/]: Your custom createaddition:rolling/copper_plate recipe (createaddition:rolling/copper_plate) specified a duration. Durations have no impact on this type of recipe.
[24Nov2024 15:07:52.052] [main/INFO] [net.minecraft.world.item.crafting.RecipeManager/]: Skipping loading recipe lightmanscurrency:traders/card_display/biomeswevegone/florus/magenta as it's serializer returned null
[24Nov2024 15:07:52.052] [main/INFO] [net.minecraft.world.item.crafting.RecipeManager/]: Skipping loading recipe lightmanscurrency:traders/bookshelf/biomeswevegone/aspen as it's serializer returned null
[24Nov2024 15:07:52.052] [main/INFO] [net.minecraft.world.item.crafting.RecipeManager/]: Skipping loading recipe lightmanscurrency:traders/card_display/biomesoplenty/redwood/black as it's serializer returned null
[24Nov2024 15:07:52.052] [main/INFO] [net.minecraft.world.item.crafting.RecipeManager/]: Skipping loading recipe lightmanscurrency:auction_stand/bamboo as it's serializer returned null
[24Nov2024 15:07:52.053] [main/INFO] [net.minecraft.world.item.crafting.RecipeManager/]: Skipping loading recipe lightmanscurrency:traders/card_display/biomeswevegone/willow/white as it's serializer returned null
[24Nov2024 15:07:52.053] [main/INFO] [net.minecraft.world.item.crafting.RecipeManager/]: Skipping loading recipe lightmanscurrency:traders/card_display/biomeswevegone/ebony/blue as it's serializer returned null
[24Nov2024 15:07:52.054] [main/INFO] [net.minecraft.world.item.crafting.RecipeManager/]: Skipping loading recipe create_connected:crafting/palettes/copycat_beam_compat as it's serializer returned null
[24Nov2024 15:07:52.054] [main/INFO] [net.minecraft.world.item.crafting.RecipeManager/]: Skipping loading recipe lightmanscurrency:traders/card_display/biomeswevegone/cika/blue as it's serializer returned null
[24Nov2024 15:07:52.054] [main/INFO] [net.minecraft.world.item.crafting.RecipeManager/]: Skipping loading recipe lightmanscurrency:traders/card_display/biomesoplenty/umbran/orange as it's serializer returned null
[24Nov2024 15:07:52.055] [main/WARN] [quark-zeta/]: Non-existent flag dripstone being used
[24Nov2024 15:07:52.055] [main/INFO] [net.minecraft.world.item.crafting.RecipeManager/]: Skipping loading recipe lightmanscurrency:traders/card_display/biomeswevegone/maple/red as it's serializer returned null
[24Nov2024 15:07:52.056] [main/INFO] [net.minecraft.world.item.crafting.RecipeManager/]: Skipping loading recipe lightmanscurrency:traders/card_display/biomeswevegone/florus/red as it's serializer returned null
[24Nov2024 15:07:52.056] [main/ERROR] [net.minecraft.world.item.crafting.RecipeManager/]: Parsing error loading recipe bakery:farmersdelight/cooking/chocolate_truffle: com.google.gson.JsonSyntaxException: Invalid or unsupported recipe type 'farmersdelight:pot_cooking'
[24Nov2024 15:07:52.063] [main/INFO] [net.minecraft.world.item.crafting.RecipeManager/]: Skipping loading recipe lightmanscurrency:traders/shelf/biomeswevegone/maple as it's serializer returned null
[24Nov2024 15:07:52.063] [main/INFO] [net.minecraft.world.item.crafting.RecipeManager/]: Skipping loading recipe lightmanscurrency:traders/card_display/biomeswevegone/imbued_green_enchanted/red as it's serializer returned null
[24Nov2024 15:07:52.063] [main/WARN] [quark-zeta/]: Non-existent flag dripstone being used
[24Nov2024 15:07:52.064] [main/INFO] [net.minecraft.world.item.crafting.RecipeManager/]: Skipping loading recipe lightmanscurrency:traders/shelf2/biomeswevegone/jacaranda as it's serializer returned null
[24Nov2024 15:07:52.064] [main/INFO] [net.minecraft.world.item.crafting.RecipeManager/]: Skipping loading recipe lightmanscurrency:traders/card_display/biomeswevegone/imbued_blue_enchanted/light_blue as it's serializer returned null
[24Nov2024 15:07:52.064] [main/INFO] [net.minecraft.world.item.crafting.RecipeManager/]: Skipping loading recipe lightmanscurrency:traders/bookshelf/biomeswevegone/witch_hazel as it's serializer returned null
[24Nov2024 15:07:52.065] [main/INFO] [net.minecraft.world.item.crafting.RecipeManager/]: Skipping loading recipe lightmanscurrency:auction_stand/quark/azalea as it's serializer returned null
[24Nov2024 15:07:52.065] [main/INFO] [net.minecraft.world.item.crafting.RecipeManager/]: Skipping loading recipe lightmanscurrency:auction_stand/biomeswevegone/imbued_blue_enchanted as it's serializer returned null
[24Nov2024 15:07:52.065] [main/INFO] [net.minecraft.world.item.crafting.RecipeManager/]: Skipping loading recipe lightmanscurrency:traders/card_display/biomesoplenty/magic/cyan as it's serializer returned null
[24Nov2024 15:07:52.065] [main/INFO] [net.minecraft.world.item.crafting.RecipeManager/]: Skipping loading recipe lightmanscurrency:traders/card_display/biomesoplenty/hellbark/black as it's serializer returned null
[24Nov2024 15:07:52.066] [main/INFO] [net.minecraft.world.item.crafting.RecipeManager/]: Skipping loading recipe lightmanscurrency:traders/card_display/biomesoplenty/mahogany/magenta as it's serializer returned null
[24Nov2024 15:07:52.066] [main/INFO] [net.minecraft.world.item.crafting.RecipeManager/]: Skipping loading recipe lightmanscurrency:auction_stand/biomesoplenty/jacaranda as it's serializer returned null
[24Nov2024 15:07:52.067] [main/INFO] [net.minecraft.world.item.crafting.RecipeManager/]: Skipping loading recipe lightmanscurrency:traders/card_display/biomeswevegone/sakura/lime as it's serializer returned null
[24Nov2024 15:07:52.067] [main/INFO] [Spartan Weaponry/]: Empty result tag:"forge:nuggets/nickel" Skipping...
[24Nov2024 15:07:52.067] [main/INFO] [net.minecraft.world.item.crafting.RecipeManager/]: Skipping loading recipe spartanweaponry:nickel_nugget_from_blasting_nickel_weapons as it's serializer returned null
[24Nov2024 15:07:52.068] [main/WARN] [quark-zeta/]: Non-existent flag dripstone being used
[24Nov2024 15:07:52.068] [main/WARN] [quark-zeta/]: Non-existent flag dripstone being used
[24Nov2024 15:07:52.068] [main/WARN] [quark-zeta/]: Non-existent flag calcite being used
[24Nov2024 15:07:52.069] [main/WARN] [quark-zeta/]: Non-existent flag dripstone being used
[24Nov2024 15:07:52.069] [main/INFO] [net.minecraft.world.item.crafting.RecipeManager/]: Skipping loading recipe lightmanscurrency:traders/card_display/biomeswevegone/blue_enchanted/blue as it's serializer returned null
[24Nov2024 15:07:52.070] [main/INFO] [net.minecraft.world.item.crafting.RecipeManager/]: Skipping loading recipe lightmanscurrency:traders/card_display/biomeswevegone/aspen/brown as it's serializer returned null
[24Nov2024 15:07:52.070] [main/WARN] [quark-zeta/]: Non-existent flag calcite being used
[24Nov2024 15:07:52.070] [main/INFO] [net.minecraft.world.item.crafting.RecipeManager/]: Skipping loading recipe lightmanscurrency:traders/card_display/biomeswevegone/green_enchanted/gray as it's serializer returned null
[24Nov2024 15:07:52.071] [main/INFO] [net.minecraft.world.item.crafting.RecipeManager/]: Skipping loading recipe lightmanscurrency:traders/card_display/biomeswevegone/imbued_blue_enchanted/black as it's serializer returned null
[24Nov2024 15:07:52.071] [main/INFO] [net.minecraft.world.item.crafting.RecipeManager/]: Skipping loading recipe lightmanscurrency:traders/card_display/biomeswevegone/witch_hazel/light_gray as it's serializer returned null
[24Nov2024 15:07:52.072] [main/INFO] [net.minecraft.world.item.crafting.RecipeManager/]: Skipping loading recipe lightmanscurrency:auction_stand/biomesoplenty/dead as it's serializer returned null
[24Nov2024 15:07:52.073] [main/INFO] [net.minecraft.world.item.crafting.RecipeManager/]: Skipping loading recipe lightmanscurrency:traders/card_display/biomesoplenty/jacaranda/black as it's serializer returned null
[24Nov2024 15:07:52.073] [main/INFO] [net.minecraft.world.item.crafting.RecipeManager/]: Skipping loading recipe lightmanscurrency:traders/bookshelf/biomesoplenty/hellbark as it's serializer returned null
[24Nov2024 15:07:52.074] [main/ERROR] [net.minecraft.world.item.crafting.RecipeManager/]: Parsing error loading recipe farmersdelight:bakery/pot_cooking/mushroom_rice: com.google.gson.JsonSyntaxException: Invalid item: minecraft:air
[24Nov2024 15:07:52.074] [main/INFO] [net.minecraft.world.item.crafting.RecipeManager/]: Skipping loading recipe lightmanscurrency:traders/card_display/biomeswevegone/palo_verde/black as it's serializer returned null
[24Nov2024 15:07:52.074] [main/INFO] [net.minecraft.world.item.crafting.RecipeManager/]: Skipping loading recipe lightmanscurrency:traders/card_display/biomeswevegone/blue_enchanted/red as it's serializer returned null
[24Nov2024 15:07:52.075] [main/INFO] [net.minecraft.world.item.crafting.RecipeManager/]: Skipping loading recipe lightmanscurrency:traders/bookshelf/biomeswevegone/white_mangrove as it's serializer returned null
[24Nov2024 15:07:52.075] [main/INFO] [net.minecraft.world.item.crafting.RecipeManager/]: Skipping loading recipe lightmanscurrency:traders/card_display/biomeswevegone/blue_enchanted/light_gray as it's serializer returned null
[24Nov2024 15:07:52.075] [main/INFO] [net.minecraft.world.item.crafting.RecipeManager/]: Skipping loading recipe lightmanscurrency:traders/card_display/biomesoplenty/willow/orange as it's serializer returned null
[24Nov2024 15:07:52.075] [main/INFO] [net.minecraft.world.item.crafting.RecipeManager/]: Skipping loading recipe lightmanscurrency:traders/shelf/biomeswevegone/florus as it's serializer returned null
[24Nov2024 15:07:52.075] [main/WARN] [quark-zeta/]: Non-existent flag dripstone being used
[24Nov2024 15:07:52.083] [main/INFO] [net.minecraft.world.item.crafting.RecipeManager/]: Skipping loading recipe lightmanscurrency:traders/card_display/biomeswevegone/jacaranda/blue as it's serializer returned null
[24Nov2024 15:07:52.091] [main/INFO] [net.minecraft.world.item.crafting.RecipeManager/]: Loaded 64 recipes
[24Nov2024 15:07:52.095] [main/INFO] [com.teamabnormals.blueprint.core.Blueprint/]: Advancement Modification Manager has loaded 12 modifier groups
[24Nov2024 15:07:52.096] [main/WARN] [Fabric Resource Conditions/]: Skipping object {"fabric:load_conditions":[{"condition":"simpleradio:items_enabled","values":["receiving_module"]}],"parent":"minecraft:recipes/root","criteria":{"has_copper_ingot":{"conditions":{"items":[{"items":["minecraft:copper_ingot"]}]},"trigger":"minecraft:inventory_changed"},"has_redstone":{"conditions":{"items":[{"items":["minecraft:redstone"]}]},"trigger":"minecraft:inventory_changed"},"has_the_recipe":{"conditions":{"recipe":"simpleradio:receiving_module"},"trigger":"minecraft:recipe_unlocked"}},"requirements":[["has_the_recipe","has_copper_ingot","has_redstone"]],"rewards":{"recipes":["simpleradio:receiving_module"]},"sends_telemetry_event":false}. Failed to parse resource conditions
com.google.gson.JsonParseException: Unknown recipe condition: simpleradio:items_enabled
	at net.fabricmc.fabric.api.resource.conditions.v1.ResourceConditions.conditionMatches(ResourceConditions.java:169) ~[fabric-resource-conditions-api-v1-2.3.8+9ad825cd77.jar%23938!/:2.3.8+9ad825cd77]
	at net.fabricmc.fabric.api.resource.conditions.v1.ResourceConditions.conditionsMatch(ResourceConditions.java:148) ~[fabric-resource-conditions-api-v1-2.3.8+9ad825cd77.jar%23938!/:2.3.8+9ad825cd77]
	at net.fabricmc.fabric.api.resource.conditions.v1.ResourceConditions.objectMatchesConditions(ResourceConditions.java:131) ~[fabric-resource-conditions-api-v1-2.3.8+9ad825cd77.jar%23938!/:2.3.8+9ad825cd77]
	at net.minecraft.server.packs.resources.SimpleJsonResourceReloadListener.fabric_applyResourceConditions(SimpleJsonResourceReloadListener.java:561) ~[server-1.20.1-20230612.114412-srg.jar%23699!/:?]
	at net.minecraft.server.packs.resources.SimplePreparableReloadListener.handler$baj000$fabric_resource_conditions_api_v1$applyResourceConditions(SimplePreparableReloadListener.java:537) ~[server-1.20.1-20230612.114412-srg.jar%23699!/:?]
	at net.minecraft.server.packs.resources.SimplePreparableReloadListener.m_10789_(SimplePreparableReloadListener.java) ~[server-1.20.1-20230612.114412-srg.jar%23699!/:?]
	at java.util.concurrent.CompletableFuture$UniAccept.tryFire(CompletableFuture.java:718) ~[?:?]
	at java.util.concurrent.CompletableFuture$Completion.run(CompletableFuture.java:482) ~[?:?]
	at net.minecraft.server.packs.resources.SimpleReloadInstance.m_143940_(SimpleReloadInstance.java:69) ~[server-1.20.1-20230612.114412-srg.jar%23699!/:?]
	at net.minecraft.Util.m_214652_(Util.java:783) ~[server-1.20.1-20230612.114412-srg.jar%23699!/:?]
	at net.minecraft.Util.m_214679_(Util.java:772) ~[server-1.20.1-20230612.114412-srg.jar%23699!/:?]
	at net.minecraft.server.Main.main(Main.java:166) ~[server-1.20.1-20230612.114412-srg.jar%23699!/:?]
	at jdk.internal.reflect.DirectMethodHandleAccessor.invoke(DirectMethodHandleAccessor.java:103) ~[?:?]
	at java.lang.reflect.Method.invoke(Method.java:580) ~[?:?]
	at net.minecraftforge.fml.loading.targets.CommonLaunchHandler.runTarget(CommonLaunchHandler.java:111) ~[fmlloader-1.20.1-47.2.0.jar%2369!/:?]
	at net.minecraftforge.fml.loading.targets.CommonLaunchHandler.serverService(CommonLaunchHandler.java:103) ~[fmlloader-1.20.1-47.2.0.jar%2369!/:?]
	at net.minecraftforge.fml.loading.targets.CommonServerLaunchHandler.lambda$makeService$0(CommonServerLaunchHandler.java:27) ~[fmlloader-1.20.1-47.2.0.jar%2369!/:?]
	at cpw.mods.modlauncher.LaunchServiceHandlerDecorator.launch(LaunchServiceHandlerDecorator.java:30) ~[modlauncher-10.0.9.jar%2355!/:?]
	at cpw.mods.modlauncher.LaunchServiceHandler.launch(LaunchServiceHandler.java:53) ~[modlauncher-10.0.9.jar%2355!/:?]
	at cpw.mods.modlauncher.LaunchServiceHandler.launch(LaunchServiceHandler.java:71) ~[modlauncher-10.0.9.jar%2355!/:?]
	at cpw.mods.modlauncher.Launcher.run(Launcher.java:108) ~[modlauncher-10.0.9.jar%2355!/:?]
	at cpw.mods.modlauncher.Launcher.main(Launcher.java:78) ~[modlauncher-10.0.9.jar%2355!/:?]
	at cpw.mods.modlauncher.BootstrapLaunchConsumer.accept(BootstrapLaunchConsumer.java:26) ~[modlauncher-10.0.9.jar%2355!/:?]
	at cpw.mods.modlauncher.BootstrapLaunchConsumer.accept(BootstrapLaunchConsumer.java:23) ~[modlauncher-10.0.9.jar%2355!/:?]
	at cpw.mods.bootstraplauncher.BootstrapLauncher.main(BootstrapLauncher.java:141) ~[bootstraplauncher-1.1.2.jar:?]
[24Nov2024 15:07:52.098] [main/WARN] [Fabric Resource Conditions/]: Skipping object {"fabric:load_conditions":[{"condition":"simpleradio:items_enabled","values":["speaker"]}],"parent":"minecraft:recipes/root","criteria":{"has_speaker_module":{"conditions":{"items":[{"items":["simpleradio:speaker_module"]}]},"trigger":"minecraft:inventory_changed"},"has_the_recipe":{"conditions":{"recipe":"simpleradio:speaker"},"trigger":"minecraft:recipe_unlocked"}},"requirements":[["has_the_recipe","has_speaker_module"]],"rewards":{"recipes":["simpleradio:speaker"]},"sends_telemetry_event":false}. Failed to parse resource conditions
com.google.gson.JsonParseException: Unknown recipe condition: simpleradio:items_enabled
	at net.fabricmc.fabric.api.resource.conditions.v1.ResourceConditions.conditionMatches(ResourceConditions.java:169) ~[fabric-resource-conditions-api-v1-2.3.8+9ad825cd77.jar%23938!/:2.3.8+9ad825cd77]
	at net.fabricmc.fabric.api.resource.conditions.v1.ResourceConditions.conditionsMatch(ResourceConditions.java:148) ~[fabric-resource-conditions-api-v1-2.3.8+9ad825cd77.jar%23938!/:2.3.8+9ad825cd77]
	at net.fabricmc.fabric.api.resource.conditions.v1.ResourceConditions.objectMatchesConditions(ResourceConditions.java:131) ~[fabric-resource-conditions-api-v1-2.3.8+9ad825cd77.jar%23938!/:2.3.8+9ad825cd77]
	at net.minecraft.server.packs.resources.SimpleJsonResourceReloadListener.fabric_applyResourceConditions(SimpleJsonResourceReloadListener.java:561) ~[server-1.20.1-20230612.114412-srg.jar%23699!/:?]
	at net.minecraft.server.packs.resources.SimplePreparableReloadListener.handler$baj000$fabric_resource_conditions_api_v1$applyResourceConditions(SimplePreparableReloadListener.java:537) ~[server-1.20.1-20230612.114412-srg.jar%23699!/:?]
	at net.minecraft.server.packs.resources.SimplePreparableReloadListener.m_10789_(SimplePreparableReloadListener.java) ~[server-1.20.1-20230612.114412-srg.jar%23699!/:?]
	at java.util.concurrent.CompletableFuture$UniAccept.tryFire(CompletableFuture.java:718) ~[?:?]
	at java.util.concurrent.CompletableFuture$Completion.run(CompletableFuture.java:482) ~[?:?]
	at net.minecraft.server.packs.resources.SimpleReloadInstance.m_143940_(SimpleReloadInstance.java:69) ~[server-1.20.1-20230612.114412-srg.jar%23699!/:?]
	at net.minecraft.Util.m_214652_(Util.java:783) ~[server-1.20.1-20230612.114412-srg.jar%23699!/:?]
	at net.minecraft.Util.m_214679_(Util.java:772) ~[server-1.20.1-20230612.114412-srg.jar%23699!/:?]
	at net.minecraft.server.Main.main(Main.java:166) ~[server-1.20.1-20230612.114412-srg.jar%23699!/:?]
	at jdk.internal.reflect.DirectMethodHandleAccessor.invoke(DirectMethodHandleAccessor.java:103) ~[?:?]
	at java.lang.reflect.Method.invoke(Method.java:580) ~[?:?]
	at net.minecraftforge.fml.loading.targets.CommonLaunchHandler.runTarget(CommonLaunchHandler.java:111) ~[fmlloader-1.20.1-47.2.0.jar%2369!/:?]
	at net.minecraftforge.fml.loading.targets.CommonLaunchHandler.serverService(CommonLaunchHandler.java:103) ~[fmlloader-1.20.1-47.2.0.jar%2369!/:?]
	at net.minecraftforge.fml.loading.targets.CommonServerLaunchHandler.lambda$makeService$0(CommonServerLaunchHandler.java:27) ~[fmlloader-1.20.1-47.2.0.jar%2369!/:?]
	at cpw.mods.modlauncher.LaunchServiceHandlerDecorator.launch(LaunchServiceHandlerDecorator.java:30) ~[modlauncher-10.0.9.jar%2355!/:?]
	at cpw.mods.modlauncher.LaunchServiceHandler.launch(LaunchServiceHandler.java:53) ~[modlauncher-10.0.9.jar%2355!/:?]
	at cpw.mods.modlauncher.LaunchServiceHandler.launch(LaunchServiceHandler.java:71) ~[modlauncher-10.0.9.jar%2355!/:?]
	at cpw.mods.modlauncher.Launcher.run(Launcher.java:108) ~[modlauncher-10.0.9.jar%2355!/:?]
	at cpw.mods.modlauncher.Launcher.main(Launcher.java:78) ~[modlauncher-10.0.9.jar%2355!/:?]
	at cpw.mods.modlauncher.BootstrapLaunchConsumer.accept(BootstrapLaunchConsumer.java:26) ~[modlauncher-10.0.9.jar%2355!/:?]
	at cpw.mods.modlauncher.BootstrapLaunchConsumer.accept(BootstrapLaunchConsumer.java:23) ~[modlauncher-10.0.9.jar%2355!/:?]
	at cpw.mods.bootstraplauncher.BootstrapLauncher.main(BootstrapLauncher.java:141) ~[bootstraplauncher-1.1.2.jar:?]
[24Nov2024 15:07:52.100] [main/WARN] [Fabric Resource Conditions/]: Skipping object {"fabric:load_conditions":[{"condition":"simpleradio:items_enabled","values":["listener_module"]}],"parent":"minecraft:recipes/root","criteria":{"has_copper_ingot":{"conditions":{"items":[{"items":["minecraft:copper_ingot"]}]},"trigger":"minecraft:inventory_changed"},"has_the_recipe":{"conditions":{"recipe":"simpleradio:listener_module"},"trigger":"minecraft:recipe_unlocked"},"has_wool":{"conditions":{"items":[{"tag":"minecraft:wool"}]},"trigger":"minecraft:inventory_changed"}},"requirements":[["has_the_recipe","has_copper_ingot","has_wool"]],"rewards":{"recipes":["simpleradio:listener_module"]},"sends_telemetry_event":false}. Failed to parse resource conditions
com.google.gson.JsonParseException: Unknown recipe condition: simpleradio:items_enabled
	at net.fabricmc.fabric.api.resource.conditions.v1.ResourceConditions.conditionMatches(ResourceConditions.java:169) ~[fabric-resource-conditions-api-v1-2.3.8+9ad825cd77.jar%23938!/:2.3.8+9ad825cd77]
	at net.fabricmc.fabric.api.resource.conditions.v1.ResourceConditions.conditionsMatch(ResourceConditions.java:148) ~[fabric-resource-conditions-api-v1-2.3.8+9ad825cd77.jar%23938!/:2.3.8+9ad825cd77]
	at net.fabricmc.fabric.api.resource.conditions.v1.ResourceConditions.objectMatchesConditions(ResourceConditions.java:131) ~[fabric-resource-conditions-api-v1-2.3.8+9ad825cd77.jar%23938!/:2.3.8+9ad825cd77]
	at net.minecraft.server.packs.resources.SimpleJsonResourceReloadListener.fabric_applyResourceConditions(SimpleJsonResourceReloadListener.java:561) ~[server-1.20.1-20230612.114412-srg.jar%23699!/:?]
	at net.minecraft.server.packs.resources.SimplePreparableReloadListener.handler$baj000$fabric_resource_conditions_api_v1$applyResourceConditions(SimplePreparableReloadListener.java:537) ~[server-1.20.1-20230612.114412-srg.jar%23699!/:?]
	at net.minecraft.server.packs.resources.SimplePreparableReloadListener.m_10789_(SimplePreparableReloadListener.java) ~[server-1.20.1-20230612.114412-srg.jar%23699!/:?]
	at java.util.concurrent.CompletableFuture$UniAccept.tryFire(CompletableFuture.java:718) ~[?:?]
	at java.util.concurrent.CompletableFuture$Completion.run(CompletableFuture.java:482) ~[?:?]
	at net.minecraft.server.packs.resources.SimpleReloadInstance.m_143940_(SimpleReloadInstance.java:69) ~[server-1.20.1-20230612.114412-srg.jar%23699!/:?]
	at net.minecraft.Util.m_214652_(Util.java:783) ~[server-1.20.1-20230612.114412-srg.jar%23699!/:?]
	at net.minecraft.Util.m_214679_(Util.java:772) ~[server-1.20.1-20230612.114412-srg.jar%23699!/:?]
	at net.minecraft.server.Main.main(Main.java:166) ~[server-1.20.1-20230612.114412-srg.jar%23699!/:?]
	at jdk.internal.reflect.DirectMethodHandleAccessor.invoke(DirectMethodHandleAccessor.java:103) ~[?:?]
	at java.lang.reflect.Method.invoke(Method.java:580) ~[?:?]
	at net.minecraftforge.fml.loading.targets.CommonLaunchHandler.runTarget(CommonLaunchHandler.java:111) ~[fmlloader-1.20.1-47.2.0.jar%2369!/:?]
	at net.minecraftforge.fml.loading.targets.CommonLaunchHandler.serverService(CommonLaunchHandler.java:103) ~[fmlloader-1.20.1-47.2.0.jar%2369!/:?]
	at net.minecraftforge.fml.loading.targets.CommonServerLaunchHandler.lambda$makeService$0(CommonServerLaunchHandler.java:27) ~[fmlloader-1.20.1-47.2.0.jar%2369!/:?]
	at cpw.mods.modlauncher.LaunchServiceHandlerDecorator.launch(LaunchServiceHandlerDecorator.java:30) ~[modlauncher-10.0.9.jar%2355!/:?]
	at cpw.mods.modlauncher.LaunchServiceHandler.launch(LaunchServiceHandler.java:53) ~[modlauncher-10.0.9.jar%2355!/:?]
	at cpw.mods.modlauncher.LaunchServiceHandler.launch(LaunchServiceHandler.java:71) ~[modlauncher-10.0.9.jar%2355!/:?]
	at cpw.mods.modlauncher.Launcher.run(Launcher.java:108) ~[modlauncher-10.0.9.jar%2355!/:?]
	at cpw.mods.modlauncher.Launcher.main(Launcher.java:78) ~[modlauncher-10.0.9.jar%2355!/:?]
	at cpw.mods.modlauncher.BootstrapLaunchConsumer.accept(BootstrapLaunchConsumer.java:26) ~[modlauncher-10.0.9.jar%2355!/:?]
	at cpw.mods.modlauncher.BootstrapLaunchConsumer.accept(BootstrapLaunchConsumer.java:23) ~[modlauncher-10.0.9.jar%2355!/:?]
	at cpw.mods.bootstraplauncher.BootstrapLauncher.main(BootstrapLauncher.java:141) ~[bootstraplauncher-1.1.2.jar:?]
[24Nov2024 15:07:52.101] [main/WARN] [Fabric Resource Conditions/]: Skipping object {"fabric:load_conditions":[{"condition":"simpleradio:items_enabled","values":["transmitting_module"]}],"parent":"minecraft:recipes/root","criteria":{"has_iron_ingot":{"conditions":{"items":[{"items":["minecraft:iron_ingot"]}]},"trigger":"minecraft:inventory_changed"},"has_lapis_lazuli":{"conditions":{"items":[{"items":["minecraft:lapis_lazuli"]}]},"trigger":"minecraft:inventory_changed"},"has_the_recipe":{"conditions":{"recipe":"simpleradio:transmitting_module"},"trigger":"minecraft:recipe_unlocked"}},"requirements":[["has_the_recipe","has_iron_ingot","has_lapis_lazuli"]],"rewards":{"recipes":["simpleradio:transmitting_module"]},"sends_telemetry_event":false}. Failed to parse resource conditions
com.google.gson.JsonParseException: Unknown recipe condition: simpleradio:items_enabled
	at net.fabricmc.fabric.api.resource.conditions.v1.ResourceConditions.conditionMatches(ResourceConditions.java:169) ~[fabric-resource-conditions-api-v1-2.3.8+9ad825cd77.jar%23938!/:2.3.8+9ad825cd77]
	at net.fabricmc.fabric.api.resource.conditions.v1.ResourceConditions.conditionsMatch(ResourceConditions.java:148) ~[fabric-resource-conditions-api-v1-2.3.8+9ad825cd77.jar%23938!/:2.3.8+9ad825cd77]
	at net.fabricmc.fabric.api.resource.conditions.v1.ResourceConditions.objectMatchesConditions(ResourceConditions.java:131) ~[fabric-resource-conditions-api-v1-2.3.8+9ad825cd77.jar%23938!/:2.3.8+9ad825cd77]
	at net.minecraft.server.packs.resources.SimpleJsonResourceReloadListener.fabric_applyResourceConditions(SimpleJsonResourceReloadListener.java:561) ~[server-1.20.1-20230612.114412-srg.jar%23699!/:?]
	at net.minecraft.server.packs.resources.SimplePreparableReloadListener.handler$baj000$fabric_resource_conditions_api_v1$applyResourceConditions(SimplePreparableReloadListener.java:537) ~[server-1.20.1-20230612.114412-srg.jar%23699!/:?]
	at net.minecraft.server.packs.resources.SimplePreparableReloadListener.m_10789_(SimplePreparableReloadListener.java) ~[server-1.20.1-20230612.114412-srg.jar%23699!/:?]
	at java.util.concurrent.CompletableFuture$UniAccept.tryFire(CompletableFuture.java:718) ~[?:?]
	at java.util.concurrent.CompletableFuture$Completion.run(CompletableFuture.java:482) ~[?:?]
	at net.minecraft.server.packs.resources.SimpleReloadInstance.m_143940_(SimpleReloadInstance.java:69) ~[server-1.20.1-20230612.114412-srg.jar%23699!/:?]
	at net.minecraft.Util.m_214652_(Util.java:783) ~[server-1.20.1-20230612.114412-srg.jar%23699!/:?]
	at net.minecraft.Util.m_214679_(Util.java:772) ~[server-1.20.1-20230612.114412-srg.jar%23699!/:?]
	at net.minecraft.server.Main.main(Main.java:166) ~[server-1.20.1-20230612.114412-srg.jar%23699!/:?]
	at jdk.internal.reflect.DirectMethodHandleAccessor.invoke(DirectMethodHandleAccessor.java:103) ~[?:?]
	at java.lang.reflect.Method.invoke(Method.java:580) ~[?:?]
	at net.minecraftforge.fml.loading.targets.CommonLaunchHandler.runTarget(CommonLaunchHandler.java:111) ~[fmlloader-1.20.1-47.2.0.jar%2369!/:?]
	at net.minecraftforge.fml.loading.targets.CommonLaunchHandler.serverService(CommonLaunchHandler.java:103) ~[fmlloader-1.20.1-47.2.0.jar%2369!/:?]
	at net.minecraftforge.fml.loading.targets.CommonServerLaunchHandler.lambda$makeService$0(CommonServerLaunchHandler.java:27) ~[fmlloader-1.20.1-47.2.0.jar%2369!/:?]
	at cpw.mods.modlauncher.LaunchServiceHandlerDecorator.launch(LaunchServiceHandlerDecorator.java:30) ~[modlauncher-10.0.9.jar%2355!/:?]
	at cpw.mods.modlauncher.LaunchServiceHandler.launch(LaunchServiceHandler.java:53) ~[modlauncher-10.0.9.jar%2355!/:?]
	at cpw.mods.modlauncher.LaunchServiceHandler.launch(LaunchServiceHandler.java:71) ~[modlauncher-10.0.9.jar%2355!/:?]
	at cpw.mods.modlauncher.Launcher.run(Launcher.java:108) ~[modlauncher-10.0.9.jar%2355!/:?]
	at cpw.mods.modlauncher.Launcher.main(Launcher.java:78) ~[modlauncher-10.0.9.jar%2355!/:?]
	at cpw.mods.modlauncher.BootstrapLaunchConsumer.accept(BootstrapLaunchConsumer.java:26) ~[modlauncher-10.0.9.jar%2355!/:?]
	at cpw.mods.modlauncher.BootstrapLaunchConsumer.accept(BootstrapLaunchConsumer.java:23) ~[modlauncher-10.0.9.jar%2355!/:?]
	at cpw.mods.bootstraplauncher.BootstrapLauncher.main(BootstrapLauncher.java:141) ~[bootstraplauncher-1.1.2.jar:?]
[24Nov2024 15:07:52.102] [main/WARN] [Fabric Resource Conditions/]: Skipping object {"fabric:load_conditions":[{"condition":"simpleradio:items_enabled","values":["transceiver"]}],"parent":"minecraft:recipes/root","criteria":{"has_receiving_module":{"conditions":{"items":[{"items":["simpleradio:receiving_module"]}]},"trigger":"minecraft:inventory_changed"},"has_speaker_module":{"conditions":{"items":[{"items":["simpleradio:speaker_module"]}]},"trigger":"minecraft:inventory_changed"},"has_the_recipe":{"conditions":{"recipe":"simpleradio:transceiver"},"trigger":"minecraft:recipe_unlocked"},"has_transmitting_module":{"conditions":{"items":[{"items":["simpleradio:transmitting_module"]}]},"trigger":"minecraft:inventory_changed"}},"requirements":[["has_the_recipe","has_transmitting_module","has_speaker_module","has_receiving_module"]],"rewards":{"recipes":["simpleradio:transceiver"]},"sends_telemetry_event":false}. Failed to parse resource conditions
com.google.gson.JsonParseException: Unknown recipe condition: simpleradio:items_enabled
	at net.fabricmc.fabric.api.resource.conditions.v1.ResourceConditions.conditionMatches(ResourceConditions.java:169) ~[fabric-resource-conditions-api-v1-2.3.8+9ad825cd77.jar%23938!/:2.3.8+9ad825cd77]
	at net.fabricmc.fabric.api.resource.conditions.v1.ResourceConditions.conditionsMatch(ResourceConditions.java:148) ~[fabric-resource-conditions-api-v1-2.3.8+9ad825cd77.jar%23938!/:2.3.8+9ad825cd77]
	at net.fabricmc.fabric.api.resource.conditions.v1.ResourceConditions.objectMatchesConditions(ResourceConditions.java:131) ~[fabric-resource-conditions-api-v1-2.3.8+9ad825cd77.jar%23938!/:2.3.8+9ad825cd77]
	at net.minecraft.server.packs.resources.SimpleJsonResourceReloadListener.fabric_applyResourceConditions(SimpleJsonResourceReloadListener.java:561) ~[server-1.20.1-20230612.114412-srg.jar%23699!/:?]
	at net.minecraft.server.packs.resources.SimplePreparableReloadListener.handler$baj000$fabric_resource_conditions_api_v1$applyResourceConditions(SimplePreparableReloadListener.java:537) ~[server-1.20.1-20230612.114412-srg.jar%23699!/:?]
	at net.minecraft.server.packs.resources.SimplePreparableReloadListener.m_10789_(SimplePreparableReloadListener.java) ~[server-1.20.1-20230612.114412-srg.jar%23699!/:?]
	at java.util.concurrent.CompletableFuture$UniAccept.tryFire(CompletableFuture.java:718) ~[?:?]
	at java.util.concurrent.CompletableFuture$Completion.run(CompletableFuture.java:482) ~[?:?]
	at net.minecraft.server.packs.resources.SimpleReloadInstance.m_143940_(SimpleReloadInstance.java:69) ~[server-1.20.1-20230612.114412-srg.jar%23699!/:?]
	at net.minecraft.Util.m_214652_(Util.java:783) ~[server-1.20.1-20230612.114412-srg.jar%23699!/:?]
	at net.minecraft.Util.m_214679_(Util.java:772) ~[server-1.20.1-20230612.114412-srg.jar%23699!/:?]
	at net.minecraft.server.Main.main(Main.java:166) ~[server-1.20.1-20230612.114412-srg.jar%23699!/:?]
	at jdk.internal.reflect.DirectMethodHandleAccessor.invoke(DirectMethodHandleAccessor.java:103) ~[?:?]
	at java.lang.reflect.Method.invoke(Method.java:580) ~[?:?]
	at net.minecraftforge.fml.loading.targets.CommonLaunchHandler.runTarget(CommonLaunchHandler.java:111) ~[fmlloader-1.20.1-47.2.0.jar%2369!/:?]
	at net.minecraftforge.fml.loading.targets.CommonLaunchHandler.serverService(CommonLaunchHandler.java:103) ~[fmlloader-1.20.1-47.2.0.jar%2369!/:?]
	at net.minecraftforge.fml.loading.targets.CommonServerLaunchHandler.lambda$makeService$0(CommonServerLaunchHandler.java:27) ~[fmlloader-1.20.1-47.2.0.jar%2369!/:?]
	at cpw.mods.modlauncher.LaunchServiceHandlerDecorator.launch(LaunchServiceHandlerDecorator.java:30) ~[modlauncher-10.0.9.jar%2355!/:?]
	at cpw.mods.modlauncher.LaunchServiceHandler.launch(LaunchServiceHandler.java:53) ~[modlauncher-10.0.9.jar%2355!/:?]
	at cpw.mods.modlauncher.LaunchServiceHandler.launch(LaunchServiceHandler.java:71) ~[modlauncher-10.0.9.jar%2355!/:?]
	at cpw.mods.modlauncher.Launcher.run(Launcher.java:108) ~[modlauncher-10.0.9.jar%2355!/:?]
	at cpw.mods.modlauncher.Launcher.main(Launcher.java:78) ~[modlauncher-10.0.9.jar%2355!/:?]
	at cpw.mods.modlauncher.BootstrapLaunchConsumer.accept(BootstrapLaunchConsumer.java:26) ~[modlauncher-10.0.9.jar%2355!/:?]
	at cpw.mods.modlauncher.BootstrapLaunchConsumer.accept(BootstrapLaunchConsumer.java:23) ~[modlauncher-10.0.9.jar%2355!/:?]
	at cpw.mods.bootstraplauncher.BootstrapLauncher.main(BootstrapLauncher.java:141) ~[bootstraplauncher-1.1.2.jar:?]
[24Nov2024 15:07:52.103] [main/WARN] [Fabric Resource Conditions/]: Skipping object {"fabric:load_conditions":[{"condition":"simpleradio:items_enabled","values":["microphone"]}],"parent":"minecraft:recipes/root","criteria":{"has_listener_module":{"conditions":{"items":[{"items":["simpleradio:listener_module"]}]},"trigger":"minecraft:inventory_changed"},"has_the_recipe":{"conditions":{"recipe":"simpleradio:microphone"},"trigger":"minecraft:recipe_unlocked"}},"requirements":[["has_the_recipe","has_listener_module"]],"rewards":{"recipes":["simpleradio:microphone"]},"sends_telemetry_event":false}. Failed to parse resource conditions
com.google.gson.JsonParseException: Unknown recipe condition: simpleradio:items_enabled
	at net.fabricmc.fabric.api.resource.conditions.v1.ResourceConditions.conditionMatches(ResourceConditions.java:169) ~[fabric-resource-conditions-api-v1-2.3.8+9ad825cd77.jar%23938!/:2.3.8+9ad825cd77]
	at net.fabricmc.fabric.api.resource.conditions.v1.ResourceConditions.conditionsMatch(ResourceConditions.java:148) ~[fabric-resource-conditions-api-v1-2.3.8+9ad825cd77.jar%23938!/:2.3.8+9ad825cd77]
	at net.fabricmc.fabric.api.resource.conditions.v1.ResourceConditions.objectMatchesConditions(ResourceConditions.java:131) ~[fabric-resource-conditions-api-v1-2.3.8+9ad825cd77.jar%23938!/:2.3.8+9ad825cd77]
	at net.minecraft.server.packs.resources.SimpleJsonResourceReloadListener.fabric_applyResourceConditions(SimpleJsonResourceReloadListener.java:561) ~[server-1.20.1-20230612.114412-srg.jar%23699!/:?]
	at net.minecraft.server.packs.resources.SimplePreparableReloadListener.handler$baj000$fabric_resource_conditions_api_v1$applyResourceConditions(SimplePreparableReloadListener.java:537) ~[server-1.20.1-20230612.114412-srg.jar%23699!/:?]
	at net.minecraft.server.packs.resources.SimplePreparableReloadListener.m_10789_(SimplePreparableReloadListener.java) ~[server-1.20.1-20230612.114412-srg.jar%23699!/:?]
	at java.util.concurrent.CompletableFuture$UniAccept.tryFire(CompletableFuture.java:718) ~[?:?]
	at java.util.concurrent.CompletableFuture$Completion.run(CompletableFuture.java:482) ~[?:?]
	at net.minecraft.server.packs.resources.SimpleReloadInstance.m_143940_(SimpleReloadInstance.java:69) ~[server-1.20.1-20230612.114412-srg.jar%23699!/:?]
	at net.minecraft.Util.m_214652_(Util.java:783) ~[server-1.20.1-20230612.114412-srg.jar%23699!/:?]
	at net.minecraft.Util.m_214679_(Util.java:772) ~[server-1.20.1-20230612.114412-srg.jar%23699!/:?]
	at net.minecraft.server.Main.main(Main.java:166) ~[server-1.20.1-20230612.114412-srg.jar%23699!/:?]
	at jdk.internal.reflect.DirectMethodHandleAccessor.invoke(DirectMethodHandleAccessor.java:103) ~[?:?]
	at java.lang.reflect.Method.invoke(Method.java:580) ~[?:?]
	at net.minecraftforge.fml.loading.targets.CommonLaunchHandler.runTarget(CommonLaunchHandler.java:111) ~[fmlloader-1.20.1-47.2.0.jar%2369!/:?]
	at net.minecraftforge.fml.loading.targets.CommonLaunchHandler.serverService(CommonLaunchHandler.java:103) ~[fmlloader-1.20.1-47.2.0.jar%2369!/:?]
	at net.minecraftforge.fml.loading.targets.CommonServerLaunchHandler.lambda$makeService$0(CommonServerLaunchHandler.java:27) ~[fmlloader-1.20.1-47.2.0.jar%2369!/:?]
	at cpw.mods.modlauncher.LaunchServiceHandlerDecorator.launch(LaunchServiceHandlerDecorator.java:30) ~[modlauncher-10.0.9.jar%2355!/:?]
	at cpw.mods.modlauncher.LaunchServiceHandler.launch(LaunchServiceHandler.java:53) ~[modlauncher-10.0.9.jar%2355!/:?]
	at cpw.mods.modlauncher.LaunchServiceHandler.launch(LaunchServiceHandler.java:71) ~[modlauncher-10.0.9.jar%2355!/:?]
	at cpw.mods.modlauncher.Launcher.run(Launcher.java:108) ~[modlauncher-10.0.9.jar%2355!/:?]
	at cpw.mods.modlauncher.Launcher.main(Launcher.java:78) ~[modlauncher-10.0.9.jar%2355!/:?]
	at cpw.mods.modlauncher.BootstrapLaunchConsumer.accept(BootstrapLaunchConsumer.java:26) ~[modlauncher-10.0.9.jar%2355!/:?]
	at cpw.mods.modlauncher.BootstrapLaunchConsumer.accept(BootstrapLaunchConsumer.java:23) ~[modlauncher-10.0.9.jar%2355!/:?]
	at cpw.mods.bootstraplauncher.BootstrapLauncher.main(BootstrapLauncher.java:141) ~[bootstraplauncher-1.1.2.jar:?]
[24Nov2024 15:07:52.106] [main/WARN] [Fabric Resource Conditions/]: Skipping object {"fabric:load_conditions":[{"condition":"simpleradio:items_enabled","values":["antenna"]}],"parent":"minecraft:recipes/root","criteria":{"has_iron_ingot":{"conditions":{"items":[{"items":["minecraft:iron_ingot"]}]},"trigger":"minecraft:inventory_changed"},"has_the_recipe":{"conditions":{"recipe":"simpleradio:antenna"},"trigger":"minecraft:recipe_unlocked"}},"requirements":[["has_the_recipe","has_iron_ingot"]],"rewards":{"recipes":["simpleradio:antenna"]},"sends_telemetry_event":false}. Failed to parse resource conditions
com.google.gson.JsonParseException: Unknown recipe condition: simpleradio:items_enabled
	at net.fabricmc.fabric.api.resource.conditions.v1.ResourceConditions.conditionMatches(ResourceConditions.java:169) ~[fabric-resource-conditions-api-v1-2.3.8+9ad825cd77.jar%23938!/:2.3.8+9ad825cd77]
	at net.fabricmc.fabric.api.resource.conditions.v1.ResourceConditions.conditionsMatch(ResourceConditions.java:148) ~[fabric-resource-conditions-api-v1-2.3.8+9ad825cd77.jar%23938!/:2.3.8+9ad825cd77]
	at net.fabricmc.fabric.api.resource.conditions.v1.ResourceConditions.objectMatchesConditions(ResourceConditions.java:131) ~[fabric-resource-conditions-api-v1-2.3.8+9ad825cd77.jar%23938!/:2.3.8+9ad825cd77]
	at net.minecraft.server.packs.resources.SimpleJsonResourceReloadListener.fabric_applyResourceConditions(SimpleJsonResourceReloadListener.java:561) ~[server-1.20.1-20230612.114412-srg.jar%23699!/:?]
	at net.minecraft.server.packs.resources.SimplePreparableReloadListener.handler$baj000$fabric_resource_conditions_api_v1$applyResourceConditions(SimplePreparableReloadListener.java:537) ~[server-1.20.1-20230612.114412-srg.jar%23699!/:?]
	at net.minecraft.server.packs.resources.SimplePreparableReloadListener.m_10789_(SimplePreparableReloadListener.java) ~[server-1.20.1-20230612.114412-srg.jar%23699!/:?]
	at java.util.concurrent.CompletableFuture$UniAccept.tryFire(CompletableFuture.java:718) ~[?:?]
	at java.util.concurrent.CompletableFuture$Completion.run(CompletableFuture.java:482) ~[?:?]
	at net.minecraft.server.packs.resources.SimpleReloadInstance.m_143940_(SimpleReloadInstance.java:69) ~[server-1.20.1-20230612.114412-srg.jar%23699!/:?]
	at net.minecraft.Util.m_214652_(Util.java:783) ~[server-1.20.1-20230612.114412-srg.jar%23699!/:?]
	at net.minecraft.Util.m_214679_(Util.java:772) ~[server-1.20.1-20230612.114412-srg.jar%23699!/:?]
	at net.minecraft.server.Main.main(Main.java:166) ~[server-1.20.1-20230612.114412-srg.jar%23699!/:?]
	at jdk.internal.reflect.DirectMethodHandleAccessor.invoke(DirectMethodHandleAccessor.java:103) ~[?:?]
	at java.lang.reflect.Method.invoke(Method.java:580) ~[?:?]
	at net.minecraftforge.fml.loading.targets.CommonLaunchHandler.runTarget(CommonLaunchHandler.java:111) ~[fmlloader-1.20.1-47.2.0.jar%2369!/:?]
	at net.minecraftforge.fml.loading.targets.CommonLaunchHandler.serverService(CommonLaunchHandler.java:103) ~[fmlloader-1.20.1-47.2.0.jar%2369!/:?]
	at net.minecraftforge.fml.loading.targets.CommonServerLaunchHandler.lambda$makeService$0(CommonServerLaunchHandler.java:27) ~[fmlloader-1.20.1-47.2.0.jar%2369!/:?]
	at cpw.mods.modlauncher.LaunchServiceHandlerDecorator.launch(LaunchServiceHandlerDecorator.java:30) ~[modlauncher-10.0.9.jar%2355!/:?]
	at cpw.mods.modlauncher.LaunchServiceHandler.launch(LaunchServiceHandler.java:53) ~[modlauncher-10.0.9.jar%2355!/:?]
	at cpw.mods.modlauncher.LaunchServiceHandler.launch(LaunchServiceHandler.java:71) ~[modlauncher-10.0.9.jar%2355!/:?]
	at cpw.mods.modlauncher.Launcher.run(Launcher.java:108) ~[modlauncher-10.0.9.jar%2355!/:?]
	at cpw.mods.modlauncher.Launcher.main(Launcher.java:78) ~[modlauncher-10.0.9.jar%2355!/:?]
	at cpw.mods.modlauncher.BootstrapLaunchConsumer.accept(BootstrapLaunchConsumer.java:26) ~[modlauncher-10.0.9.jar%2355!/:?]
	at cpw.mods.modlauncher.BootstrapLaunchConsumer.accept(BootstrapLaunchConsumer.java:23) ~[modlauncher-10.0.9.jar%2355!/:?]
	at cpw.mods.bootstraplauncher.BootstrapLauncher.main(BootstrapLauncher.java:141) ~[bootstraplauncher-1.1.2.jar:?]
[24Nov2024 15:07:52.107] [main/WARN] [Fabric Resource Conditions/]: Skipping object {"fabric:load_conditions":[{"condition":"simpleradio:items_enabled","values":["walkie_talkie"]}],"parent":"minecraft:recipes/root","criteria":{"has_copper_block":{"conditions":{"items":[{"items":["minecraft:copper_block"]}]},"trigger":"minecraft:inventory_changed"},"has_copper_ingot":{"conditions":{"items":[{"items":["minecraft:copper_ingot"]}]},"trigger":"minecraft:inventory_changed"},"has_iron_ingot":{"conditions":{"items":[{"items":["minecraft:iron_ingot"]}]},"trigger":"minecraft:inventory_changed"},"has_the_recipe":{"conditions":{"recipe":"simpleradio:walkie_talkie"},"trigger":"minecraft:recipe_unlocked"}},"requirements":[["has_the_recipe","has_iron_ingot","has_copper_block","has_copper_ingot"]],"rewards":{"recipes":["simpleradio:walkie_talkie"]},"sends_telemetry_event":false}. Failed to parse resource conditions
com.google.gson.JsonParseException: Unknown recipe condition: simpleradio:items_enabled
	at net.fabricmc.fabric.api.resource.conditions.v1.ResourceConditions.conditionMatches(ResourceConditions.java:169) ~[fabric-resource-conditions-api-v1-2.3.8+9ad825cd77.jar%23938!/:2.3.8+9ad825cd77]
	at net.fabricmc.fabric.api.resource.conditions.v1.ResourceConditions.conditionsMatch(ResourceConditions.java:148) ~[fabric-resource-conditions-api-v1-2.3.8+9ad825cd77.jar%23938!/:2.3.8+9ad825cd77]
	at net.fabricmc.fabric.api.resource.conditions.v1.ResourceConditions.objectMatchesConditions(ResourceConditions.java:131) ~[fabric-resource-conditions-api-v1-2.3.8+9ad825cd77.jar%23938!/:2.3.8+9ad825cd77]
	at net.minecraft.server.packs.resources.SimpleJsonResourceReloadListener.fabric_applyResourceConditions(SimpleJsonResourceReloadListener.java:561) ~[server-1.20.1-20230612.114412-srg.jar%23699!/:?]
	at net.minecraft.server.packs.resources.SimplePreparableReloadListener.handler$baj000$fabric_resource_conditions_api_v1$applyResourceConditions(SimplePreparableReloadListener.java:537) ~[server-1.20.1-20230612.114412-srg.jar%23699!/:?]
	at net.minecraft.server.packs.resources.SimplePreparableReloadListener.m_10789_(SimplePreparableReloadListener.java) ~[server-1.20.1-20230612.114412-srg.jar%23699!/:?]
	at java.util.concurrent.CompletableFuture$UniAccept.tryFire(CompletableFuture.java:718) ~[?:?]
	at java.util.concurrent.CompletableFuture$Completion.run(CompletableFuture.java:482) ~[?:?]
	at net.minecraft.server.packs.resources.SimpleReloadInstance.m_143940_(SimpleReloadInstance.java:69) ~[server-1.20.1-20230612.114412-srg.jar%23699!/:?]
	at net.minecraft.Util.m_214652_(Util.java:783) ~[server-1.20.1-20230612.114412-srg.jar%23699!/:?]
	at net.minecraft.Util.m_214679_(Util.java:772) ~[server-1.20.1-20230612.114412-srg.jar%23699!/:?]
	at net.minecraft.server.Main.main(Main.java:166) ~[server-1.20.1-20230612.114412-srg.jar%23699!/:?]
	at jdk.internal.reflect.DirectMethodHandleAccessor.invoke(DirectMethodHandleAccessor.java:103) ~[?:?]
	at java.lang.reflect.Method.invoke(Method.java:580) ~[?:?]
	at net.minecraftforge.fml.loading.targets.CommonLaunchHandler.runTarget(CommonLaunchHandler.java:111) ~[fmlloader-1.20.1-47.2.0.jar%2369!/:?]
	at net.minecraftforge.fml.loading.targets.CommonLaunchHandler.serverService(CommonLaunchHandler.java:103) ~[fmlloader-1.20.1-47.2.0.jar%2369!/:?]
	at net.minecraftforge.fml.loading.targets.CommonServerLaunchHandler.lambda$makeService$0(CommonServerLaunchHandler.java:27) ~[fmlloader-1.20.1-47.2.0.jar%2369!/:?]
	at cpw.mods.modlauncher.LaunchServiceHandlerDecorator.launch(LaunchServiceHandlerDecorator.java:30) ~[modlauncher-10.0.9.jar%2355!/:?]
	at cpw.mods.modlauncher.LaunchServiceHandler.launch(LaunchServiceHandler.java:53) ~[modlauncher-10.0.9.jar%2355!/:?]
	at cpw.mods.modlauncher.LaunchServiceHandler.launch(LaunchServiceHandler.java:71) ~[modlauncher-10.0.9.jar%2355!/:?]
	at cpw.mods.modlauncher.Launcher.run(Launcher.java:108) ~[modlauncher-10.0.9.jar%2355!/:?]
	at cpw.mods.modlauncher.Launcher.main(Launcher.java:78) ~[modlauncher-10.0.9.jar%2355!/:?]
	at cpw.mods.modlauncher.BootstrapLaunchConsumer.accept(BootstrapLaunchConsumer.java:26) ~[modlauncher-10.0.9.jar%2355!/:?]
	at cpw.mods.modlauncher.BootstrapLaunchConsumer.accept(BootstrapLaunchConsumer.java:23) ~[modlauncher-10.0.9.jar%2355!/:?]
	at cpw.mods.bootstraplauncher.BootstrapLauncher.main(BootstrapLauncher.java:141) ~[bootstraplauncher-1.1.2.jar:?]
[24Nov2024 15:07:52.108] [main/WARN] [Fabric Resource Conditions/]: Skipping object {"fabric:load_conditions":[{"condition":"simpleradio:items_enabled","values":["radiosmither"]}],"parent":"minecraft:recipes/root","criteria":{"has_amethyst_shard":{"conditions":{"items":[{"items":["minecraft:amethyst_shard"]}]},"trigger":"minecraft:inventory_changed"},"has_iron_ingot":{"conditions":{"items":[{"items":["minecraft:iron_ingot"]}]},"trigger":"minecraft:inventory_changed"},"has_polished_deepslate":{"conditions":{"items":[{"items":["minecraft:polished_deepslate"]}]},"trigger":"minecraft:inventory_changed"},"has_the_recipe":{"conditions":{"recipe":"simpleradio:radiosmither"},"trigger":"minecraft:recipe_unlocked"}},"requirements":[["has_the_recipe","has_iron_ingot","has_polished_deepslate","has_amethyst_shard"]],"rewards":{"recipes":["simpleradio:radiosmither"]},"sends_telemetry_event":false}. Failed to parse resource conditions
com.google.gson.JsonParseException: Unknown recipe condition: simpleradio:items_enabled
	at net.fabricmc.fabric.api.resource.conditions.v1.ResourceConditions.conditionMatches(ResourceConditions.java:169) ~[fabric-resource-conditions-api-v1-2.3.8+9ad825cd77.jar%23938!/:2.3.8+9ad825cd77]
	at net.fabricmc.fabric.api.resource.conditions.v1.ResourceConditions.conditionsMatch(ResourceConditions.java:148) ~[fabric-resource-conditions-api-v1-2.3.8+9ad825cd77.jar%23938!/:2.3.8+9ad825cd77]
	at net.fabricmc.fabric.api.resource.conditions.v1.ResourceConditions.objectMatchesConditions(ResourceConditions.java:131) ~[fabric-resource-conditions-api-v1-2.3.8+9ad825cd77.jar%23938!/:2.3.8+9ad825cd77]
	at net.minecraft.server.packs.resources.SimpleJsonResourceReloadListener.fabric_applyResourceConditions(SimpleJsonResourceReloadListener.java:561) ~[server-1.20.1-20230612.114412-srg.jar%23699!/:?]
	at net.minecraft.server.packs.resources.SimplePreparableReloadListener.handler$baj000$fabric_resource_conditions_api_v1$applyResourceConditions(SimplePreparableReloadListener.java:537) ~[server-1.20.1-20230612.114412-srg.jar%23699!/:?]
	at net.minecraft.server.packs.resources.SimplePreparableReloadListener.m_10789_(SimplePreparableReloadListener.java) ~[server-1.20.1-20230612.114412-srg.jar%23699!/:?]
	at java.util.concurrent.CompletableFuture$UniAccept.tryFire(CompletableFuture.java:718) ~[?:?]
	at java.util.concurrent.CompletableFuture$Completion.run(CompletableFuture.java:482) ~[?:?]
	at net.minecraft.server.packs.resources.SimpleReloadInstance.m_143940_(SimpleReloadInstance.java:69) ~[server-1.20.1-20230612.114412-srg.jar%23699!/:?]
	at net.minecraft.Util.m_214652_(Util.java:783) ~[server-1.20.1-20230612.114412-srg.jar%23699!/:?]
	at net.minecraft.Util.m_214679_(Util.java:772) ~[server-1.20.1-20230612.114412-srg.jar%23699!/:?]
	at net.minecraft.server.Main.main(Main.java:166) ~[server-1.20.1-20230612.114412-srg.jar%23699!/:?]
	at jdk.internal.reflect.DirectMethodHandleAccessor.invoke(DirectMethodHandleAccessor.java:103) ~[?:?]
	at java.lang.reflect.Method.invoke(Method.java:580) ~[?:?]
	at net.minecraftforge.fml.loading.targets.CommonLaunchHandler.runTarget(CommonLaunchHandler.java:111) ~[fmlloader-1.20.1-47.2.0.jar%2369!/:?]
	at net.minecraftforge.fml.loading.targets.CommonLaunchHandler.serverService(CommonLaunchHandler.java:103) ~[fmlloader-1.20.1-47.2.0.jar%2369!/:?]
	at net.minecraftforge.fml.loading.targets.CommonServerLaunchHandler.lambda$makeService$0(CommonServerLaunchHandler.java:27) ~[fmlloader-1.20.1-47.2.0.jar%2369!/:?]
	at cpw.mods.modlauncher.LaunchServiceHandlerDecorator.launch(LaunchServiceHandlerDecorator.java:30) ~[modlauncher-10.0.9.jar%2355!/:?]
	at cpw.mods.modlauncher.LaunchServiceHandler.launch(LaunchServiceHandler.java:53) ~[modlauncher-10.0.9.jar%2355!/:?]
	at cpw.mods.modlauncher.LaunchServiceHandler.launch(LaunchServiceHandler.java:71) ~[modlauncher-10.0.9.jar%2355!/:?]
	at cpw.mods.modlauncher.Launcher.run(Launcher.java:108) ~[modlauncher-10.0.9.jar%2355!/:?]
	at cpw.mods.modlauncher.Launcher.main(Launcher.java:78) ~[modlauncher-10.0.9.jar%2355!/:?]
	at cpw.mods.modlauncher.BootstrapLaunchConsumer.accept(BootstrapLaunchConsumer.java:26) ~[modlauncher-10.0.9.jar%2355!/:?]
	at cpw.mods.modlauncher.BootstrapLaunchConsumer.accept(BootstrapLaunchConsumer.java:23) ~[modlauncher-10.0.9.jar%2355!/:?]
	at cpw.mods.bootstraplauncher.BootstrapLauncher.main(BootstrapLauncher.java:141) ~[bootstraplauncher-1.1.2.jar:?]
[24Nov2024 15:07:52.111] [main/WARN] [Fabric Resource Conditions/]: Skipping object {"fabric:load_conditions":[{"condition":"simpleradio:items_enabled","values":["radio"]}],"parent":"minecraft:recipes/root","criteria":{"has_receiving_module":{"conditions":{"items":[{"items":["simpleradio:receiving_module"]}]},"trigger":"minecraft:inventory_changed"},"has_speaker_module":{"conditions":{"items":[{"items":["simpleradio:speaker_module"]}]},"trigger":"minecraft:inventory_changed"},"has_the_recipe":{"conditions":{"recipe":"simpleradio:radio"},"trigger":"minecraft:recipe_unlocked"}},"requirements":[["has_the_recipe","has_speaker_module","has_receiving_module"]],"rewards":{"recipes":["simpleradio:radio"]},"sends_telemetry_event":false}. Failed to parse resource conditions
com.google.gson.JsonParseException: Unknown recipe condition: simpleradio:items_enabled
	at net.fabricmc.fabric.api.resource.conditions.v1.ResourceConditions.conditionMatches(ResourceConditions.java:169) ~[fabric-resource-conditions-api-v1-2.3.8+9ad825cd77.jar%23938!/:2.3.8+9ad825cd77]
	at net.fabricmc.fabric.api.resource.conditions.v1.ResourceConditions.conditionsMatch(ResourceConditions.java:148) ~[fabric-resource-conditions-api-v1-2.3.8+9ad825cd77.jar%23938!/:2.3.8+9ad825cd77]
	at net.fabricmc.fabric.api.resource.conditions.v1.ResourceConditions.objectMatchesConditions(ResourceConditions.java:131) ~[fabric-resource-conditions-api-v1-2.3.8+9ad825cd77.jar%23938!/:2.3.8+9ad825cd77]
	at net.minecraft.server.packs.resources.SimpleJsonResourceReloadListener.fabric_applyResourceConditions(SimpleJsonResourceReloadListener.java:561) ~[server-1.20.1-20230612.114412-srg.jar%23699!/:?]
	at net.minecraft.server.packs.resources.SimplePreparableReloadListener.handler$baj000$fabric_resource_conditions_api_v1$applyResourceConditions(SimplePreparableReloadListener.java:537) ~[server-1.20.1-20230612.114412-srg.jar%23699!/:?]
	at net.minecraft.server.packs.resources.SimplePreparableReloadListener.m_10789_(SimplePreparableReloadListener.java) ~[server-1.20.1-20230612.114412-srg.jar%23699!/:?]
	at java.util.concurrent.CompletableFuture$UniAccept.tryFire(CompletableFuture.java:718) ~[?:?]
	at java.util.concurrent.CompletableFuture$Completion.run(CompletableFuture.java:482) ~[?:?]
	at net.minecraft.server.packs.resources.SimpleReloadInstance.m_143940_(SimpleReloadInstance.java:69) ~[server-1.20.1-20230612.114412-srg.jar%23699!/:?]
	at net.minecraft.Util.m_214652_(Util.java:783) ~[server-1.20.1-20230612.114412-srg.jar%23699!/:?]
	at net.minecraft.Util.m_214679_(Util.java:772) ~[server-1.20.1-20230612.114412-srg.jar%23699!/:?]
	at net.minecraft.server.Main.main(Main.java:166) ~[server-1.20.1-20230612.114412-srg.jar%23699!/:?]
	at jdk.internal.reflect.DirectMethodHandleAccessor.invoke(DirectMethodHandleAccessor.java:103) ~[?:?]
	at java.lang.reflect.Method.invoke(Method.java:580) ~[?:?]
	at net.minecraftforge.fml.loading.targets.CommonLaunchHandler.runTarget(CommonLaunchHandler.java:111) ~[fmlloader-1.20.1-47.2.0.jar%2369!/:?]
	at net.minecraftforge.fml.loading.targets.CommonLaunchHandler.serverService(CommonLaunchHandler.java:103) ~[fmlloader-1.20.1-47.2.0.jar%2369!/:?]
	at net.minecraftforge.fml.loading.targets.CommonServerLaunchHandler.lambda$makeService$0(CommonServerLaunchHandler.java:27) ~[fmlloader-1.20.1-47.2.0.jar%2369!/:?]
	at cpw.mods.modlauncher.LaunchServiceHandlerDecorator.launch(LaunchServiceHandlerDecorator.java:30) ~[modlauncher-10.0.9.jar%2355!/:?]
	at cpw.mods.modlauncher.LaunchServiceHandler.launch(LaunchServiceHandler.java:53) ~[modlauncher-10.0.9.jar%2355!/:?]
	at cpw.mods.modlauncher.LaunchServiceHandler.launch(LaunchServiceHandler.java:71) ~[modlauncher-10.0.9.jar%2355!/:?]
	at cpw.mods.modlauncher.Launcher.run(Launcher.java:108) ~[modlauncher-10.0.9.jar%2355!/:?]
	at cpw.mods.modlauncher.Launcher.main(Launcher.java:78) ~[modlauncher-10.0.9.jar%2355!/:?]
	at cpw.mods.modlauncher.BootstrapLaunchConsumer.accept(BootstrapLaunchConsumer.java:26) ~[modlauncher-10.0.9.jar%2355!/:?]
	at cpw.mods.modlauncher.BootstrapLaunchConsumer.accept(BootstrapLaunchConsumer.java:23) ~[modlauncher-10.0.9.jar%2355!/:?]
	at cpw.mods.bootstraplauncher.BootstrapLauncher.main(BootstrapLauncher.java:141) ~[bootstraplauncher-1.1.2.jar:?]
[24Nov2024 15:07:52.113] [main/WARN] [Fabric Resource Conditions/]: Skipping object {"fabric:load_conditions":[{"condition":"simpleradio:items_enabled","values":["spuddie_talkie"]}],"parent":"minecraft:recipes/root","criteria":{"has_copper_ingot":{"conditions":{"items":[{"items":["minecraft:copper_ingot"]}]},"trigger":"minecraft:inventory_changed"},"has_iron_ingot":{"conditions":{"items":[{"items":["minecraft:iron_ingot"]}]},"trigger":"minecraft:inventory_changed"},"has_potato":{"conditions":{"items":[{"items":["minecraft:potato"]}]},"trigger":"minecraft:inventory_changed"},"has_the_recipe":{"conditions":{"recipe":"simpleradio:spuddie_talkie"},"trigger":"minecraft:recipe_unlocked"}},"requirements":[["has_the_recipe","has_iron_ingot","has_potato","has_copper_ingot"]],"rewards":{"recipes":["simpleradio:spuddie_talkie"]},"sends_telemetry_event":false}. Failed to parse resource conditions
com.google.gson.JsonParseException: Unknown recipe condition: simpleradio:items_enabled
	at net.fabricmc.fabric.api.resource.conditions.v1.ResourceConditions.conditionMatches(ResourceConditions.java:169) ~[fabric-resource-conditions-api-v1-2.3.8+9ad825cd77.jar%23938!/:2.3.8+9ad825cd77]
	at net.fabricmc.fabric.api.resource.conditions.v1.ResourceConditions.conditionsMatch(ResourceConditions.java:148) ~[fabric-resource-conditions-api-v1-2.3.8+9ad825cd77.jar%23938!/:2.3.8+9ad825cd77]
	at net.fabricmc.fabric.api.resource.conditions.v1.ResourceConditions.objectMatchesConditions(ResourceConditions.java:131) ~[fabric-resource-conditions-api-v1-2.3.8+9ad825cd77.jar%23938!/:2.3.8+9ad825cd77]
	at net.minecraft.server.packs.resources.SimpleJsonResourceReloadListener.fabric_applyResourceConditions(SimpleJsonResourceReloadListener.java:561) ~[server-1.20.1-20230612.114412-srg.jar%23699!/:?]
	at net.minecraft.server.packs.resources.SimplePreparableReloadListener.handler$baj000$fabric_resource_conditions_api_v1$applyResourceConditions(SimplePreparableReloadListener.java:537) ~[server-1.20.1-20230612.114412-srg.jar%23699!/:?]
	at net.minecraft.server.packs.resources.SimplePreparableReloadListener.m_10789_(SimplePreparableReloadListener.java) ~[server-1.20.1-20230612.114412-srg.jar%23699!/:?]
	at java.util.concurrent.CompletableFuture$UniAccept.tryFire(CompletableFuture.java:718) ~[?:?]
	at java.util.concurrent.CompletableFuture$Completion.run(CompletableFuture.java:482) ~[?:?]
	at net.minecraft.server.packs.resources.SimpleReloadInstance.m_143940_(SimpleReloadInstance.java:69) ~[server-1.20.1-20230612.114412-srg.jar%23699!/:?]
	at net.minecraft.Util.m_214652_(Util.java:783) ~[server-1.20.1-20230612.114412-srg.jar%23699!/:?]
	at net.minecraft.Util.m_214679_(Util.java:772) ~[server-1.20.1-20230612.114412-srg.jar%23699!/:?]
	at net.minecraft.server.Main.main(Main.java:166) ~[server-1.20.1-20230612.114412-srg.jar%23699!/:?]
	at jdk.internal.reflect.DirectMethodHandleAccessor.invoke(DirectMethodHandleAccessor.java:103) ~[?:?]
	at java.lang.reflect.Method.invoke(Method.java:580) ~[?:?]
	at net.minecraftforge.fml.loading.targets.CommonLaunchHandler.runTarget(CommonLaunchHandler.java:111) ~[fmlloader-1.20.1-47.2.0.jar%2369!/:?]
	at net.minecraftforge.fml.loading.targets.CommonLaunchHandler.serverService(CommonLaunchHandler.java:103) ~[fmlloader-1.20.1-47.2.0.jar%2369!/:?]
	at net.minecraftforge.fml.loading.targets.CommonServerLaunchHandler.lambda$makeService$0(CommonServerLaunchHandler.java:27) ~[fmlloader-1.20.1-47.2.0.jar%2369!/:?]
	at cpw.mods.modlauncher.LaunchServiceHandlerDecorator.launch(LaunchServiceHandlerDecorator.java:30) ~[modlauncher-10.0.9.jar%2355!/:?]
	at cpw.mods.modlauncher.LaunchServiceHandler.launch(LaunchServiceHandler.java:53) ~[modlauncher-10.0.9.jar%2355!/:?]
	at cpw.mods.modlauncher.LaunchServiceHandler.launch(LaunchServiceHandler.java:71) ~[modlauncher-10.0.9.jar%2355!/:?]
	at cpw.mods.modlauncher.Launcher.run(Launcher.java:108) ~[modlauncher-10.0.9.jar%2355!/:?]
	at cpw.mods.modlauncher.Launcher.main(Launcher.java:78) ~[modlauncher-10.0.9.jar%2355!/:?]
	at cpw.mods.modlauncher.BootstrapLaunchConsumer.accept(BootstrapLaunchConsumer.java:26) ~[modlauncher-10.0.9.jar%2355!/:?]
	at cpw.mods.modlauncher.BootstrapLaunchConsumer.accept(BootstrapLaunchConsumer.java:23) ~[modlauncher-10.0.9.jar%2355!/:?]
	at cpw.mods.bootstraplauncher.BootstrapLauncher.main(BootstrapLauncher.java:141) ~[bootstraplauncher-1.1.2.jar:?]
[24Nov2024 15:07:52.115] [main/WARN] [Fabric Resource Conditions/]: Skipping object {"fabric:load_conditions":[{"condition":"simpleradio:items_enabled","values":["speaker_module"]}],"parent":"minecraft:recipes/root","criteria":{"has_iron_ingot":{"conditions":{"items":[{"items":["minecraft:iron_ingot"]}]},"trigger":"minecraft:inventory_changed"},"has_note_block":{"conditions":{"items":[{"items":["minecraft:note_block"]}]},"trigger":"minecraft:inventory_changed"},"has_the_recipe":{"conditions":{"recipe":"simpleradio:speaker_module"},"trigger":"minecraft:recipe_unlocked"}},"requirements":[["has_the_recipe","has_iron_ingot","has_note_block"]],"rewards":{"recipes":["simpleradio:speaker_module"]},"sends_telemetry_event":false}. Failed to parse resource conditions
com.google.gson.JsonParseException: Unknown recipe condition: simpleradio:items_enabled
	at net.fabricmc.fabric.api.resource.conditions.v1.ResourceConditions.conditionMatches(ResourceConditions.java:169) ~[fabric-resource-conditions-api-v1-2.3.8+9ad825cd77.jar%23938!/:2.3.8+9ad825cd77]
	at net.fabricmc.fabric.api.resource.conditions.v1.ResourceConditions.conditionsMatch(ResourceConditions.java:148) ~[fabric-resource-conditions-api-v1-2.3.8+9ad825cd77.jar%23938!/:2.3.8+9ad825cd77]
	at net.fabricmc.fabric.api.resource.conditions.v1.ResourceConditions.objectMatchesConditions(ResourceConditions.java:131) ~[fabric-resource-conditions-api-v1-2.3.8+9ad825cd77.jar%23938!/:2.3.8+9ad825cd77]
	at net.minecraft.server.packs.resources.SimpleJsonResourceReloadListener.fabric_applyResourceConditions(SimpleJsonResourceReloadListener.java:561) ~[server-1.20.1-20230612.114412-srg.jar%23699!/:?]
	at net.minecraft.server.packs.resources.SimplePreparableReloadListener.handler$baj000$fabric_resource_conditions_api_v1$applyResourceConditions(SimplePreparableReloadListener.java:537) ~[server-1.20.1-20230612.114412-srg.jar%23699!/:?]
	at net.minecraft.server.packs.resources.SimplePreparableReloadListener.m_10789_(SimplePreparableReloadListener.java) ~[server-1.20.1-20230612.114412-srg.jar%23699!/:?]
	at java.util.concurrent.CompletableFuture$UniAccept.tryFire(CompletableFuture.java:718) ~[?:?]
	at java.util.concurrent.CompletableFuture$Completion.run(CompletableFuture.java:482) ~[?:?]
	at net.minecraft.server.packs.resources.SimpleReloadInstance.m_143940_(SimpleReloadInstance.java:69) ~[server-1.20.1-20230612.114412-srg.jar%23699!/:?]
	at net.minecraft.Util.m_214652_(Util.java:783) ~[server-1.20.1-20230612.114412-srg.jar%23699!/:?]
	at net.minecraft.Util.m_214679_(Util.java:772) ~[server-1.20.1-20230612.114412-srg.jar%23699!/:?]
	at net.minecraft.server.Main.main(Main.java:166) ~[server-1.20.1-20230612.114412-srg.jar%23699!/:?]
	at jdk.internal.reflect.DirectMethodHandleAccessor.invoke(DirectMethodHandleAccessor.java:103) ~[?:?]
	at java.lang.reflect.Method.invoke(Method.java:580) ~[?:?]
	at net.minecraftforge.fml.loading.targets.CommonLaunchHandler.runTarget(CommonLaunchHandler.java:111) ~[fmlloader-1.20.1-47.2.0.jar%2369!/:?]
	at net.minecraftforge.fml.loading.targets.CommonLaunchHandler.serverService(CommonLaunchHandler.java:103) ~[fmlloader-1.20.1-47.2.0.jar%2369!/:?]
	at net.minecraftforge.fml.loading.targets.CommonServerLaunchHandler.lambda$makeService$0(CommonServerLaunchHandler.java:27) ~[fmlloader-1.20.1-47.2.0.jar%2369!/:?]
	at cpw.mods.modlauncher.LaunchServiceHandlerDecorator.launch(LaunchServiceHandlerDecorator.java:30) ~[modlauncher-10.0.9.jar%2355!/:?]
	at cpw.mods.modlauncher.LaunchServiceHandler.launch(LaunchServiceHandler.java:53) ~[modlauncher-10.0.9.jar%2355!/:?]
	at cpw.mods.modlauncher.LaunchServiceHandler.launch(LaunchServiceHandler.java:71) ~[modlauncher-10.0.9.jar%2355!/:?]
	at cpw.mods.modlauncher.Launcher.run(Launcher.java:108) ~[modlauncher-10.0.9.jar%2355!/:?]
	at cpw.mods.modlauncher.Launcher.main(Launcher.java:78) ~[modlauncher-10.0.9.jar%2355!/:?]
	at cpw.mods.modlauncher.BootstrapLaunchConsumer.accept(BootstrapLaunchConsumer.java:26) ~[modlauncher-10.0.9.jar%2355!/:?]
	at cpw.mods.modlauncher.BootstrapLaunchConsumer.accept(BootstrapLaunchConsumer.java:23) ~[modlauncher-10.0.9.jar%2355!/:?]
	at cpw.mods.bootstraplauncher.BootstrapLauncher.main(BootstrapLauncher.java:141) ~[bootstraplauncher-1.1.2.jar:?]
[24Nov2024 15:07:52.170] [main/ERROR] [net.minecraft.server.ServerAdvancementManager/]: Parsing error loading custom advancement sophisticatedstorage:recipes/misc/backpack_chipped_mason_table_upgrade_from_storage_chipped_mason_table_upgrade: Unknown item id 'sophisticatedstorage:chipped/mason_table_upgrade'
[24Nov2024 15:07:52.180] [main/ERROR] [net.minecraft.server.ServerAdvancementManager/]: Parsing error loading custom advancement create_central_kitchen:recipes/crafting/sap_bucket_from_bottles: Unknown item id 'autumnity:sap_bottle'
[24Nov2024 15:07:52.183] [main/ERROR] [net.minecraft.server.ServerAdvancementManager/]: Parsing error loading custom advancement sophisticatedstorage:recipes/misc/backpack_chipped_glassblower_upgrade_from_storage_chipped_glassblower_upgrade: Unknown item id 'sophisticatedstorage:chipped/glassblower_upgrade'
[24Nov2024 15:07:52.185] [main/ERROR] [net.minecraft.server.ServerAdvancementManager/]: Parsing error loading custom advancement sophisticatedstorage:recipes/misc/storage_chipped_carpenters_table_upgrade_from_backpack_chipped_carpenters_table_upgrade: Unknown item id 'sophisticatedbackpacks:chipped/carpenters_table_upgrade'
[24Nov2024 15:07:52.194] [main/ERROR] [net.minecraft.server.ServerAdvancementManager/]: Parsing error loading custom advancement sophisticatedstorage:recipes/misc/storage_chipped_alchemy_bench_upgrade_from_backpack_chipped_alchemy_bench_upgrade: Unknown item id 'sophisticatedbackpacks:chipped/alchemy_bench_upgrade'
[24Nov2024 15:07:52.202] [main/ERROR] [net.minecraft.server.ServerAdvancementManager/]: Parsing error loading custom advancement sophisticatedstorage:recipes/misc/backpack_chipped_loom_table_upgrade_from_storage_chipped_loom_table_upgrade: Unknown item id 'sophisticatedstorage:chipped/loom_table_upgrade'
[24Nov2024 15:07:52.211] [main/ERROR] [net.minecraft.server.ServerAdvancementManager/]: Parsing error loading custom advancement spartanshields:recipes/basic_mekanists_tower_shield: Unknown item id 'mekanism:energy_tablet'
[24Nov2024 15:07:52.232] [main/ERROR] [net.minecraft.server.ServerAdvancementManager/]: Parsing error loading custom advancement sophisticatedstorage:recipes/misc/storage_chipped_botanist_workbench_upgrade_from_backpack_chipped_botanist_workbench_upgrade: Unknown item id 'sophisticatedbackpacks:chipped/botanist_workbench_upgrade'
[24Nov2024 15:07:52.241] [main/ERROR] [net.minecraft.server.ServerAdvancementManager/]: Parsing error loading custom advancement sophisticatedstorage:recipes/misc/storage_chipped_tinkering_table_upgrade_from_backpack_chipped_tinkering_table_upgrade: Unknown item id 'sophisticatedbackpacks:chipped/tinkering_table_upgrade'
[24Nov2024 15:07:52.260] [main/ERROR] [net.minecraft.server.ServerAdvancementManager/]: Parsing error loading custom advancement create_central_kitchen:recipes/crafting/sap_bottles_from_bucket: Unknown item id 'create_central_kitchen:sap_bucket'
[24Nov2024 15:07:52.262] [main/ERROR] [net.minecraft.server.ServerAdvancementManager/]: Parsing error loading custom advancement spartanshields:recipes/dark_steel_riot_basic_shield: Unknown item id 'enderio:octadic_capacitor'
[24Nov2024 15:07:52.277] [main/ERROR] [net.minecraft.server.ServerAdvancementManager/]: Parsing error loading custom advancement sophisticatedstorage:recipes/misc/storage_chipped_loom_table_upgrade_from_backpack_chipped_loom_table_upgrade: Unknown item id 'sophisticatedbackpacks:chipped/loom_table_upgrade'
[24Nov2024 15:07:52.282] [main/ERROR] [net.minecraft.server.ServerAdvancementManager/]: Parsing error loading custom advancement sophisticatedstorage:recipes/misc/backpack_chipped_carpenters_table_upgrade_from_storage_chipped_carpenters_table_upgrade: Unknown item id 'sophisticatedstorage:chipped/carpenters_table_upgrade'
[24Nov2024 15:07:52.388] [main/ERROR] [net.minecraft.server.ServerAdvancementManager/]: Parsing error loading custom advancement sophisticatedstorage:recipes/misc/backpack_chipped_botanist_workbench_upgrade_from_storage_chipped_botanist_workbench_upgrade: Unknown item id 'sophisticatedstorage:chipped/botanist_workbench_upgrade'
[24Nov2024 15:07:52.389] [main/ERROR] [net.minecraft.server.ServerAdvancementManager/]: Parsing error loading custom advancement sophisticatedstorage:recipes/misc/storage_chipped_glassblower_upgrade_from_backpack_chipped_glassblower_upgrade: Unknown item id 'sophisticatedbackpacks:chipped/glassblower_upgrade'
[24Nov2024 15:07:52.392] [main/ERROR] [net.minecraft.server.ServerAdvancementManager/]: Parsing error loading custom advancement sophisticatedstorage:recipes/misc/storage_chipped_mason_table_upgrade_from_backpack_chipped_mason_table_upgrade: Unknown item id 'sophisticatedbackpacks:chipped/mason_table_upgrade'
[24Nov2024 15:07:52.397] [main/ERROR] [net.minecraft.server.ServerAdvancementManager/]: Parsing error loading custom advancement spartanshields:recipes/dark_steel_riot_tower_shield: Unknown item id 'enderio:octadic_capacitor'
[24Nov2024 15:07:52.400] [main/ERROR] [net.minecraft.server.ServerAdvancementManager/]: Parsing error loading custom advancement sophisticatedstorage:recipes/misc/backpack_chipped_tinkering_table_upgrade_from_storage_chipped_tinkering_table_upgrade: Unknown item id 'sophisticatedstorage:chipped/tinkering_table_upgrade'
[24Nov2024 15:07:52.402] [main/ERROR] [net.minecraft.server.ServerAdvancementManager/]: Parsing error loading custom advancement sophisticatedstorage:recipes/misc/backpack_chipped_alchemy_bench_upgrade_from_storage_chipped_alchemy_bench_upgrade: Unknown item id 'sophisticatedstorage:chipped/alchemy_bench_upgrade'
[24Nov2024 15:07:52.403] [main/ERROR] [net.minecraft.server.ServerAdvancementManager/]: Parsing error loading custom advancement spartanshields:recipes/basic_mekanists_basic_shield: Unknown item id 'mekanism:energy_tablet'
[24Nov2024 15:07:52.441] [main/INFO] [net.minecraft.advancements.AdvancementList/]: Loaded 8883 advancements
[24Nov2024 15:07:52.456] [main/INFO] [placebo/]: Registered 0 additional recipes.
[24Nov2024 15:07:52.456] [main/INFO] [io.github.mortuusars.exposure.Exposure/]: Loading exposure lenses:
[24Nov2024 15:07:52.457] [main/INFO] [io.github.mortuusars.exposure.Exposure/]: Lens [exposure:spyglass, FocalRange[min=55, max=200]] added.
[24Nov2024 15:07:52.955] [main/INFO] [rechiseled/]: Loaded 66 chiseling recipes
[24Nov2024 15:07:53.005] [main/INFO] [twilightforest/]: Loaded 9 Stalactite configs!
[24Nov2024 15:07:53.034] [main/INFO] [top.theillusivec4.curios.Curios/]: Loaded 15 curio slots
[24Nov2024 15:07:53.060] [main/ERROR] [top.theillusivec4.curios.Curios/]: talisman is not a registered slot type!
[24Nov2024 15:07:53.060] [main/ERROR] [top.theillusivec4.curios.Curios/]: ring2 is not a registered slot type!
[24Nov2024 15:07:53.061] [main/INFO] [top.theillusivec4.curios.Curios/]: Loaded 10 curio entities
[24Nov2024 15:07:53.127] [main/INFO] [someassemblyrequired.SomeAssemblyRequired/]: Loaded 64 sandwich ingredients
[24Nov2024 15:07:53.128] [main/INFO] [com.teamabnormals.blueprint.core.Blueprint/]: Chunk Generator Modification Manager has loaded 0 modifier groups
[24Nov2024 15:07:53.132] [main/INFO] [com.cstav.evenmoreinstruments.item.emirecord.RecordRepository/]: Successfully loaded burned record evenmoreinstruments:oven_kid
[24Nov2024 15:07:53.134] [main/INFO] [com.cstav.evenmoreinstruments.item.emirecord.RecordRepository/]: Successfully loaded burned record evenmoreinstruments:super_idol
[24Nov2024 15:07:53.135] [main/INFO] [com.cstav.evenmoreinstruments.item.emirecord.RecordRepository/]: Successfully loaded burned record evenmoreinstruments:johnny
[24Nov2024 15:07:53.137] [main/INFO] [com.cstav.evenmoreinstruments.item.emirecord.RecordRepository/]: Successfully loaded burned record evenmoreinstruments:rickroll
[24Nov2024 15:07:53.138] [main/INFO] [com.cstav.evenmoreinstruments.item.emirecord.RecordRepository/]: Successfully loaded burned record evenmoreinstruments:sad_violin
[24Nov2024 15:07:53.140] [main/INFO] [quark-zeta/]: Modified advancement minecraft:husbandry/wax_on with 2 patches
[24Nov2024 15:07:53.140] [main/INFO] [quark-zeta/]: Modified advancement minecraft:adventure/kill_a_mob with 3 patches
[24Nov2024 15:07:53.141] [main/INFO] [quark-zeta/]: Modified advancement minecraft:husbandry/bred_all_animals with 3 patches
[24Nov2024 15:07:53.141] [main/INFO] [quark-zeta/]: Modified advancement minecraft:adventure/kill_all_mobs with 3 patches
[24Nov2024 15:07:53.142] [main/INFO] [quark-zeta/]: Modified advancement minecraft:husbandry/balanced_diet with 3 patches
[24Nov2024 15:07:53.142] [main/INFO] [quark-zeta/]: Modified advancement minecraft:husbandry/plant_seed with 1 patches
[24Nov2024 15:07:53.143] [main/INFO] [quark-zeta/]: Modified advancement minecraft:nether/all_effects with 2 patches
[24Nov2024 15:07:53.143] [main/INFO] [quark-zeta/]: Modified advancement minecraft:husbandry/wax_off with 2 patches
[24Nov2024 15:07:53.144] [main/INFO] [quark-zeta/]: Modified advancement minecraft:adventure/adventuring_time with 1 patches
[24Nov2024 15:07:53.144] [main/INFO] [quark-zeta/]: Modified advancement minecraft:nether/all_potions with 1 patches
[24Nov2024 15:07:53.154] [main/INFO] [Supplementaries/]: Loaded 27 flute songs
[24Nov2024 15:07:53.176] [main/INFO] [hordes/]: Loaded entity minecraft:zombie as entity.minecraft.zombie with weight 35, min day 0 and max day 20
[24Nov2024 15:07:53.176] [main/INFO] [hordes/]: Loaded entity minecraft:zombie_villager as entity.minecraft.zombie_villager with weight 1, min day 0 and max day 20
[24Nov2024 15:07:53.176] [main/INFO] [hordes/]: Loaded entity minecraft:zombie_horse as entity.minecraft.zombie_horse with weight 3, min day 20 and max day 40
[24Nov2024 15:07:53.177] [main/INFO] [hordes/]: Loaded entity minecraft:husk as entity.minecraft.husk with weight 40, min day 20 and max day 40
[24Nov2024 15:07:53.177] [main/INFO] [hordes/]: Loaded entity minecraft:drowned as entity.minecraft.drowned with weight 3, min day 30 and max day 40
[24Nov2024 15:07:53.178] [main/INFO] [hordes/]: Loaded entity minecraft:zoglin as entity.minecraft.zoglin with weight 3, min day 40 and max day 40
[24Nov2024 15:07:53.178] [main/INFO] [hordes/]: Loaded entity minecraft:zombified_piglin as entity.minecraft.zombified_piglin with weight 10, min day 40 and max day 0
[24Nov2024 15:07:53.178] [main/INFO] [hordes/]: Loaded entity minecraft:husk as entity.minecraft.husk with weight 25, min day 50 and max day 0
[24Nov2024 15:07:53.179] [main/INFO] [hordes/]: Loaded entity minecraft:zoglin as entity.minecraft.zoglin with weight 3, min day 50 and max day 0
[24Nov2024 15:07:53.179] [main/INFO] [hordes/]: Loaded entity minecraft:zombie_horse as entity.minecraft.zombie_horse with weight 3, min day 50 and max day 0
[24Nov2024 15:07:53.180] [main/INFO] [hordes/]: loaded horde table hordes:default
[24Nov2024 15:07:53.180] [main/INFO] [hordes/]: Loaded entity minecraft:drowned as entity.minecraft.drowned with weight 40, min day 0 and max day 20
[24Nov2024 15:07:53.180] [main/INFO] [hordes/]: Loaded entity minecraft:drowned as entity.minecraft.drowned with weight 3, min day 30 and max day 40
[24Nov2024 15:07:53.181] [main/INFO] [hordes/]: loaded horde table hordes:drowned
[24Nov2024 15:07:53.181] [main/INFO] [hordes/]: Loaded entity minecraft:zombie as entity.minecraft.zombie with weight 20, min day 0 and max day 20
[24Nov2024 15:07:53.182] [main/INFO] [hordes/]: Loaded entity minecraft:skeleton as entity.minecraft.skeleton with weight 10, min day 20 and max day 30
[24Nov2024 15:07:53.182] [main/INFO] [hordes/]: Loaded entity minecraft:spider as entity.minecraft.spider with weight 15, min day 20 and max day 30
[24Nov2024 15:07:53.182] [main/INFO] [hordes/]: Loaded entity minecraft:creeper as entity.minecraft.creeper with weight 5, min day 30 and max day 30
[24Nov2024 15:07:53.183] [main/INFO] [hordes/]: Loaded entity minecraft:husk as entity.minecraft.husk with weight 20, min day 30 and max day 50
[24Nov2024 15:07:53.183] [main/INFO] [hordes/]: Loaded entity minecraft:stray as entity.minecraft.stray with weight 10, min day 40 and max day 50
[24Nov2024 15:07:53.183] [main/INFO] [hordes/]: Loaded entity minecraft:cave_spider as entity.minecraft.cave_spider with weight 10, min day 40 and max day 50
[24Nov2024 15:07:53.184] [main/INFO] [hordes/]: Loaded entity minecraft:witch as entity.minecraft.witch with weight 5, min day 40 and max day 50
[24Nov2024 15:07:53.184] [main/INFO] [hordes/]: Loaded entity minecraft:pillager as entity.minecraft.pillager with weight 10, min day 40 and max day 50
[24Nov2024 15:07:53.185] [main/INFO] [hordes/]: Loaded entity minecraft:zombified_piglin as entity.minecraft.zombified_piglin with weight 10, min day 40 and max day 50
[24Nov2024 15:07:53.185] [main/INFO] [hordes/]: Loaded entity minecraft:zombie_horse as entity.minecraft.zombie_horse with weight 3, min day 40 and max day 50
[24Nov2024 15:07:53.185] [main/INFO] [hordes/]: Loaded entity minecraft:wither_skeleton as entity.minecraft.wither_skeleton with weight 10, min day 50 and max day 0
[24Nov2024 15:07:53.186] [main/INFO] [hordes/]: Loaded entity minecraft:phantom as entity.minecraft.phantom with weight 5, min day 50 and max day 50
[24Nov2024 15:07:53.186] [main/INFO] [hordes/]: Loaded entity minecraft:vindicator as entity.minecraft.vindicator with weight 10, min day 50 and max day 50
[24Nov2024 15:07:53.187] [main/INFO] [hordes/]: Loaded entity minecraft:zoglin as entity.minecraft.zoglin with weight 5, min day 40 and max day 40
[24Nov2024 15:07:53.187] [main/INFO] [hordes/]: Loaded entity minecraft:ravager as entity.minecraft.ravager with weight 5, min day 50 and max day 50
[24Nov2024 15:07:53.187] [main/INFO] [hordes/]: Loaded entity minecraft:evoker as entity.minecraft.evoker with weight 5, min day 50 and max day 50
[24Nov2024 15:07:53.188] [main/INFO] [hordes/]: Loaded entity minecraft:piglin_brute as entity.minecraft.piglin_brute with weight 10, min day 60 and max day 0
[24Nov2024 15:07:53.188] [main/INFO] [hordes/]: Loaded entity minecraft:cave_spider as entity.minecraft.cave_spider with weight 15, min day 60 and max day 0
[24Nov2024 15:07:53.189] [main/INFO] [hordes/]: Loaded entity minecraft:zombie_horse as entity.minecraft.zombie_horse with weight 5, min day 60 and max day 0
[24Nov2024 15:07:53.189] [main/INFO] [hordes/]: Loaded entity minecraft:ravager as entity.minecraft.ravager with weight 3, min day 60 and max day 0
[24Nov2024 15:07:53.189] [main/INFO] [hordes/]: Loaded entity minecraft:phantom as entity.minecraft.phantom with weight 3, min day 60 and max day 0
[24Nov2024 15:07:53.190] [main/INFO] [hordes/]: loaded horde table hordes:mixed_mobs
[24Nov2024 15:07:53.190] [main/INFO] [hordes/]: Loaded entity minecraft:pillager as entity.minecraft.pillager with weight 15, min day 0 and max day 0
[24Nov2024 15:07:53.190] [main/INFO] [hordes/]: Loaded entity minecraft:vindicator as entity.minecraft.vindicator with weight 10, min day 0 and max day 0
[24Nov2024 15:07:53.191] [main/INFO] [hordes/]: Loaded entity minecraft:witch as entity.minecraft.witch with weight 5, min day 20 and max day 0
[24Nov2024 15:07:53.191] [main/INFO] [hordes/]: Loaded entity minecraft:ravager as entity.minecraft.ravager with weight 5, min day 30 and max day 40
[24Nov2024 15:07:53.192] [main/INFO] [hordes/]: Loaded entity minecraft:evoker as entity.minecraft.evoker with weight 3, min day 40 and max day 40
[24Nov2024 15:07:53.192] [main/INFO] [hordes/]: Loaded entity minecraft:illusioner as entity.minecraft.illusioner with weight 5, min day 50 and max day 0
[24Nov2024 15:07:53.192] [main/INFO] [hordes/]: Loaded entity minecraft:ravager as entity.minecraft.ravager with weight 3, min day 50 and max day 0
[24Nov2024 15:07:53.192] [main/INFO] [hordes/]: Loaded entity minecraft:ravager as entity.minecraft.ravager with weight 5, min day 50 and max day 0
[24Nov2024 15:07:53.192] [main/INFO] [hordes/]: loaded horde table hordes:illagers
[24Nov2024 15:07:53.192] [main/INFO] [hordes/]: Loaded entity minecraft:skeleton as entity.minecraft.skeleton with weight 10, min day 0 and max day 20
[24Nov2024 15:07:53.192] [main/INFO] [hordes/]: Loaded entity minecraft:skeleton as entity.minecraft.skeleton with weight 20, min day 0 and max day 30
[24Nov2024 15:07:53.193] [main/INFO] [hordes/]: Loaded entity minecraft:skeleton_horse as entity.minecraft.skeleton_horse with weight 5, min day 20 and max day 50
[24Nov2024 15:07:53.193] [main/INFO] [hordes/]: Loaded entity minecraft:stray as entity.minecraft.stray with weight 10, min day 20 and max day 0
[24Nov2024 15:07:53.193] [main/INFO] [hordes/]: Loaded entity minecraft:wither_skeleton as entity.minecraft.wither_skeleton with weight 10, min day 40 and max day 0
[24Nov2024 15:07:53.193] [main/INFO] [hordes/]: Loaded entity minecraft:skeleton_horse as entity.minecraft.skeleton_horse with weight 5, min day 40 and max day 0
[24Nov2024 15:07:53.193] [main/INFO] [hordes/]: loaded horde table hordes:skeletons
[24Nov2024 15:07:53.193] [main/INFO] [hordes/]: Loaded entity minecraft:zombie as entity.minecraft.zombie with weight 30, min day 0 and max day 0
[24Nov2024 15:07:53.193] [main/INFO] [hordes/]: loaded horde table hordes:fallback
[24Nov2024 15:07:53.197] [main/INFO] [hordes/]: loaded horde script hordes:default
[24Nov2024 15:07:53.197] [main/INFO] [hordes/]: Loading conversion tables
[24Nov2024 15:07:53.198] [main/INFO] [hordes/]: Loading conversion table hordes:infection_conversions
[24Nov2024 15:07:53.200] [main/INFO] [hordes/]: Loaded conversion entity.minecraft.horse to entity.minecraft.zombie_horse with chance of 0.65
[24Nov2024 15:07:53.200] [main/INFO] [hordes/]: Loaded conversion entity.minecraft.piglin to entity.minecraft.zombified_piglin with chance of 0.75
[24Nov2024 15:07:53.200] [main/INFO] [hordes/]: Loaded conversion entity.minecraft.piglin_brute to entity.minecraft.zombified_piglin{Attributes:[{Base:50.0f,Name:"generic.max_health"}],chat_name:"entity.hordes.ZombifiedPiglinBrute.name",texture:"hordes:textures/entity/zombified_piglin_brute.png"} with chance of 0.35
[24Nov2024 15:07:53.201] [main/INFO] [hordes/]: Loaded conversion entity.minecraft.hoglin to entity.minecraft.zoglin with chance of 0.15
[24Nov2024 15:07:53.201] [main/INFO] [hordes/]: Loaded conversion entity.minecraft.wandering_trader to entity.minecraft.zombie_villager{VillagerData:{type:"none"},chat_name:"entity.hordes.ZombieWanderingTrader.name",texture:"hordes:textures/entity/zombie_wandering_trader.png"} with chance of 0.75
[24Nov2024 15:07:53.201] [main/INFO] [hordes/]: Loaded conversion entity.minecraft.pillager to entity.minecraft.zombie_villager{Attributes:[{Base:24.0f,Name:"generic.max_health"}],VillagerData:{type:"none"},chat_name:"entity.hordes.ZombiePillager.name",texture:"hordes:textures/entity/zombie_pillager.png"} with chance of 0.75
[24Nov2024 15:07:53.201] [main/INFO] [hordes/]: Loaded conversion entity.minecraft.vindicator to entity.minecraft.zombie_villager{Attributes:[{Base:24.0f,Name:"generic.max_health"}],VillagerData:{type:"none"},chat_name:"entity.hordes.ZombieVindicator.name",texture:"hordes:textures/entity/zombie_vindicator.png"} with chance of 0.35
[24Nov2024 15:07:53.201] [main/INFO] [hordes/]: Loaded conversion entity.minecraft.evoker to entity.minecraft.zombie_villager{Attributes:[{Base:24.0f,Name:"generic.max_health"}],VillagerData:{type:"none"},chat_name:"entity.hordes.ZombieEvoker.name",texture:"hordes:textures/entity/zombie_evoker.png"} with chance of 0.5
[24Nov2024 15:07:53.202] [main/INFO] [hordes/]: Loaded conversion entity.minecraft.illusioner to entity.minecraft.zombie_villager{Attributes:[{Base:32.0f,Name:"generic.max_health"}],VillagerData:{type:"none"},chat_name:"entity.hordes.ZombieIllusioner.name",texture:"hordes:textures/entity/zombie_illusioner.png"} with chance of 0.15
[24Nov2024 15:07:53.202] [main/INFO] [hordes/]: Loaded conversion entity.minecraft.witch to entity.minecraft.zombie_villager{Attributes:[{Base:26.0f,Name:"generic.max_health"}],VillagerData:{type:"none"},chat_name:"entity.hordes.ZombieWitch.name",texture:"hordes:textures/entity/zombie_witch.png"} with chance of 0.25
[24Nov2024 15:07:53.202] [main/INFO] [hordes/]: Loading immunity item list
[24Nov2024 15:07:53.202] [main/INFO] [hordes/]: Loading immunity item list hordes:immunity_items
[24Nov2024 15:07:53.202] [main/INFO] [hordes/]: Loaded immunity item minecraft:enchanted_golden_apple with duration 150
[24Nov2024 15:07:53.203] [main/INFO] [hordes/]: Loading wearables protection list
[24Nov2024 15:07:53.203] [main/INFO] [hordes/]: Loading wearables protection list hordes:immune_wearables
[24Nov2024 15:07:53.203] [main/INFO] [hordes/]: Loaded wearable protection minecraft:leather_boots with modifier 0.95
[24Nov2024 15:07:53.204] [main/INFO] [hordes/]: Loaded wearable protection minecraft:leather_leggings with modifier 0.95
[24Nov2024 15:07:53.204] [main/INFO] [hordes/]: Loaded wearable protection minecraft:leather_chestplate with modifier 0.95
[24Nov2024 15:07:53.204] [main/INFO] [hordes/]: Loaded wearable protection minecraft:leather_helmet with modifier 0.95
[24Nov2024 15:07:53.204] [main/INFO] [hordes/]: Loaded wearable protection minecraft:chainmail_boots with modifier 0.95
[24Nov2024 15:07:53.204] [main/INFO] [hordes/]: Loaded wearable protection minecraft:chainmail_leggings with modifier 0.95
[24Nov2024 15:07:53.204] [main/INFO] [hordes/]: Loaded wearable protection minecraft:chainmail_chestplate with modifier 0.95
[24Nov2024 15:07:53.204] [main/INFO] [hordes/]: Loaded wearable protection minecraft:chainmail_helmet with modifier 0.95
[24Nov2024 15:07:53.205] [main/INFO] [hordes/]: Loaded wearable protection minecraft:iron_boots with modifier 0.9
[24Nov2024 15:07:53.205] [main/INFO] [hordes/]: Loaded wearable protection minecraft:iron_leggings with modifier 0.9
[24Nov2024 15:07:53.205] [main/INFO] [hordes/]: Loaded wearable protection minecraft:iron_chestplate with modifier 0.9
[24Nov2024 15:07:53.205] [main/INFO] [hordes/]: Loaded wearable protection minecraft:iron_helmet with modifier 0.9
[24Nov2024 15:07:53.205] [main/INFO] [hordes/]: Loaded wearable protection minecraft:golden_boots with modifier 0.9
[24Nov2024 15:07:53.205] [main/INFO] [hordes/]: Loaded wearable protection minecraft:golden_leggings with modifier 0.9
[24Nov2024 15:07:53.206] [main/INFO] [hordes/]: Loaded wearable protection minecraft:golden_chestplate with modifier 0.9
[24Nov2024 15:07:53.206] [main/INFO] [hordes/]: Loaded wearable protection minecraft:golden_helmet with modifier 0.9
[24Nov2024 15:07:53.206] [main/INFO] [hordes/]: Loaded wearable protection minecraft:diamond_boots with modifier 0.86
[24Nov2024 15:07:53.206] [main/INFO] [hordes/]: Loaded wearable protection minecraft:diamond_leggings with modifier 0.86
[24Nov2024 15:07:53.206] [main/INFO] [hordes/]: Loaded wearable protection minecraft:diamond_chestplate with modifier 0.86
[24Nov2024 15:07:53.206] [main/INFO] [hordes/]: Loaded wearable protection minecraft:diamond_helmet with modifier 0.86
[24Nov2024 15:07:53.206] [main/INFO] [hordes/]: Loaded wearable protection minecraft:netherite_boots with modifier 0.82
[24Nov2024 15:07:53.207] [main/INFO] [hordes/]: Loaded wearable protection minecraft:netherite_leggings with modifier 0.82
[24Nov2024 15:07:53.207] [main/INFO] [hordes/]: Loaded wearable protection minecraft:netherite_chestplate with modifier 0.82
[24Nov2024 15:07:53.207] [main/INFO] [hordes/]: Loaded wearable protection minecraft:netherite_helmet with modifier 0.82
[24Nov2024 15:07:53.207] [main/INFO] [hordes/]: Loaded wearable protection minecraft:turtle_helmet with modifier 0.75
[24Nov2024 15:07:53.208] [main/INFO] [placebo/]: Registered 0 gear_sets.
[24Nov2024 15:07:53.212] [main/INFO] [insane96mcp.insanelib.InsaneLib/]: Reloading InsaneLib JsonFeature Json
[24Nov2024 15:07:53.343] [main/WARN] [mixin/]: @Redirect conflict. Skipping servercore.common.mixins.json:optimizations.ticking.chunk.cache.ServerChunkCacheMixin from mod servercore->@Redirect::servercore$noList(I)Ljava/util/ArrayList; with priority 900, already redirected by canary.mixins.json:alloc.chunk_ticking.ServerChunkCacheMixin from mod canary->@Redirect::redirectChunksListClone(I)Ljava/util/ArrayList; with priority 1000
[24Nov2024 15:07:53.727] [main/INFO] [se.mickelus.mutil.data.DataStore/]: Loaded   2 tiers
[24Nov2024 15:07:53.728] [main/INFO] [se.mickelus.mutil.data.DataStore/]: Loaded   8 tweaks
[24Nov2024 15:07:53.730] [main/INFO] [se.mickelus.mutil.data.MergingDataStore/]: Loaded 307 materials
[24Nov2024 15:07:53.752] [main/INFO] [se.mickelus.mutil.data.DataStore/]: Loaded 197 improvements
[24Nov2024 15:07:53.826] [main/INFO] [se.mickelus.mutil.data.MergingDataStore/]: Loaded 101 modules
[24Nov2024 15:07:54.157] [main/INFO] [se.mickelus.mutil.data.DataStore/]: Loaded   0 enchantments
[24Nov2024 15:07:54.157] [main/INFO] [se.mickelus.mutil.data.DataStore/]: Loaded  22 synergies
[24Nov2024 15:07:54.159] [main/INFO] [se.mickelus.mutil.data.DataStore/]: Loaded  43 replacements
[24Nov2024 15:07:54.168] [main/INFO] [se.mickelus.mutil.data.MergingDataStore/]: Loaded 431 schematics
[24Nov2024 15:07:54.263] [main/INFO] [se.mickelus.mutil.data.MergingDataStore/]: Loaded  31 crafting_effects
[24Nov2024 15:07:54.269] [main/INFO] [se.mickelus.mutil.data.DataStore/]: Loaded  49 repairs
[24Nov2024 15:07:54.275] [main/INFO] [se.mickelus.mutil.data.DataStore/]: Loaded  31 actions
[24Nov2024 15:07:54.278] [main/INFO] [se.mickelus.mutil.data.DataStore/]: Loaded   0 destabilization
[24Nov2024 15:07:54.278] [main/INFO] [se.mickelus.mutil.data.DataStore/]: Loaded   0 unlocks
[24Nov2024 15:07:54.278] [main/INFO] [se.mickelus.mutil.data.DataStore/]: Loaded   0 archetypes
[24Nov2024 15:07:54.280] [ForkJoinPool.commonPool-worker-1/INFO] [xyz.nucleoid.server.translations.impl.ServerTranslations/]: Loaded 39 translation keys
[24Nov2024 15:07:54.340] [main/WARN] [net.minecraft.core.MappedRegistry/]: Not all defined tags for registry ResourceKey[minecraft:root / minecraft:worldgen/biome] are present in data pack: legendarycreatures:has_baby_scorpion, legendarycreatures:has_corpse_eater, legendarycreatures:has_desert_mojo, legendarycreatures:has_forest_mojo, legendarycreatures:has_scarecrow, minecraft:is_plains
[24Nov2024 15:07:54.408] [main/INFO] [dpanvil/]: Loaded 0 ResourceKey[dpanvil:data_managers / dpanvil:remap_keys]
[24Nov2024 15:07:54.417] [main/INFO] [Spartan Weaponry/]: Finished initialising Weapon Traits & Attributes! Took 6.620061ms
[24Nov2024 15:07:54.421] [main/INFO] [Moonlight/]: Applied 7 data villager trades
[24Nov2024 15:07:54.443] [main/WARN] [net.minecraft.network.syncher.SynchedEntityData/]: defineId called for: class net.minecraft.world.entity.player.Player from class tschipp.carryon.common.carry.CarryOnDataManager
[24Nov2024 15:07:54.677] [main/INFO] [Supplementaries/]: Finished additional setup in 0 ms
[24Nov2024 15:07:55.036] [Server thread/INFO] [net.minecraft.server.dedicated.DedicatedServer/]: Starting minecraft server version 1.20.1
[24Nov2024 15:07:55.036] [Server thread/INFO] [net.minecraft.server.dedicated.DedicatedServer/]: Loading properties
[24Nov2024 15:07:55.037] [Server thread/INFO] [net.minecraft.server.dedicated.DedicatedServer/]: Default game type: SURVIVAL
[24Nov2024 15:07:55.037] [Server thread/INFO] [net.minecraft.server.MinecraftServer/]: Generating keypair
[24Nov2024 15:07:55.090] [Server thread/INFO] [net.minecraft.server.dedicated.DedicatedServer/]: Starting Minecraft server on *:25565
[24Nov2024 15:07:55.121] [Server thread/INFO] [net.minecraft.server.network.ServerConnectionListener/]: Using epoll channel type
[24Nov2024 15:07:55.224] [Server thread/WARN] [net.minecraft.server.dedicated.DedicatedServer/]: **** SERVER IS RUNNING IN OFFLINE/INSECURE MODE!
[24Nov2024 15:07:55.252] [Server thread/WARN] [net.minecraft.server.dedicated.DedicatedServer/]: The server will make no attempt to authenticate usernames. Beware.
[24Nov2024 15:07:55.252] [Server thread/WARN] [net.minecraft.server.dedicated.DedicatedServer/]: While this makes the game possible to play without internet access, it also opens up the ability for hackers to connect with any username they choose.
[24Nov2024 15:07:55.253] [Server thread/WARN] [net.minecraft.server.dedicated.DedicatedServer/]: To change this, set "online-mode" to "true" in the server.properties file.
[24Nov2024 15:07:55.269] [Server thread/WARN] [net.minecraftforge.common.ForgeConfigSpec/CORE]: Configuration file ./SurvivalM/serverconfig/corpse-server.toml is not correct. Correcting
[24Nov2024 15:07:55.270] [Server thread/WARN] [net.minecraftforge.common.ForgeConfigSpec/CORE]: Incorrect key corpse was corrected from null to its default, SimpleCommentedConfig:{}. 
[24Nov2024 15:07:55.270] [Server thread/WARN] [net.minecraftforge.common.ForgeConfigSpec/CORE]: Incorrect key corpse.access was corrected from null to its default, SimpleCommentedConfig:{}. 
[24Nov2024 15:07:55.270] [Server thread/WARN] [net.minecraftforge.common.ForgeConfigSpec/CORE]: Incorrect key corpse.access.only_owner was corrected from null to its default, false. 
[24Nov2024 15:07:55.271] [Server thread/WARN] [net.minecraftforge.common.ForgeConfigSpec/CORE]: Incorrect key corpse.access.skeleton was corrected from null to its default, false. 
[24Nov2024 15:07:55.271] [Server thread/WARN] [net.minecraftforge.common.ForgeConfigSpec/CORE]: Incorrect key corpse.despawn was corrected from null to its default, SimpleCommentedConfig:{}. 
[24Nov2024 15:07:55.271] [Server thread/WARN] [net.minecraftforge.common.ForgeConfigSpec/CORE]: Incorrect key corpse.despawn.time was corrected from null to its default, 600. 
[24Nov2024 15:07:55.271] [Server thread/WARN] [net.minecraftforge.common.ForgeConfigSpec/CORE]: Incorrect key corpse.despawn.force_time was corrected from null to its default, -1. 
[24Nov2024 15:07:55.272] [Server thread/WARN] [net.minecraftforge.common.ForgeConfigSpec/CORE]: Incorrect key corpse.skeleton_time was corrected from null to its default, 72000. 
[24Nov2024 15:07:55.272] [Server thread/WARN] [net.minecraftforge.common.ForgeConfigSpec/CORE]: Incorrect key corpse.lie_on_face was corrected from null to its default, false. 
[24Nov2024 15:07:55.272] [Server thread/WARN] [net.minecraftforge.common.ForgeConfigSpec/CORE]: Incorrect key corpse.show_equipment was corrected from null to its default, true. 
[24Nov2024 15:07:55.272] [Server thread/WARN] [net.minecraftforge.common.ForgeConfigSpec/CORE]: Incorrect key corpse.fall_into_void was corrected from null to its default, false. 
[24Nov2024 15:07:55.272] [Server thread/WARN] [net.minecraftforge.common.ForgeConfigSpec/CORE]: Incorrect key corpse.lava_damage was corrected from null to its default, false. 
[24Nov2024 15:07:55.273] [Server thread/WARN] [net.minecraftforge.common.ForgeConfigSpec/CORE]: Incorrect key death_storage_duration was corrected from null to its default, -1. 
[24Nov2024 15:07:55.274] [Server thread/WARN] [net.minecraftforge.common.ForgeConfigSpec/CORE]: Configuration file ./SurvivalM/serverconfig/constructionwand-server.toml is not correct. Correcting
[24Nov2024 15:07:55.275] [Server thread/WARN] [net.minecraftforge.common.ForgeConfigSpec/CORE]: Incorrect key stone_wand was corrected from null to its default, SimpleCommentedConfig:{}. 
[24Nov2024 15:07:55.275] [Server thread/WARN] [net.minecraftforge.common.ForgeConfigSpec/CORE]: Incorrect key stone_wand.durability was corrected from null to its default, 131. 
[24Nov2024 15:07:55.275] [Server thread/WARN] [net.minecraftforge.common.ForgeConfigSpec/CORE]: Incorrect key stone_wand.limit was corrected from null to its default, 9. 
[24Nov2024 15:07:55.275] [Server thread/WARN] [net.minecraftforge.common.ForgeConfigSpec/CORE]: Incorrect key stone_wand.angel was corrected from null to its default, 0. 
[24Nov2024 15:07:55.275] [Server thread/WARN] [net.minecraftforge.common.ForgeConfigSpec/CORE]: Incorrect key stone_wand.destruction was corrected from null to its default, 0. 
[24Nov2024 15:07:55.275] [Server thread/WARN] [net.minecraftforge.common.ForgeConfigSpec/CORE]: Incorrect key stone_wand.upgradeable was corrected from null to its default, false. 
[24Nov2024 15:07:55.276] [Server thread/WARN] [net.minecraftforge.common.ForgeConfigSpec/CORE]: Incorrect key iron_wand was corrected from null to its default, SimpleCommentedConfig:{}. 
[24Nov2024 15:07:55.276] [Server thread/WARN] [net.minecraftforge.common.ForgeConfigSpec/CORE]: Incorrect key iron_wand.durability was corrected from null to its default, 250. 
[24Nov2024 15:07:55.276] [Server thread/WARN] [net.minecraftforge.common.ForgeConfigSpec/CORE]: Incorrect key iron_wand.limit was corrected from null to its default, 27. 
[24Nov2024 15:07:55.277] [Server thread/WARN] [net.minecraftforge.common.ForgeConfigSpec/CORE]: Incorrect key iron_wand.angel was corrected from null to its default, 2. 
[24Nov2024 15:07:55.277] [Server thread/WARN] [net.minecraftforge.common.ForgeConfigSpec/CORE]: Incorrect key iron_wand.destruction was corrected from null to its default, 9. 
[24Nov2024 15:07:55.278] [Server thread/WARN] [net.minecraftforge.common.ForgeConfigSpec/CORE]: Incorrect key iron_wand.upgradeable was corrected from null to its default, true. 
[24Nov2024 15:07:55.278] [Server thread/WARN] [net.minecraftforge.common.ForgeConfigSpec/CORE]: Incorrect key diamond_wand was corrected from null to its default, SimpleCommentedConfig:{}. 
[24Nov2024 15:07:55.279] [Server thread/WARN] [net.minecraftforge.common.ForgeConfigSpec/CORE]: Incorrect key diamond_wand.durability was corrected from null to its default, 1561. 
[24Nov2024 15:07:55.279] [Server thread/WARN] [net.minecraftforge.common.ForgeConfigSpec/CORE]: Incorrect key diamond_wand.limit was corrected from null to its default, 128. 
[24Nov2024 15:07:55.279] [Server thread/WARN] [net.minecraftforge.common.ForgeConfigSpec/CORE]: Incorrect key diamond_wand.angel was corrected from null to its default, 8. 
[24Nov2024 15:07:55.280] [Server thread/WARN] [net.minecraftforge.common.ForgeConfigSpec/CORE]: Incorrect key diamond_wand.destruction was corrected from null to its default, 25. 
[24Nov2024 15:07:55.280] [Server thread/WARN] [net.minecraftforge.common.ForgeConfigSpec/CORE]: Incorrect key diamond_wand.upgradeable was corrected from null to its default, true. 
[24Nov2024 15:07:55.280] [Server thread/WARN] [net.minecraftforge.common.ForgeConfigSpec/CORE]: Incorrect key infinity_wand was corrected from null to its default, SimpleCommentedConfig:{}. 
[24Nov2024 15:07:55.280] [Server thread/WARN] [net.minecraftforge.common.ForgeConfigSpec/CORE]: Incorrect key infinity_wand.limit was corrected from null to its default, 1024. 
[24Nov2024 15:07:55.281] [Server thread/WARN] [net.minecraftforge.common.ForgeConfigSpec/CORE]: Incorrect key infinity_wand.angel was corrected from null to its default, 16. 
[24Nov2024 15:07:55.281] [Server thread/WARN] [net.minecraftforge.common.ForgeConfigSpec/CORE]: Incorrect key infinity_wand.destruction was corrected from null to its default, 81. 
[24Nov2024 15:07:55.281] [Server thread/WARN] [net.minecraftforge.common.ForgeConfigSpec/CORE]: Incorrect key infinity_wand.upgradeable was corrected from null to its default, true. 
[24Nov2024 15:07:55.282] [Server thread/WARN] [net.minecraftforge.common.ForgeConfigSpec/CORE]: Incorrect key misc was corrected from null to its default, SimpleCommentedConfig:{}. 
[24Nov2024 15:07:55.282] [Server thread/WARN] [net.minecraftforge.common.ForgeConfigSpec/CORE]: Incorrect key misc.InfinityWandCreative was corrected from null to its default, 2048. 
[24Nov2024 15:07:55.282] [Server thread/WARN] [net.minecraftforge.common.ForgeConfigSpec/CORE]: Incorrect key misc.MaxRange was corrected from null to its default, 100. 
[24Nov2024 15:07:55.282] [Server thread/WARN] [net.minecraftforge.common.ForgeConfigSpec/CORE]: Incorrect key misc.UndoHistory was corrected from null to its default, 3. 
[24Nov2024 15:07:55.282] [Server thread/WARN] [net.minecraftforge.common.ForgeConfigSpec/CORE]: Incorrect key misc.AngelFalling was corrected from null to its default, false. 
[24Nov2024 15:07:55.283] [Server thread/WARN] [net.minecraftforge.common.ForgeConfigSpec/CORE]: Incorrect key misc.SimilarBlocks was corrected from null to its default, [minecraft:dirt;minecraft:grass_block;minecraft:coarse_dirt;minecraft:podzol;minecraft:mycelium;minecraft:farmland;minecraft:dirt_path;minecraft:rooted_dirt]. 
[24Nov2024 15:07:55.283] [Server thread/WARN] [net.minecraftforge.common.ForgeConfigSpec/CORE]: Incorrect key tileentity was corrected from null to its default, SimpleCommentedConfig:{}. 
[24Nov2024 15:07:55.284] [Server thread/WARN] [net.minecraftforge.common.ForgeConfigSpec/CORE]: Incorrect key tileentity.TEList was corrected from null to its default, [chiselsandbits]. 
[24Nov2024 15:07:55.284] [Server thread/WARN] [net.minecraftforge.common.ForgeConfigSpec/CORE]: Incorrect key tileentity.TEWhitelist was corrected from null to its default, false. 
[24Nov2024 15:07:55.285] [Server thread/WARN] [net.minecraftforge.common.ForgeConfigSpec/CORE]: Configuration file ./SurvivalM/serverconfig/fastleafdecay-server.toml is not correct. Correcting
[24Nov2024 15:07:55.286] [Server thread/WARN] [net.minecraftforge.common.ForgeConfigSpec/CORE]: Incorrect key MinimumDecayTime was corrected from null to its default, 4. 
[24Nov2024 15:07:55.286] [Server thread/WARN] [net.minecraftforge.common.ForgeConfigSpec/CORE]: Incorrect key MaximumDecayTime was corrected from null to its default, 11. 
[24Nov2024 15:07:55.296] [Server thread/INFO] [Puzzles Lib/]: Loading server config for mutantmonsters
[24Nov2024 15:07:55.298] [Server thread/WARN] [net.minecraftforge.common.ForgeConfigSpec/CORE]: Configuration file ./SurvivalM/serverconfig/mine_and_slash-server.toml is not correct. Correcting
[24Nov2024 15:07:55.298] [Server thread/WARN] [net.minecraftforge.common.ForgeConfigSpec/CORE]: Incorrect key general was corrected from null to its default, SimpleCommentedConfig:{}. 
[24Nov2024 15:07:55.298] [Server thread/WARN] [net.minecraftforge.common.ForgeConfigSpec/CORE]: Incorrect key general.ENERGY_PENALTY was corrected from null to its default, true. 
[24Nov2024 15:07:55.298] [Server thread/WARN] [net.minecraftforge.common.ForgeConfigSpec/CORE]: Incorrect key general.DO_NOT_DESPAWN_MAP_MOBS was corrected from null to its default, true. 
[24Nov2024 15:07:55.299] [Server thread/WARN] [net.minecraftforge.common.ForgeConfigSpec/CORE]: Incorrect key general.GET_STARTER_ITEMS was corrected from null to its default, true. 
[24Nov2024 15:07:55.299] [Server thread/WARN] [net.minecraftforge.common.ForgeConfigSpec/CORE]: Incorrect key general.loot_announcements was corrected from null to its default, true. 
[24Nov2024 15:07:55.299] [Server thread/WARN] [net.minecraftforge.common.ForgeConfigSpec/CORE]: Incorrect key general.require_team_for_dungeons was corrected from null to its default, true. 
[24Nov2024 15:07:55.299] [Server thread/WARN] [net.minecraftforge.common.ForgeConfigSpec/CORE]: Incorrect key general.dont_sync_ambient_mob_data was corrected from null to its default, true. 
[24Nov2024 15:07:55.299] [Server thread/WARN] [net.minecraftforge.common.ForgeConfigSpec/CORE]: Incorrect key general.maps_dont_drop_in_maps was corrected from null to its default, false. 
[24Nov2024 15:07:55.299] [Server thread/WARN] [net.minecraftforge.common.ForgeConfigSpec/CORE]: Incorrect key general.log_errors was corrected from null to its default, true. 
[24Nov2024 15:07:55.300] [Server thread/WARN] [net.minecraftforge.common.ForgeConfigSpec/CORE]: Incorrect key general.stop_error_spam was corrected from null to its default, true. 
[24Nov2024 15:07:55.300] [Server thread/WARN] [net.minecraftforge.common.ForgeConfigSpec/CORE]: Incorrect key general.STATION_SUCK_NEARBY_CHESTS was corrected from null to its default, false. 
[24Nov2024 15:07:55.300] [Server thread/WARN] [net.minecraftforge.common.ForgeConfigSpec/CORE]: Incorrect key general.min_level_map_drops was corrected from null to its default, 10. 
[24Nov2024 15:07:55.300] [Server thread/WARN] [net.minecraftforge.common.ForgeConfigSpec/CORE]: Incorrect key general.MIN_SLIME_SIZE_FOR_LOOT was corrected from null to its default, 3. 
[24Nov2024 15:07:55.300] [Server thread/WARN] [net.minecraftforge.common.ForgeConfigSpec/CORE]: Incorrect key general.DEATH_PENALTY_START_LEVEL was corrected from null to its default, 25. 
[24Nov2024 15:07:55.301] [Server thread/WARN] [net.minecraftforge.common.ForgeConfigSpec/CORE]: Incorrect key general.LEVEL_DISTANCE_PENALTY_LEEWAY was corrected from null to its default, 2. 
[24Nov2024 15:07:55.301] [Server thread/WARN] [net.minecraftforge.common.ForgeConfigSpec/CORE]: Incorrect key general.PERC_OFFHAND_WEP_STAT was corrected from null to its default, 25. 
[24Nov2024 15:07:55.301] [Server thread/WARN] [net.minecraftforge.common.ForgeConfigSpec/CORE]: Incorrect key general.regen_hunger_cost was corrected from null to its default, 10.0. 
[24Nov2024 15:07:55.301] [Server thread/WARN] [net.minecraftforge.common.ForgeConfigSpec/CORE]: Incorrect key general.death_exp_penalty was corrected from null to its default, 0.1. 
[24Nov2024 15:07:55.302] [Server thread/WARN] [net.minecraftforge.common.ForgeConfigSpec/CORE]: Incorrect key general.death_exp_debt was corrected from null to its default, 0.1. 
[24Nov2024 15:07:55.302] [Server thread/WARN] [net.minecraftforge.common.ForgeConfigSpec/CORE]: Incorrect key general.max_death_exp_debt_multi was corrected from null to its default, 1.0. 
[24Nov2024 15:07:55.302] [Server thread/WARN] [net.minecraftforge.common.ForgeConfigSpec/CORE]: Incorrect key general.exp_gain_multi was corrected from null to its default, 1.0. 
[24Nov2024 15:07:55.302] [Server thread/WARN] [net.minecraftforge.common.ForgeConfigSpec/CORE]: Incorrect key general.party_radius was corrected from null to its default, 200.0. 
[24Nov2024 15:07:55.302] [Server thread/WARN] [net.minecraftforge.common.ForgeConfigSpec/CORE]: Incorrect key general.lvl_distance_loot_penalty_per_level was corrected from null to its default, 0.1. 
[24Nov2024 15:07:55.303] [Server thread/WARN] [net.minecraftforge.common.ForgeConfigSpec/CORE]: Incorrect key general.min_loot_chance was corrected from null to its default, 0.2. 
[24Nov2024 15:07:55.303] [Server thread/WARN] [net.minecraftforge.common.ForgeConfigSpec/CORE]: Incorrect key general.extra_mob_stats_per_lvl was corrected from null to its default, 0.02. 
[24Nov2024 15:07:55.303] [Server thread/WARN] [net.minecraftforge.common.ForgeConfigSpec/CORE]: Incorrect key general.vanilla_mob_dmg_as_exile_dmg was corrected from null to its default, 1.0. 
[24Nov2024 15:07:55.303] [Server thread/WARN] [net.minecraftforge.common.ForgeConfigSpec/CORE]: Incorrect key general.pvp_dmg_multi was corrected from null to its default, 1.0. 
[24Nov2024 15:07:55.303] [Server thread/WARN] [net.minecraftforge.common.ForgeConfigSpec/CORE]: Incorrect key general.max_team_distance was corrected from null to its default, 75.0. 
[24Nov2024 15:07:55.304] [Server thread/WARN] [net.minecraftforge.common.ForgeConfigSpec/CORE]: Incorrect key general.in_combat_regen_multi was corrected from null to its default, 0.5. 
[24Nov2024 15:07:55.304] [Server thread/WARN] [net.minecraftforge.common.ForgeConfigSpec/CORE]: Incorrect key general.COMBAT_TO_PROFESSION_RESTED_XP_GENERATION was corrected from null to its default, 0.25. 
[24Nov2024 15:07:55.304] [Server thread/WARN] [net.minecraftforge.common.ForgeConfigSpec/CORE]: Incorrect key general.PROFESSION_TO_COMBAT_RESTED_XP_GENERATION was corrected from null to its default, 0.1. 
[24Nov2024 15:07:55.304] [Server thread/WARN] [net.minecraftforge.common.ForgeConfigSpec/CORE]: Incorrect key general.RESTED_XP_DEATH_PENALTY was corrected from null to its default, 0.5. 
[24Nov2024 15:07:55.304] [Server thread/WARN] [net.minecraftforge.common.ForgeConfigSpec/CORE]: Incorrect key general.favor_death_loss was corrected from null to its default, 50.0. 
[24Nov2024 15:07:55.305] [Server thread/WARN] [net.minecraftforge.common.ForgeConfigSpec/CORE]: Incorrect key general.favor_chest_gain was corrected from null to its default, 1.0. 
[24Nov2024 15:07:55.305] [Server thread/WARN] [net.minecraftforge.common.ForgeConfigSpec/CORE]: Incorrect key general.gear_drop_rate was corrected from null to its default, 7.0. 
[24Nov2024 15:07:55.305] [Server thread/WARN] [net.minecraftforge.common.ForgeConfigSpec/CORE]: Incorrect key general.soul_drop_rate was corrected from null to its default, 0.3. 
[24Nov2024 15:07:55.305] [Server thread/WARN] [net.minecraftforge.common.ForgeConfigSpec/CORE]: Incorrect key general.map_drop_rate was corrected from null to its default, 1.0. 
[24Nov2024 15:07:55.305] [Server thread/WARN] [net.minecraftforge.common.ForgeConfigSpec/CORE]: Incorrect key general.MAP_DROPRATE_INSIDE_MAPS was corrected from null to its default, 0.5. 
[24Nov2024 15:07:55.305] [Server thread/WARN] [net.minecraftforge.common.ForgeConfigSpec/CORE]: Incorrect key general.gem_drop_rate was corrected from null to its default, 1.0. 
[24Nov2024 15:07:55.306] [Server thread/WARN] [net.minecraftforge.common.ForgeConfigSpec/CORE]: Incorrect key general.UBER_FRAG_DROPRATE was corrected from null to its default, 0.02. 
[24Nov2024 15:07:55.306] [Server thread/WARN] [net.minecraftforge.common.ForgeConfigSpec/CORE]: Incorrect key general.skill_gem_drop_rate was corrected from null to its default, 3.0. 
[24Nov2024 15:07:55.306] [Server thread/WARN] [net.minecraftforge.common.ForgeConfigSpec/CORE]: Incorrect key general.support_gem_drop_rate was corrected from null to its default, 2.0. 
[24Nov2024 15:07:55.306] [Server thread/WARN] [net.minecraftforge.common.ForgeConfigSpec/CORE]: Incorrect key general.aura_gem_drop_rate was corrected from null to its default, 2.0. 
[24Nov2024 15:07:55.306] [Server thread/WARN] [net.minecraftforge.common.ForgeConfigSpec/CORE]: Incorrect key general.rune_drop_rate was corrected from null to its default, 0.5. 
[24Nov2024 15:07:55.306] [Server thread/WARN] [net.minecraftforge.common.ForgeConfigSpec/CORE]: Incorrect key general.currency_drop_rate was corrected from null to its default, 1.0. 
[24Nov2024 15:07:55.307] [Server thread/WARN] [net.minecraftforge.common.ForgeConfigSpec/CORE]: Incorrect key general.WATCHER_EYE_DROPRATE was corrected from null to its default, 33.0. 
[24Nov2024 15:07:55.307] [Server thread/WARN] [net.minecraftforge.common.ForgeConfigSpec/CORE]: Incorrect key general.PROPHECY_COIN_DROPRATE was corrected from null to its default, 1.0. 
[24Nov2024 15:07:55.307] [Server thread/WARN] [net.minecraftforge.common.ForgeConfigSpec/CORE]: Incorrect key general.jewel_drop_rate was corrected from null to its default, 0.25. 
[24Nov2024 15:07:55.307] [Server thread/WARN] [net.minecraftforge.common.ForgeConfigSpec/CORE]: Incorrect key general.loot_chest_drop_rate was corrected from null to its default, 0.1. 
[24Nov2024 15:07:55.307] [Server thread/WARN] [net.minecraftforge.common.ForgeConfigSpec/CORE]: Incorrect key general.OMEN_DROPRATE was corrected from null to its default, 0.1. 
[24Nov2024 15:07:55.308] [Server thread/WARN] [net.minecraftforge.common.ForgeConfigSpec/CORE]: Incorrect key general.MOB_FLAT_DAMAGE_BONUS was corrected from null to its default, 6.0. 
[24Nov2024 15:07:55.308] [Server thread/WARN] [net.minecraftforge.common.ForgeConfigSpec/CORE]: Incorrect key general.block_cost was corrected from null to its default, 0.25. 
[24Nov2024 15:07:55.308] [Server thread/WARN] [net.minecraftforge.common.ForgeConfigSpec/CORE]: Incorrect key general.pack_mob_min was corrected from null to its default, 3. 
[24Nov2024 15:07:55.308] [Server thread/WARN] [net.minecraftforge.common.ForgeConfigSpec/CORE]: Incorrect key general.pack_mob_max was corrected from null to its default, 6. 
[24Nov2024 15:07:55.308] [Server thread/WARN] [net.minecraftforge.common.ForgeConfigSpec/CORE]: Incorrect key general.DONT_MAKE_MAP_MOBS_PERSISTENT_IF_MOB_COUNT_IS_ABOVE was corrected from null to its default, 25. 
[24Nov2024 15:07:55.308] [Server thread/WARN] [net.minecraftforge.common.ForgeConfigSpec/CORE]: Incorrect key general.MAP_GEN_MOB_RADIUS was corrected from null to its default, 1. 
[24Nov2024 15:07:55.309] [Server thread/WARN] [net.minecraftforge.common.ForgeConfigSpec/CORE]: Incorrect key general.MAP_GEN_TERRAIN_RADIUS was corrected from null to its default, 4. 
[24Nov2024 15:07:55.309] [Server thread/WARN] [net.minecraftforge.common.ForgeConfigSpec/CORE]: Incorrect key general.MIN_MAP_ROOMS was corrected from null to its default, 12. 
[24Nov2024 15:07:55.309] [Server thread/WARN] [net.minecraftforge.common.ForgeConfigSpec/CORE]: Incorrect key general.MAX_MAP_ROOMS was corrected from null to its default, 20. 
[24Nov2024 15:07:55.309] [Server thread/WARN] [net.minecraftforge.common.ForgeConfigSpec/CORE]: Incorrect key general.ITEM_LEVEL_VARIANCE was corrected from null to its default, 3. 
[24Nov2024 15:07:55.309] [Server thread/WARN] [net.minecraftforge.common.ForgeConfigSpec/CORE]: Incorrect key general.MOB_LEVEL_VARIANCE was corrected from null to its default, 3. 
[24Nov2024 15:07:55.309] [Server thread/WARN] [net.minecraftforge.common.ForgeConfigSpec/CORE]: Incorrect key general.PROPHECY_OFFERS_PER_REROLL was corrected from null to its default, 18. 
[24Nov2024 15:07:55.310] [Server thread/WARN] [net.minecraftforge.common.ForgeConfigSpec/CORE]: Incorrect key general.mob_min was corrected from null to its default, 1. 
[24Nov2024 15:07:55.310] [Server thread/WARN] [net.minecraftforge.common.ForgeConfigSpec/CORE]: Incorrect key general.mob_max was corrected from null to its default, 2. 
[24Nov2024 15:07:55.310] [Server thread/WARN] [net.minecraftforge.common.ForgeConfigSpec/CORE]: Incorrect key general.BONUS_EXP_PERCENT_PER_HIGHER_LVL_CHARACTERS was corrected from null to its default, 10. 
[24Nov2024 15:07:55.310] [Server thread/WARN] [net.minecraftforge.common.ForgeConfigSpec/CORE]: Incorrect key general.MAX_CHARACTERS was corrected from null to its default, 3. 
[24Nov2024 15:07:55.310] [Server thread/WARN] [net.minecraftforge.common.ForgeConfigSpec/CORE]: Incorrect key general.UNARMED_ENERGY_COST was corrected from null to its default, 10.0. 
[24Nov2024 15:07:55.311] [Server thread/WARN] [net.minecraftforge.common.ForgeConfigSpec/CORE]: Incorrect key general.gear_compatibility was corrected from null to its default, [minecraft:iron_sword:sword]. 
[24Nov2024 15:07:55.311] [Server thread/WARN] [net.minecraftforge.common.ForgeConfigSpec/CORE]: Incorrect key general.disabled_items_in_maps was corrected from null to its default, [minecraft:ender_pearl, minecraft:chorus_fruit]. 
[24Nov2024 15:07:55.313] [Server thread/WARN] [net.minecraftforge.common.ForgeConfigSpec/CORE]: Configuration file ./SurvivalM/serverconfig/doggytalents-server.toml is not correct. Correcting
[24Nov2024 15:07:55.313] [Server thread/WARN] [net.minecraftforge.common.ForgeConfigSpec/CORE]: Incorrect key Dog Constants was corrected from null to its default, SimpleCommentedConfig:{}. 
[24Nov2024 15:07:55.313] [Server thread/WARN] [net.minecraftforge.common.ForgeConfigSpec/CORE]: Incorrect key Dog Constants.disable_hunger was corrected from null to its default, false. 
[24Nov2024 15:07:55.314] [Server thread/WARN] [net.minecraftforge.common.ForgeConfigSpec/CORE]: Incorrect key Dog Constants.enable_starter_bundle was corrected from null to its default, false. 
[24Nov2024 15:07:55.314] [Server thread/WARN] [net.minecraftforge.common.ForgeConfigSpec/CORE]: Incorrect key Dog Constants.disable_dog_gender was corrected from null to its default, false. 
[24Nov2024 15:07:55.314] [Server thread/WARN] [net.minecraftforge.common.ForgeConfigSpec/CORE]: Incorrect key Dog Constants.enable_pup_get_parent_levels was corrected from null to its default, false. 
[24Nov2024 15:07:55.314] [Server thread/WARN] [net.minecraftforge.common.ForgeConfigSpec/CORE]: Incorrect key Dog Constants.immortal_dogs was corrected from null to its default, true. 
[24Nov2024 15:07:55.314] [Server thread/WARN] [net.minecraftforge.common.ForgeConfigSpec/CORE]: Incorrect key Dog Constants.play_tag_with_dog was corrected from null to its default, true. 
[24Nov2024 15:07:55.314] [Server thread/WARN] [net.minecraftforge.common.ForgeConfigSpec/CORE]: Incorrect key Dog Constants.dog_greet_owner was corrected from null to its default, true. 
[24Nov2024 15:07:55.315] [Server thread/WARN] [net.minecraftforge.common.ForgeConfigSpec/CORE]: Incorrect key Dog Constants.dog_greet_owner_limit was corrected from null to its default, 5. 
[24Nov2024 15:07:55.315] [Server thread/WARN] [net.minecraftforge.common.ForgeConfigSpec/CORE]: Incorrect key Dog Constants.max_creeper_sweeper_dont_growl was corrected from null to its default, true. 
[24Nov2024 15:07:55.315] [Server thread/WARN] [net.minecraftforge.common.ForgeConfigSpec/CORE]: Incorrect key Dog Constants.all_player_cannot_attack_dog was corrected from null to its default, false. 
[24Nov2024 15:07:55.315] [Server thread/WARN] [net.minecraftforge.common.ForgeConfigSpec/CORE]: Incorrect key Dog Constants.all_dog_block_portal was corrected from null to its default, true. 
[24Nov2024 15:07:55.315] [Server thread/WARN] [net.minecraftforge.common.ForgeConfigSpec/CORE]: Incorrect key Dog Constants.max_heel_limit was corrected from null to its default, 20. 
[24Nov2024 15:07:55.315] [Server thread/WARN] [net.minecraftforge.common.ForgeConfigSpec/CORE]: Incorrect key Dog Constants.hunger_modifier was corrected from null to its default, 1.0. 
[24Nov2024 15:07:55.316] [Server thread/WARN] [net.minecraftforge.common.ForgeConfigSpec/CORE]: Incorrect key Dog Constants.disable_preserve_uuid was corrected from null to its default, false. 
[24Nov2024 15:07:55.316] [Server thread/WARN] [net.minecraftforge.common.ForgeConfigSpec/CORE]: Incorrect key Dog Constants.duplication_resolve_strategy was corrected from null to its default, 0. 
[24Nov2024 15:07:55.316] [Server thread/WARN] [net.minecraftforge.common.ForgeConfigSpec/CORE]: Incorrect key Dog Constants.disable_train_untamed_wolf was corrected from null to its default, false. 
[24Nov2024 15:07:55.316] [Server thread/WARN] [net.minecraftforge.common.ForgeConfigSpec/CORE]: Incorrect key Dog Constants.dog_respawn_incapacitated_when_killed was corrected from null to its default, true. 
[24Nov2024 15:07:55.316] [Server thread/WARN] [net.minecraftforge.common.ForgeConfigSpec/CORE]: Incorrect key Dog Constants.mob_retriever_only_carry_dog was corrected from null to its default, false. 
[24Nov2024 15:07:55.316] [Server thread/WARN] [net.minecraftforge.common.ForgeConfigSpec/CORE]: Incorrect key Dog Constants.wolf_mount_passenger_collision was corrected from null to its default, true. 
[24Nov2024 15:07:55.317] [Server thread/WARN] [net.minecraftforge.common.ForgeConfigSpec/CORE]: Incorrect key Dog Constants.conducting_bone_cross_origin was corrected from null to its default, true. 
[24Nov2024 15:07:55.317] [Server thread/WARN] [net.minecraftforge.common.ForgeConfigSpec/CORE]: Incorrect key Dog Constants.incap_val_reset_when_hurt was corrected from null to its default, true. 
[24Nov2024 15:07:55.317] [Server thread/WARN] [net.minecraftforge.common.ForgeConfigSpec/CORE]: Incorrect key Dog Constants.train_wolf_limit was corrected from null to its default, -1. 
[24Nov2024 15:07:55.317] [Server thread/WARN] [net.minecraftforge.common.ForgeConfigSpec/CORE]: Incorrect key Dog Constants.random_var_with_charm was corrected from null to its default, true. 
[24Nov2024 15:07:55.317] [Server thread/WARN] [net.minecraftforge.common.ForgeConfigSpec/CORE]: Incorrect key Dog Constants.extended_wolves_spawnable_block was corrected from null to its default, true. 
[24Nov2024 15:07:55.317] [Server thread/WARN] [net.minecraftforge.common.ForgeConfigSpec/CORE]: Incorrect key Dog Constants.wolf_variant_override_exclusive was corrected from null to its default, true. 
[24Nov2024 15:07:55.318] [Server thread/WARN] [net.minecraftforge.common.ForgeConfigSpec/CORE]: Incorrect key Dog Constants.nether_wolf_spawn_bypass was corrected from null to its default, true. 
[24Nov2024 15:07:55.318] [Server thread/WARN] [net.minecraftforge.common.ForgeConfigSpec/CORE]: Incorrect key Dog Constants.vscode_wolf_spawn_egg was corrected from null to its default, true. 
[24Nov2024 15:07:55.318] [Server thread/WARN] [net.minecraftforge.common.ForgeConfigSpec/CORE]: Incorrect key Dog Constants.doggy_tools_trident was corrected from null to its default, true. 
[24Nov2024 15:07:55.318] [Server thread/WARN] [net.minecraftforge.common.ForgeConfigSpec/CORE]: Incorrect key Dog Constants.doggy_tools_projectile_pass_allies was corrected from null to its default, true. 
[24Nov2024 15:07:55.318] [Server thread/WARN] [net.minecraftforge.common.ForgeConfigSpec/CORE]: Incorrect key Dog Constants.dog_petting was corrected from null to its default, true. 
[24Nov2024 15:07:55.319] [Server thread/WARN] [net.minecraftforge.common.ForgeConfigSpec/CORE]: Incorrect key Dog Constants.dog_petting_jealous was corrected from null to its default, true. 
[24Nov2024 15:07:55.319] [Server thread/WARN] [net.minecraftforge.common.ForgeConfigSpec/CORE]: Incorrect key Dog Constants.allow_track_any_dog was corrected from null to its default, false. 
[24Nov2024 15:07:55.319] [Server thread/WARN] [net.minecraftforge.common.ForgeConfigSpec/CORE]: Incorrect key Dog Constants.log_when_dog_go_offline was corrected from null to its default, true. 
[24Nov2024 15:07:55.319] [Server thread/WARN] [net.minecraftforge.common.ForgeConfigSpec/CORE]: Incorrect key Dog Constants.b_g_mode_less_strict was corrected from null to its default, false. 
[24Nov2024 15:07:55.319] [Server thread/WARN] [net.minecraftforge.common.ForgeConfigSpec/CORE]: Incorrect key Dog Constants.dog_dont_push_owner was corrected from null to its default, false. 
[24Nov2024 15:07:55.319] [Server thread/WARN] [net.minecraftforge.common.ForgeConfigSpec/CORE]: Incorrect key Dog Constants.injured_dog_block_portal was corrected from null to its default, false. 
[24Nov2024 15:07:55.320] [Server thread/WARN] [net.minecraftforge.common.ForgeConfigSpec/CORE]: Incorrect key Dog Constants.random_var_on_train was corrected from null to its default, false. 
[24Nov2024 15:07:55.321] [Server thread/WARN] [net.minecraftforge.common.ForgeConfigSpec/CORE]: Configuration file ./SurvivalM/serverconfig/doggytalents-respawn_tags_to_remove.toml is not correct. Correcting
[24Nov2024 15:07:55.321] [Server thread/WARN] [net.minecraftforge.common.ForgeConfigSpec/CORE]: Incorrect key restore_strategy was corrected from null to its default, 0. 
[24Nov2024 15:07:55.322] [Server thread/WARN] [net.minecraftforge.common.ForgeConfigSpec/CORE]: Incorrect key respawn_removal_tags was corrected from null to its default, []. 
[24Nov2024 15:07:55.322] [Server thread/WARN] [net.minecraftforge.common.ForgeConfigSpec/CORE]: Incorrect key tags_to_keep was corrected from null to its default, []. 
[24Nov2024 15:07:55.323] [Server thread/WARN] [net.minecraftforge.common.ForgeConfigSpec/CORE]: Configuration file ./SurvivalM/serverconfig/doggytalents-dog_custom_skins.toml is not correct. Correcting
[24Nov2024 15:07:55.324] [Server thread/WARN] [net.minecraftforge.common.ForgeConfigSpec/CORE]: Incorrect key strategy was corrected from null to its default, 0. 
[24Nov2024 15:07:55.324] [Server thread/WARN] [net.minecraftforge.common.ForgeConfigSpec/CORE]: Incorrect key whitelisted_sha1 was corrected from null to its default, []. 
[24Nov2024 15:07:55.325] [Server thread/WARN] [net.minecraftforge.common.ForgeConfigSpec/CORE]: Incorrect key blacklisted_sha1 was corrected from null to its default, []. 
[24Nov2024 15:07:55.326] [Server thread/WARN] [net.minecraftforge.common.ForgeConfigSpec/CORE]: Configuration file ./SurvivalM/serverconfig/sophisticatedbackpacks-server.toml is not correct. Correcting
[24Nov2024 15:07:55.326] [Server thread/WARN] [net.minecraftforge.common.ForgeConfigSpec/CORE]: Incorrect key server was corrected from null to its default, SimpleCommentedConfig:{}. 
[24Nov2024 15:07:55.326] [Server thread/WARN] [net.minecraftforge.common.ForgeConfigSpec/CORE]: Incorrect key server.disallowedItems was corrected from null to its default, []. 
[24Nov2024 15:07:55.326] [Server thread/WARN] [net.minecraftforge.common.ForgeConfigSpec/CORE]: Incorrect key server.containerItemsDisallowed was corrected from null to its default, false. 
[24Nov2024 15:07:55.327] [Server thread/WARN] [net.minecraftforge.common.ForgeConfigSpec/CORE]: Incorrect key server.noInteractionBlocks was corrected from null to its default, []. 
[24Nov2024 15:07:55.327] [Server thread/WARN] [net.minecraftforge.common.ForgeConfigSpec/CORE]: Incorrect key server.noConnectionBlocks was corrected from null to its default, []. 
[24Nov2024 15:07:55.327] [Server thread/WARN] [net.minecraftforge.common.ForgeConfigSpec/CORE]: Incorrect key server.leatherBackpack was corrected from null to its default, SimpleCommentedConfig:{}. 
[24Nov2024 15:07:55.327] [Server thread/WARN] [net.minecraftforge.common.ForgeConfigSpec/CORE]: Incorrect key server.leatherBackpack.inventorySlotCount was corrected from null to its default, 27. 
[24Nov2024 15:07:55.327] [Server thread/WARN] [net.minecraftforge.common.ForgeConfigSpec/CORE]: Incorrect key server.leatherBackpack.upgradeSlotCount was corrected from null to its default, 1. 
[24Nov2024 15:07:55.327] [Server thread/WARN] [net.minecraftforge.common.ForgeConfigSpec/CORE]: Incorrect key server.copperBackpack was corrected from null to its default, SimpleCommentedConfig:{}. 
[24Nov2024 15:07:55.328] [Server thread/WARN] [net.minecraftforge.common.ForgeConfigSpec/CORE]: Incorrect key server.copperBackpack.inventorySlotCount was corrected from null to its default, 45. 
[24Nov2024 15:07:55.328] [Server thread/WARN] [net.minecraftforge.common.ForgeConfigSpec/CORE]: Incorrect key server.copperBackpack.upgradeSlotCount was corrected from null to its default, 1. 
[24Nov2024 15:07:55.328] [Server thread/WARN] [net.minecraftforge.common.ForgeConfigSpec/CORE]: Incorrect key server.ironBackpack was corrected from null to its default, SimpleCommentedConfig:{}. 
[24Nov2024 15:07:55.328] [Server thread/WARN] [net.minecraftforge.common.ForgeConfigSpec/CORE]: Incorrect key server.ironBackpack.inventorySlotCount was corrected from null to its default, 54. 
[24Nov2024 15:07:55.328] [Server thread/WARN] [net.minecraftforge.common.ForgeConfigSpec/CORE]: Incorrect key server.ironBackpack.upgradeSlotCount was corrected from null to its default, 2. 
[24Nov2024 15:07:55.328] [Server thread/WARN] [net.minecraftforge.common.ForgeConfigSpec/CORE]: Incorrect key server.goldBackpack was corrected from null to its default, SimpleCommentedConfig:{}. 
[24Nov2024 15:07:55.328] [Server thread/WARN] [net.minecraftforge.common.ForgeConfigSpec/CORE]: Incorrect key server.goldBackpack.inventorySlotCount was corrected from null to its default, 81. 
[24Nov2024 15:07:55.329] [Server thread/WARN] [net.minecraftforge.common.ForgeConfigSpec/CORE]: Incorrect key server.goldBackpack.upgradeSlotCount was corrected from null to its default, 3. 
[24Nov2024 15:07:55.329] [Server thread/WARN] [net.minecraftforge.common.ForgeConfigSpec/CORE]: Incorrect key server.diamondBackpack was corrected from null to its default, SimpleCommentedConfig:{}. 
[24Nov2024 15:07:55.329] [Server thread/WARN] [net.minecraftforge.common.ForgeConfigSpec/CORE]: Incorrect key server.diamondBackpack.inventorySlotCount was corrected from null to its default, 108. 
[24Nov2024 15:07:55.329] [Server thread/WARN] [net.minecraftforge.common.ForgeConfigSpec/CORE]: Incorrect key server.diamondBackpack.upgradeSlotCount was corrected from null to its default, 5. 
[24Nov2024 15:07:55.329] [Server thread/WARN] [net.minecraftforge.common.ForgeConfigSpec/CORE]: Incorrect key server.netheriteBackpack was corrected from null to its default, SimpleCommentedConfig:{}. 
[24Nov2024 15:07:55.329] [Server thread/WARN] [net.minecraftforge.common.ForgeConfigSpec/CORE]: Incorrect key server.netheriteBackpack.inventorySlotCount was corrected from null to its default, 120. 
[24Nov2024 15:07:55.330] [Server thread/WARN] [net.minecraftforge.common.ForgeConfigSpec/CORE]: Incorrect key server.netheriteBackpack.upgradeSlotCount was corrected from null to its default, 7. 
[24Nov2024 15:07:55.330] [Server thread/WARN] [net.minecraftforge.common.ForgeConfigSpec/CORE]: Incorrect key server.compactingUpgrade was corrected from null to its default, SimpleCommentedConfig:{}. 
[24Nov2024 15:07:55.330] [Server thread/WARN] [net.minecraftforge.common.ForgeConfigSpec/CORE]: Incorrect key server.compactingUpgrade.filterSlots was corrected from null to its default, 9. 
[24Nov2024 15:07:55.330] [Server thread/WARN] [net.minecraftforge.common.ForgeConfigSpec/CORE]: Incorrect key server.compactingUpgrade.slotsInRow was corrected from null to its default, 3. 
[24Nov2024 15:07:55.330] [Server thread/WARN] [net.minecraftforge.common.ForgeConfigSpec/CORE]: Incorrect key server.advancedCompactingUpgrade was corrected from null to its default, SimpleCommentedConfig:{}. 
[24Nov2024 15:07:55.330] [Server thread/WARN] [net.minecraftforge.common.ForgeConfigSpec/CORE]: Incorrect key server.advancedCompactingUpgrade.filterSlots was corrected from null to its default, 16. 
[24Nov2024 15:07:55.330] [Server thread/WARN] [net.minecraftforge.common.ForgeConfigSpec/CORE]: Incorrect key server.advancedCompactingUpgrade.slotsInRow was corrected from null to its default, 4. 
[24Nov2024 15:07:55.331] [Server thread/WARN] [net.minecraftforge.common.ForgeConfigSpec/CORE]: Incorrect key server.depositUpgrade was corrected from null to its default, SimpleCommentedConfig:{}. 
[24Nov2024 15:07:55.331] [Server thread/WARN] [net.minecraftforge.common.ForgeConfigSpec/CORE]: Incorrect key server.depositUpgrade.filterSlots was corrected from null to its default, 9. 
[24Nov2024 15:07:55.331] [Server thread/WARN] [net.minecraftforge.common.ForgeConfigSpec/CORE]: Incorrect key server.depositUpgrade.slotsInRow was corrected from null to its default, 3. 
[24Nov2024 15:07:55.331] [Server thread/WARN] [net.minecraftforge.common.ForgeConfigSpec/CORE]: Incorrect key server.advancedDepositUpgrade was corrected from null to its default, SimpleCommentedConfig:{}. 
[24Nov2024 15:07:55.331] [Server thread/WARN] [net.minecraftforge.common.ForgeConfigSpec/CORE]: Incorrect key server.advancedDepositUpgrade.filterSlots was corrected from null to its default, 16. 
[24Nov2024 15:07:55.331] [Server thread/WARN] [net.minecraftforge.common.ForgeConfigSpec/CORE]: Incorrect key server.advancedDepositUpgrade.slotsInRow was corrected from null to its default, 4. 
[24Nov2024 15:07:55.332] [Server thread/WARN] [net.minecraftforge.common.ForgeConfigSpec/CORE]: Incorrect key server.feedingUpgrade was corrected from null to its default, SimpleCommentedConfig:{}. 
[24Nov2024 15:07:55.332] [Server thread/WARN] [net.minecraftforge.common.ForgeConfigSpec/CORE]: Incorrect key server.feedingUpgrade.filterSlots was corrected from null to its default, 9. 
[24Nov2024 15:07:55.332] [Server thread/WARN] [net.minecraftforge.common.ForgeConfigSpec/CORE]: Incorrect key server.feedingUpgrade.slotsInRow was corrected from null to its default, 3. 
[24Nov2024 15:07:55.332] [Server thread/WARN] [net.minecraftforge.common.ForgeConfigSpec/CORE]: Incorrect key server.advancedFeedingUpgrade was corrected from null to its default, SimpleCommentedConfig:{}. 
[24Nov2024 15:07:55.332] [Server thread/WARN] [net.minecraftforge.common.ForgeConfigSpec/CORE]: Incorrect key server.advancedFeedingUpgrade.filterSlots was corrected from null to its default, 16. 
[24Nov2024 15:07:55.332] [Server thread/WARN] [net.minecraftforge.common.ForgeConfigSpec/CORE]: Incorrect key server.advancedFeedingUpgrade.slotsInRow was corrected from null to its default, 4. 
[24Nov2024 15:07:55.333] [Server thread/WARN] [net.minecraftforge.common.ForgeConfigSpec/CORE]: Incorrect key server.filterUpgrade was corrected from null to its default, SimpleCommentedConfig:{}. 
[24Nov2024 15:07:55.333] [Server thread/WARN] [net.minecraftforge.common.ForgeConfigSpec/CORE]: Incorrect key server.filterUpgrade.filterSlots was corrected from null to its default, 9. 
[24Nov2024 15:07:55.333] [Server thread/WARN] [net.minecraftforge.common.ForgeConfigSpec/CORE]: Incorrect key server.filterUpgrade.slotsInRow was corrected from null to its default, 3. 
[24Nov2024 15:07:55.333] [Server thread/WARN] [net.minecraftforge.common.ForgeConfigSpec/CORE]: Incorrect key server.advancedFilterUpgrade was corrected from null to its default, SimpleCommentedConfig:{}. 
[24Nov2024 15:07:55.333] [Server thread/WARN] [net.minecraftforge.common.ForgeConfigSpec/CORE]: Incorrect key server.advancedFilterUpgrade.filterSlots was corrected from null to its default, 16. 
[24Nov2024 15:07:55.333] [Server thread/WARN] [net.minecraftforge.common.ForgeConfigSpec/CORE]: Incorrect key server.advancedFilterUpgrade.slotsInRow was corrected from null to its default, 4. 
[24Nov2024 15:07:55.333] [Server thread/WARN] [net.minecraftforge.common.ForgeConfigSpec/CORE]: Incorrect key server.magnetUpgrade was corrected from null to its default, SimpleCommentedConfig:{}. 
[24Nov2024 15:07:55.334] [Server thread/WARN] [net.minecraftforge.common.ForgeConfigSpec/CORE]: Incorrect key server.magnetUpgrade.filterSlots was corrected from null to its default, 9. 
[24Nov2024 15:07:55.334] [Server thread/WARN] [net.minecraftforge.common.ForgeConfigSpec/CORE]: Incorrect key server.magnetUpgrade.slotsInRow was corrected from null to its default, 3. 
[24Nov2024 15:07:55.334] [Server thread/WARN] [net.minecraftforge.common.ForgeConfigSpec/CORE]: Incorrect key server.magnetUpgrade.magnetRange was corrected from null to its default, 3. 
[24Nov2024 15:07:55.334] [Server thread/WARN] [net.minecraftforge.common.ForgeConfigSpec/CORE]: Incorrect key server.advancedMagnetUpgrade was corrected from null to its default, SimpleCommentedConfig:{}. 
[24Nov2024 15:07:55.334] [Server thread/WARN] [net.minecraftforge.common.ForgeConfigSpec/CORE]: Incorrect key server.advancedMagnetUpgrade.filterSlots was corrected from null to its default, 16. 
[24Nov2024 15:07:55.334] [Server thread/WARN] [net.minecraftforge.common.ForgeConfigSpec/CORE]: Incorrect key server.advancedMagnetUpgrade.slotsInRow was corrected from null to its default, 4. 
[24Nov2024 15:07:55.334] [Server thread/WARN] [net.minecraftforge.common.ForgeConfigSpec/CORE]: Incorrect key server.advancedMagnetUpgrade.magnetRange was corrected from null to its default, 5. 
[24Nov2024 15:07:55.335] [Server thread/WARN] [net.minecraftforge.common.ForgeConfigSpec/CORE]: Incorrect key server.pickupUpgrade was corrected from null to its default, SimpleCommentedConfig:{}. 
[24Nov2024 15:07:55.335] [Server thread/WARN] [net.minecraftforge.common.ForgeConfigSpec/CORE]: Incorrect key server.pickupUpgrade.filterSlots was corrected from null to its default, 9. 
[24Nov2024 15:07:55.335] [Server thread/WARN] [net.minecraftforge.common.ForgeConfigSpec/CORE]: Incorrect key server.pickupUpgrade.slotsInRow was corrected from null to its default, 3. 
[24Nov2024 15:07:55.335] [Server thread/WARN] [net.minecraftforge.common.ForgeConfigSpec/CORE]: Incorrect key server.advancedPickupUpgrade was corrected from null to its default, SimpleCommentedConfig:{}. 
[24Nov2024 15:07:55.335] [Server thread/WARN] [net.minecraftforge.common.ForgeConfigSpec/CORE]: Incorrect key server.advancedPickupUpgrade.filterSlots was corrected from null to its default, 16. 
[24Nov2024 15:07:55.335] [Server thread/WARN] [net.minecraftforge.common.ForgeConfigSpec/CORE]: Incorrect key server.advancedPickupUpgrade.slotsInRow was corrected from null to its default, 4. 
[24Nov2024 15:07:55.336] [Server thread/WARN] [net.minecraftforge.common.ForgeConfigSpec/CORE]: Incorrect key server.refillUpgrade was corrected from null to its default, SimpleCommentedConfig:{}. 
[24Nov2024 15:07:55.336] [Server thread/WARN] [net.minecraftforge.common.ForgeConfigSpec/CORE]: Incorrect key server.refillUpgrade.filterSlots was corrected from null to its default, 6. 
[24Nov2024 15:07:55.336] [Server thread/WARN] [net.minecraftforge.common.ForgeConfigSpec/CORE]: Incorrect key server.refillUpgrade.slotsInRow was corrected from null to its default, 3. 
[24Nov2024 15:07:55.336] [Server thread/WARN] [net.minecraftforge.common.ForgeConfigSpec/CORE]: Incorrect key server.advancedRefillUpgrade was corrected from null to its default, SimpleCommentedConfig:{}. 
[24Nov2024 15:07:55.336] [Server thread/WARN] [net.minecraftforge.common.ForgeConfigSpec/CORE]: Incorrect key server.advancedRefillUpgrade.filterSlots was corrected from null to its default, 12. 
[24Nov2024 15:07:55.336] [Server thread/WARN] [net.minecraftforge.common.ForgeConfigSpec/CORE]: Incorrect key server.advancedRefillUpgrade.slotsInRow was corrected from null to its default, 4. 
[24Nov2024 15:07:55.336] [Server thread/WARN] [net.minecraftforge.common.ForgeConfigSpec/CORE]: Incorrect key server.restockUpgrade was corrected from null to its default, SimpleCommentedConfig:{}. 
[24Nov2024 15:07:55.337] [Server thread/WARN] [net.minecraftforge.common.ForgeConfigSpec/CORE]: Incorrect key server.restockUpgrade.filterSlots was corrected from null to its default, 9. 
[24Nov2024 15:07:55.337] [Server thread/WARN] [net.minecraftforge.common.ForgeConfigSpec/CORE]: Incorrect key server.restockUpgrade.slotsInRow was corrected from null to its default, 3. 
[24Nov2024 15:07:55.337] [Server thread/WARN] [net.minecraftforge.common.ForgeConfigSpec/CORE]: Incorrect key server.advancedRestockUpgrade was corrected from null to its default, SimpleCommentedConfig:{}. 
[24Nov2024 15:07:55.337] [Server thread/WARN] [net.minecraftforge.common.ForgeConfigSpec/CORE]: Incorrect key server.advancedRestockUpgrade.filterSlots was corrected from null to its default, 16. 
[24Nov2024 15:07:55.337] [Server thread/WARN] [net.minecraftforge.common.ForgeConfigSpec/CORE]: Incorrect key server.advancedRestockUpgrade.slotsInRow was corrected from null to its default, 4. 
[24Nov2024 15:07:55.337] [Server thread/WARN] [net.minecraftforge.common.ForgeConfigSpec/CORE]: Incorrect key server.voidUpgrade was corrected from null to its default, SimpleCommentedConfig:{}. 
[24Nov2024 15:07:55.338] [Server thread/WARN] [net.minecraftforge.common.ForgeConfigSpec/CORE]: Incorrect key server.voidUpgrade.filterSlots was corrected from null to its default, 9. 
[24Nov2024 15:07:55.338] [Server thread/WARN] [net.minecraftforge.common.ForgeConfigSpec/CORE]: Incorrect key server.voidUpgrade.slotsInRow was corrected from null to its default, 3. 
[24Nov2024 15:07:55.338] [Server thread/WARN] [net.minecraftforge.common.ForgeConfigSpec/CORE]: Incorrect key server.voidUpgrade.voidAnythingEnabled was corrected from null to its default, true. 
[24Nov2024 15:07:55.338] [Server thread/WARN] [net.minecraftforge.common.ForgeConfigSpec/CORE]: Incorrect key server.advancedVoidUpgrade was corrected from null to its default, SimpleCommentedConfig:{}. 
[24Nov2024 15:07:55.338] [Server thread/WARN] [net.minecraftforge.common.ForgeConfigSpec/CORE]: Incorrect key server.advancedVoidUpgrade.filterSlots was corrected from null to its default, 16. 
[24Nov2024 15:07:55.338] [Server thread/WARN] [net.minecraftforge.common.ForgeConfigSpec/CORE]: Incorrect key server.advancedVoidUpgrade.slotsInRow was corrected from null to its default, 4. 
[24Nov2024 15:07:55.339] [Server thread/WARN] [net.minecraftforge.common.ForgeConfigSpec/CORE]: Incorrect key server.advancedVoidUpgrade.voidAnythingEnabled was corrected from null to its default, true. 
[24Nov2024 15:07:55.339] [Server thread/WARN] [net.minecraftforge.common.ForgeConfigSpec/CORE]: Incorrect key server.stackUpgrade was corrected from null to its default, SimpleCommentedConfig:{}. 
[24Nov2024 15:07:55.339] [Server thread/WARN] [net.minecraftforge.common.ForgeConfigSpec/CORE]: Incorrect key server.stackUpgrade.nonStackableItems was corrected from null to its default, [minecraft:bundle, minecraft:shulker_box, minecraft:white_shulker_box, minecraft:orange_shulker_box, minecraft:magenta_shulker_box, minecraft:light_blue_shulker_box, minecraft:yellow_shulker_box, minecraft:lime_shulker_box, minecraft:pink_shulker_box, minecraft:gray_shulker_box, minecraft:light_gray_shulker_box, minecraft:cyan_shulker_box, minecraft:purple_shulker_box, minecraft:blue_shulker_box, minecraft:brown_shulker_box, minecraft:green_shulker_box, minecraft:red_shulker_box, minecraft:black_shulker_box]. 
[24Nov2024 15:07:55.340] [Server thread/WARN] [net.minecraftforge.common.ForgeConfigSpec/CORE]: Incorrect key server.smeltingUpgrade was corrected from null to its default, SimpleCommentedConfig:{}. 
[24Nov2024 15:07:55.340] [Server thread/WARN] [net.minecraftforge.common.ForgeConfigSpec/CORE]: Incorrect key server.smeltingUpgrade.smeltingSpeedMultiplier was corrected from null to its default, 1.0. 
[24Nov2024 15:07:55.340] [Server thread/WARN] [net.minecraftforge.common.ForgeConfigSpec/CORE]: Incorrect key server.smeltingUpgrade.fuelEfficiencyMultiplier was corrected from null to its default, 1.0. 
[24Nov2024 15:07:55.340] [Server thread/WARN] [net.minecraftforge.common.ForgeConfigSpec/CORE]: Incorrect key server.smokingUpgrade was corrected from null to its default, SimpleCommentedConfig:{}. 
[24Nov2024 15:07:55.340] [Server thread/WARN] [net.minecraftforge.common.ForgeConfigSpec/CORE]: Incorrect key server.smokingUpgrade.smeltingSpeedMultiplier was corrected from null to its default, 1.0. 
[24Nov2024 15:07:55.340] [Server thread/WARN] [net.minecraftforge.common.ForgeConfigSpec/CORE]: Incorrect key server.smokingUpgrade.fuelEfficiencyMultiplier was corrected from null to its default, 1.0. 
[24Nov2024 15:07:55.341] [Server thread/WARN] [net.minecraftforge.common.ForgeConfigSpec/CORE]: Incorrect key server.blastingUpgrade was corrected from null to its default, SimpleCommentedConfig:{}. 
[24Nov2024 15:07:55.341] [Server thread/WARN] [net.minecraftforge.common.ForgeConfigSpec/CORE]: Incorrect key server.blastingUpgrade.smeltingSpeedMultiplier was corrected from null to its default, 1.0. 
[24Nov2024 15:07:55.341] [Server thread/WARN] [net.minecraftforge.common.ForgeConfigSpec/CORE]: Incorrect key server.blastingUpgrade.fuelEfficiencyMultiplier was corrected from null to its default, 1.0. 
[24Nov2024 15:07:55.341] [Server thread/WARN] [net.minecraftforge.common.ForgeConfigSpec/CORE]: Incorrect key server.autoSmeltingUpgrade was corrected from null to its default, SimpleCommentedConfig:{}. 
[24Nov2024 15:07:55.341] [Server thread/WARN] [net.minecraftforge.common.ForgeConfigSpec/CORE]: Incorrect key server.autoSmeltingUpgrade.smeltingSpeedMultiplier was corrected from null to its default, 1.0. 
[24Nov2024 15:07:55.341] [Server thread/WARN] [net.minecraftforge.common.ForgeConfigSpec/CORE]: Incorrect key server.autoSmeltingUpgrade.fuelEfficiencyMultiplier was corrected from null to its default, 1.0. 
[24Nov2024 15:07:55.342] [Server thread/WARN] [net.minecraftforge.common.ForgeConfigSpec/CORE]: Incorrect key server.autoSmeltingUpgrade.inputFilterSlots was corrected from null to its default, 8. 
[24Nov2024 15:07:55.342] [Server thread/WARN] [net.minecraftforge.common.ForgeConfigSpec/CORE]: Incorrect key server.autoSmeltingUpgrade.inputFilterSlotsInRow was corrected from null to its default, 4. 
[24Nov2024 15:07:55.344] [Server thread/WARN] [net.minecraftforge.common.ForgeConfigSpec/CORE]: Incorrect key server.autoSmeltingUpgrade.fuelFilterSlots was corrected from null to its default, 4. 
[24Nov2024 15:07:55.346] [Server thread/WARN] [net.minecraftforge.common.ForgeConfigSpec/CORE]: Incorrect key server.autoSmeltingUpgrade.fuelFilterSlotsInRow was corrected from null to its default, 4. 
[24Nov2024 15:07:55.346] [Server thread/WARN] [net.minecraftforge.common.ForgeConfigSpec/CORE]: Incorrect key server.autoSmokingUpgrade was corrected from null to its default, SimpleCommentedConfig:{}. 
[24Nov2024 15:07:55.347] [Server thread/WARN] [net.minecraftforge.common.ForgeConfigSpec/CORE]: Incorrect key server.autoSmokingUpgrade.smeltingSpeedMultiplier was corrected from null to its default, 1.0. 
[24Nov2024 15:07:55.347] [Server thread/WARN] [net.minecraftforge.common.ForgeConfigSpec/CORE]: Incorrect key server.autoSmokingUpgrade.fuelEfficiencyMultiplier was corrected from null to its default, 1.0. 
[24Nov2024 15:07:55.347] [Server thread/WARN] [net.minecraftforge.common.ForgeConfigSpec/CORE]: Incorrect key server.autoSmokingUpgrade.inputFilterSlots was corrected from null to its default, 8. 
[24Nov2024 15:07:55.347] [Server thread/WARN] [net.minecraftforge.common.ForgeConfigSpec/CORE]: Incorrect key server.autoSmokingUpgrade.inputFilterSlotsInRow was corrected from null to its default, 4. 
[24Nov2024 15:07:55.347] [Server thread/WARN] [net.minecraftforge.common.ForgeConfigSpec/CORE]: Incorrect key server.autoSmokingUpgrade.fuelFilterSlots was corrected from null to its default, 4. 
[24Nov2024 15:07:55.348] [Server thread/WARN] [net.minecraftforge.common.ForgeConfigSpec/CORE]: Incorrect key server.autoSmokingUpgrade.fuelFilterSlotsInRow was corrected from null to its default, 4. 
[24Nov2024 15:07:55.348] [Server thread/WARN] [net.minecraftforge.common.ForgeConfigSpec/CORE]: Incorrect key server.autoBlastingUpgrade was corrected from null to its default, SimpleCommentedConfig:{}. 
[24Nov2024 15:07:55.348] [Server thread/WARN] [net.minecraftforge.common.ForgeConfigSpec/CORE]: Incorrect key server.autoBlastingUpgrade.smeltingSpeedMultiplier was corrected from null to its default, 1.0. 
[24Nov2024 15:07:55.349] [Server thread/WARN] [net.minecraftforge.common.ForgeConfigSpec/CORE]: Incorrect key server.autoBlastingUpgrade.fuelEfficiencyMultiplier was corrected from null to its default, 1.0. 
[24Nov2024 15:07:55.349] [Server thread/WARN] [net.minecraftforge.common.ForgeConfigSpec/CORE]: Incorrect key server.autoBlastingUpgrade.inputFilterSlots was corrected from null to its default, 8. 
[24Nov2024 15:07:55.350] [Server thread/WARN] [net.minecraftforge.common.ForgeConfigSpec/CORE]: Incorrect key server.autoBlastingUpgrade.inputFilterSlotsInRow was corrected from null to its default, 4. 
[24Nov2024 15:07:55.350] [Server thread/WARN] [net.minecraftforge.common.ForgeConfigSpec/CORE]: Incorrect key server.autoBlastingUpgrade.fuelFilterSlots was corrected from null to its default, 4. 
[24Nov2024 15:07:55.350] [Server thread/WARN] [net.minecraftforge.common.ForgeConfigSpec/CORE]: Incorrect key server.autoBlastingUpgrade.fuelFilterSlotsInRow was corrected from null to its default, 4. 
[24Nov2024 15:07:55.351] [Server thread/WARN] [net.minecraftforge.common.ForgeConfigSpec/CORE]: Incorrect key server.inceptionUpgrade was corrected from null to its default, SimpleCommentedConfig:{}. 
[24Nov2024 15:07:55.351] [Server thread/WARN] [net.minecraftforge.common.ForgeConfigSpec/CORE]: Incorrect key server.inceptionUpgrade.upgradesUseInventoriesOfBackpacksInBackpack was corrected from null to its default, true. 
[24Nov2024 15:07:55.352] [Server thread/WARN] [net.minecraftforge.common.ForgeConfigSpec/CORE]: Incorrect key server.inceptionUpgrade.upgradesInContainedBackpacksAreFunctional was corrected from null to its default, true. 
[24Nov2024 15:07:55.352] [Server thread/WARN] [net.minecraftforge.common.ForgeConfigSpec/CORE]: Incorrect key server.toolSwapperUpgrade was corrected from null to its default, SimpleCommentedConfig:{}. 
[24Nov2024 15:07:55.353] [Server thread/WARN] [net.minecraftforge.common.ForgeConfigSpec/CORE]: Incorrect key server.toolSwapperUpgrade.filterSlots was corrected from null to its default, 8. 
[24Nov2024 15:07:55.353] [Server thread/WARN] [net.minecraftforge.common.ForgeConfigSpec/CORE]: Incorrect key server.toolSwapperUpgrade.slotsInRow was corrected from null to its default, 4. 
[24Nov2024 15:07:55.353] [Server thread/WARN] [net.minecraftforge.common.ForgeConfigSpec/CORE]: Incorrect key server.tankUpgrade was corrected from null to its default, SimpleCommentedConfig:{}. 
[24Nov2024 15:07:55.353] [Server thread/WARN] [net.minecraftforge.common.ForgeConfigSpec/CORE]: Incorrect key server.tankUpgrade.capacityPerSlotRow was corrected from null to its default, 4000. 
[24Nov2024 15:07:55.354] [Server thread/WARN] [net.minecraftforge.common.ForgeConfigSpec/CORE]: Incorrect key server.tankUpgrade.stackMultiplierRatio was corrected from null to its default, 1.0. 
[24Nov2024 15:07:55.354] [Server thread/WARN] [net.minecraftforge.common.ForgeConfigSpec/CORE]: Incorrect key server.tankUpgrade.autoFillDrainContainerCooldown was corrected from null to its default, 20. 
[24Nov2024 15:07:55.354] [Server thread/WARN] [net.minecraftforge.common.ForgeConfigSpec/CORE]: Incorrect key server.tankUpgrade.maxInputOutput was corrected from null to its default, 20. 
[24Nov2024 15:07:55.355] [Server thread/WARN] [net.minecraftforge.common.ForgeConfigSpec/CORE]: Incorrect key server.tankUpgrade.energyPerSlotRow was corrected from null to its default, 10000. 
[24Nov2024 15:07:55.355] [Server thread/WARN] [net.minecraftforge.common.ForgeConfigSpec/CORE]: Incorrect key server.pumpUpgrade was corrected from null to its default, SimpleCommentedConfig:{}. 
[24Nov2024 15:07:55.355] [Server thread/WARN] [net.minecraftforge.common.ForgeConfigSpec/CORE]: Incorrect key server.pumpUpgrade.filterSlots was corrected from null to its default, 4. 
[24Nov2024 15:07:55.356] [Server thread/WARN] [net.minecraftforge.common.ForgeConfigSpec/CORE]: Incorrect key server.pumpUpgrade.maxInputOutput was corrected from null to its default, 20. 
[24Nov2024 15:07:55.356] [Server thread/WARN] [net.minecraftforge.common.ForgeConfigSpec/CORE]: Incorrect key server.pumpUpgrade.stackMultiplierRatio was corrected from null to its default, 1.0. 
[24Nov2024 15:07:55.356] [Server thread/WARN] [net.minecraftforge.common.ForgeConfigSpec/CORE]: Incorrect key server.xpPumpUpgrade was corrected from null to its default, SimpleCommentedConfig:{}. 
[24Nov2024 15:07:55.356] [Server thread/WARN] [net.minecraftforge.common.ForgeConfigSpec/CORE]: Incorrect key server.xpPumpUpgrade.mendingOn was corrected from null to its default, true. 
[24Nov2024 15:07:55.357] [Server thread/WARN] [net.minecraftforge.common.ForgeConfigSpec/CORE]: Incorrect key server.xpPumpUpgrade.maxXpPointsPerMending was corrected from null to its default, 5. 
[24Nov2024 15:07:55.357] [Server thread/WARN] [net.minecraftforge.common.ForgeConfigSpec/CORE]: Incorrect key server.entityBackpackAdditions was corrected from null to its default, SimpleCommentedConfig:{}. 
[24Nov2024 15:07:55.357] [Server thread/WARN] [net.minecraftforge.common.ForgeConfigSpec/CORE]: Incorrect key server.entityBackpackAdditions.chance was corrected from null to its default, 0.01. 
[24Nov2024 15:07:55.357] [Server thread/WARN] [net.minecraftforge.common.ForgeConfigSpec/CORE]: Incorrect key server.entityBackpackAdditions.addLoot was corrected from null to its default, true. 
[24Nov2024 15:07:55.358] [Server thread/WARN] [net.minecraftforge.common.ForgeConfigSpec/CORE]: Incorrect key server.entityBackpackAdditions.buffWithPotionEffects was corrected from null to its default, true. 
[24Nov2024 15:07:55.358] [Server thread/WARN] [net.minecraftforge.common.ForgeConfigSpec/CORE]: Incorrect key server.entityBackpackAdditions.buffHealth was corrected from null to its default, true. 
[24Nov2024 15:07:55.358] [Server thread/WARN] [net.minecraftforge.common.ForgeConfigSpec/CORE]: Incorrect key server.entityBackpackAdditions.equipWithArmor was corrected from null to its default, true. 
[24Nov2024 15:07:55.359] [Server thread/WARN] [net.minecraftforge.common.ForgeConfigSpec/CORE]: Incorrect key server.entityBackpackAdditions.entityLootTableList was corrected from null to its default, [minecraft:creeper|minecraft:chests/desert_pyramid, minecraft:drowned|minecraft:chests/shipwreck_treasure, minecraft:enderman|minecraft:chests/end_city_treasure, minecraft:evoker|minecraft:chests/woodland_mansion, minecraft:husk|minecraft:chests/desert_pyramid, minecraft:piglin|minecraft:chests/bastion_bridge, minecraft:piglin_brute|minecraft:chests/bastion_treasure, minecraft:pillager|minecraft:chests/pillager_outpost, minecraft:skeleton|minecraft:chests/simple_dungeon, minecraft:stray|minecraft:chests/igloo_chest, minecraft:vex|minecraft:chests/woodland_mansion, minecraft:vindicator|minecraft:chests/woodland_mansion, minecraft:witch|minecraft:chests/buried_treasure, minecraft:wither_skeleton|minecraft:chests/nether_bridge, minecraft:zombie|minecraft:chests/simple_dungeon, minecraft:zombie_villager|minecraft:chests/village/village_armorer, minecraft:zombified_piglin|minecraft:chests/bastion_other]. 
[24Nov2024 15:07:55.360] [Server thread/WARN] [net.minecraftforge.common.ForgeConfigSpec/CORE]: Incorrect key server.entityBackpackAdditions.discBlockList was corrected from null to its default, [botania:record_gaia_1, botania:record_gaia_2]. 
[24Nov2024 15:07:55.360] [Server thread/WARN] [net.minecraftforge.common.ForgeConfigSpec/CORE]: Incorrect key server.entityBackpackAdditions.playJukebox was corrected from null to its default, true. 
[24Nov2024 15:07:55.360] [Server thread/WARN] [net.minecraftforge.common.ForgeConfigSpec/CORE]: Incorrect key server.entityBackpackAdditions.dropToFakePlayers was corrected from null to its default, false. 
[24Nov2024 15:07:55.361] [Server thread/WARN] [net.minecraftforge.common.ForgeConfigSpec/CORE]: Incorrect key server.entityBackpackAdditions.backpackDropChance was corrected from null to its default, 0.5. 
[24Nov2024 15:07:55.361] [Server thread/WARN] [net.minecraftforge.common.ForgeConfigSpec/CORE]: Incorrect key server.entityBackpackAdditions.lootingChanceIncreasePerLevel was corrected from null to its default, 0.15. 
[24Nov2024 15:07:55.361] [Server thread/WARN] [net.minecraftforge.common.ForgeConfigSpec/CORE]: Incorrect key server.nerfs was corrected from null to its default, SimpleCommentedConfig:{}. 
[24Nov2024 15:07:55.361] [Server thread/WARN] [net.minecraftforge.common.ForgeConfigSpec/CORE]: Incorrect key server.nerfs.tooManyBackpacksSlowness was corrected from null to its default, false. 
[24Nov2024 15:07:55.362] [Server thread/WARN] [net.minecraftforge.common.ForgeConfigSpec/CORE]: Incorrect key server.nerfs.maxNumberOfBackpacks was corrected from null to its default, 3. 
[24Nov2024 15:07:55.362] [Server thread/WARN] [net.minecraftforge.common.ForgeConfigSpec/CORE]: Incorrect key server.nerfs.slownessLevelsPerAdditionalBackpack was corrected from null to its default, 1.0. 
[24Nov2024 15:07:55.362] [Server thread/WARN] [net.minecraftforge.common.ForgeConfigSpec/CORE]: Incorrect key server.nerfs.onlyWornBackpackTriggersUpgrades was corrected from null to its default, false. 
[24Nov2024 15:07:55.363] [Server thread/WARN] [net.minecraftforge.common.ForgeConfigSpec/CORE]: Incorrect key server.maxUpgradesPerStorage was corrected from null to its default, [furnace_upgrades|1, stack_upgrades|3, jukebox_upgrade|1]. 
[24Nov2024 15:07:55.363] [Server thread/WARN] [net.minecraftforge.common.ForgeConfigSpec/CORE]: Incorrect key server.itemFluidHandlerEnabled was corrected from null to its default, true. 
[24Nov2024 15:07:55.363] [Server thread/WARN] [net.minecraftforge.common.ForgeConfigSpec/CORE]: Incorrect key server.allowOpeningOtherPlayerBackpacks was corrected from null to its default, true. 
[24Nov2024 15:07:55.363] [Server thread/WARN] [net.minecraftforge.common.ForgeConfigSpec/CORE]: Incorrect key server.itemDisplayDisabled was corrected from null to its default, false. 
[24Nov2024 15:07:55.364] [Server thread/WARN] [net.minecraftforge.common.ForgeConfigSpec/CORE]: Incorrect key server.tickDedupeLogicDisabled was corrected from null to its default, false. 
[24Nov2024 15:07:55.364] [Server thread/WARN] [net.minecraftforge.common.ForgeConfigSpec/CORE]: Incorrect key server.canBePlacedInContainerItems was corrected from null to its default, false. 
[24Nov2024 15:07:55.368] [Server thread/WARN] [net.minecraftforge.common.ForgeConfigSpec/CORE]: Configuration file ./SurvivalM/serverconfig/create_connected-server.toml is not correct. Correcting
[24Nov2024 15:07:55.369] [Server thread/WARN] [net.minecraftforge.common.ForgeConfigSpec/CORE]: Incorrect key schematicsNestingDepth was corrected from null to its default, 5. 
[24Nov2024 15:07:55.369] [Server thread/WARN] [net.minecraftforge.common.ForgeConfigSpec/CORE]: Incorrect key applicationRemainingItemFix was corrected from null to its default, true. 
[24Nov2024 15:07:55.370] [Server thread/WARN] [net.minecraftforge.common.ForgeConfigSpec/CORE]: Incorrect key vesselBoilerStressMultiplier was corrected from null to its default, 0.8125. 
[24Nov2024 15:07:55.370] [Server thread/WARN] [net.minecraftforge.common.ForgeConfigSpec/CORE]: Incorrect key vesselHeatMultiplier was corrected from null to its default, 0.5. 
[24Nov2024 15:07:55.371] [Server thread/WARN] [net.minecraftforge.common.ForgeConfigSpec/CORE]: Incorrect key vesselMaxLevel was corrected from null to its default, 18. 
[24Nov2024 15:07:55.371] [Server thread/WARN] [net.minecraftforge.common.ForgeConfigSpec/CORE]: Incorrect key stressValues was corrected from null to its default, SimpleCommentedConfig:{}. 
[24Nov2024 15:07:55.371] [Server thread/WARN] [net.minecraftforge.common.ForgeConfigSpec/CORE]: Incorrect key stressValues.v2 was corrected from null to its default, SimpleCommentedConfig:{}. 
[24Nov2024 15:07:55.372] [Server thread/WARN] [net.minecraftforge.common.ForgeConfigSpec/CORE]: Incorrect key stressValues.v2.impact was corrected from null to its default, SimpleCommentedConfig:{}. 
[24Nov2024 15:07:55.372] [Server thread/WARN] [net.minecraftforge.common.ForgeConfigSpec/CORE]: Incorrect key stressValues.v2.impact.inverted_gearshift was corrected from null to its default, 0.0. 
[24Nov2024 15:07:55.372] [Server thread/WARN] [net.minecraftforge.common.ForgeConfigSpec/CORE]: Incorrect key stressValues.v2.impact.six_way_gearbox was corrected from null to its default, 0.0. 
[24Nov2024 15:07:55.372] [Server thread/WARN] [net.minecraftforge.common.ForgeConfigSpec/CORE]: Incorrect key stressValues.v2.impact.centrifugal_clutch was corrected from null to its default, 0.0. 
[24Nov2024 15:07:55.372] [Server thread/WARN] [net.minecraftforge.common.ForgeConfigSpec/CORE]: Incorrect key stressValues.v2.impact.overstress_clutch was corrected from null to its default, 0.0. 
[24Nov2024 15:07:55.372] [Server thread/WARN] [net.minecraftforge.common.ForgeConfigSpec/CORE]: Incorrect key stressValues.v2.impact.brake was corrected from null to its default, 0.0. 
[24Nov2024 15:07:55.372] [Server thread/WARN] [net.minecraftforge.common.ForgeConfigSpec/CORE]: Incorrect key stressValues.v2.impact.encased_chain_cogwheel was corrected from null to its default, 0.0. 
[24Nov2024 15:07:55.372] [Server thread/WARN] [net.minecraftforge.common.ForgeConfigSpec/CORE]: Incorrect key stressValues.v2.impact.inverted_clutch was corrected from null to its default, 0.0. 
[24Nov2024 15:07:55.372] [Server thread/WARN] [net.minecraftforge.common.ForgeConfigSpec/CORE]: Incorrect key stressValues.v2.impact.parallel_gearbox was corrected from null to its default, 0.0. 
[24Nov2024 15:07:55.373] [Server thread/WARN] [net.minecraftforge.common.ForgeConfigSpec/CORE]: Incorrect key stressValues.v2.impact.freewheel_clutch was corrected from null to its default, 0.0. 
[24Nov2024 15:07:55.373] [Server thread/WARN] [net.minecraftforge.common.ForgeConfigSpec/CORE]: Incorrect key stressValues.v2.impact.brass_gearbox was corrected from null to its default, 0.0. 
[24Nov2024 15:07:55.373] [Server thread/WARN] [net.minecraftforge.common.ForgeConfigSpec/CORE]: Incorrect key stressValues.v2.impact.shear_pin was corrected from null to its default, 0.0. 
[24Nov2024 15:07:55.373] [Server thread/WARN] [net.minecraftforge.common.ForgeConfigSpec/CORE]: Incorrect key stressValues.v2.capacity was corrected from null to its default, SimpleCommentedConfig:{}. 
[24Nov2024 15:07:55.373] [Server thread/WARN] [net.minecraftforge.common.ForgeConfigSpec/CORE]: Incorrect key stressValues.v2.capacity.crank_wheel was corrected from null to its default, 8.0. 
[24Nov2024 15:07:55.373] [Server thread/WARN] [net.minecraftforge.common.ForgeConfigSpec/CORE]: Incorrect key stressValues.v2.capacity.large_crank_wheel was corrected from null to its default, 8.0. 
[24Nov2024 15:07:55.373] [Server thread/WARN] [net.minecraftforge.common.ForgeConfigSpec/CORE]: Incorrect key stressValues.v2.brakeActiveStress was corrected from null to its default, 16384.0. 
[24Nov2024 15:07:55.374] [Server thread/WARN] [net.minecraftforge.common.ForgeConfigSpec/CORE]: Configuration file ./SurvivalM/serverconfig/elevatorid-server.toml is not correct. Correcting
[24Nov2024 15:07:55.375] [Server thread/WARN] [net.minecraftforge.common.ForgeConfigSpec/CORE]: Incorrect key General was corrected from null to its default, SimpleCommentedConfig:{}. 
[24Nov2024 15:07:55.375] [Server thread/WARN] [net.minecraftforge.common.ForgeConfigSpec/CORE]: Incorrect key General.sameColor was corrected from null to its default, false. 
[24Nov2024 15:07:55.375] [Server thread/WARN] [net.minecraftforge.common.ForgeConfigSpec/CORE]: Incorrect key General.range was corrected from null to its default, 384. 
[24Nov2024 15:07:55.375] [Server thread/WARN] [net.minecraftforge.common.ForgeConfigSpec/CORE]: Incorrect key General.precisionTarget was corrected from null to its default, true. 
[24Nov2024 15:07:55.375] [Server thread/WARN] [net.minecraftforge.common.ForgeConfigSpec/CORE]: Incorrect key General.mobSpawn was corrected from null to its default, false. 
[24Nov2024 15:07:55.376] [Server thread/WARN] [net.minecraftforge.common.ForgeConfigSpec/CORE]: Incorrect key General.resetPitchNormal was corrected from null to its default, false. 
[24Nov2024 15:07:55.376] [Server thread/WARN] [net.minecraftforge.common.ForgeConfigSpec/CORE]: Incorrect key General.resetPitchDirectional was corrected from null to its default, true. 
[24Nov2024 15:07:55.376] [Server thread/WARN] [net.minecraftforge.common.ForgeConfigSpec/CORE]: Incorrect key General.useXP was corrected from null to its default, false. 
[24Nov2024 15:07:55.376] [Server thread/WARN] [net.minecraftforge.common.ForgeConfigSpec/CORE]: Incorrect key General.XPPointsAmount was corrected from null to its default, 1. 
[24Nov2024 15:07:55.378] [Server thread/INFO] [Puzzles Lib/]: Loading server config for easymagic
[24Nov2024 15:07:55.378] [Server thread/WARN] [net.minecraftforge.common.ForgeConfigSpec/CORE]: Configuration file ./SurvivalM/serverconfig/reap-server.toml is not correct. Correcting
[24Nov2024 15:07:55.379] [Server thread/WARN] [net.minecraftforge.common.ForgeConfigSpec/CORE]: Incorrect key crop_harvesting was corrected from null to its default, SimpleCommentedConfig:{}. 
[24Nov2024 15:07:55.379] [Server thread/WARN] [net.minecraftforge.common.ForgeConfigSpec/CORE]: Incorrect key crop_harvesting.whitelist was corrected from null to its default, [minecraft:nether_wart, minecraft:potatoes, minecraft:carrots, minecraft:wheat, minecraft:beetroots, minecraft:cocoa]. 
[24Nov2024 15:07:55.380] [Server thread/WARN] [net.minecraftforge.common.ForgeConfigSpec/CORE]: Incorrect key crop_harvesting.consider_tool was corrected from null to its default, true. 
[24Nov2024 15:07:55.380] [Server thread/WARN] [net.minecraftforge.common.ForgeConfigSpec/CORE]: Incorrect key tree_harvesting was corrected from null to its default, SimpleCommentedConfig:{}. 
[24Nov2024 15:07:55.381] [Server thread/WARN] [net.minecraftforge.common.ForgeConfigSpec/CORE]: Incorrect key tree_harvesting.log_types was corrected from null to its default, [minecraft:acacia_log, minecraft:birch_log, minecraft:dark_oak_log, minecraft:jungle_log, minecraft:oak_log, minecraft:spruce_log, minecraft:crimson_stem, minecraft:warped_stem, minecraft:mangrove_log, minecraft:cherry_log]. 
[24Nov2024 15:07:55.381] [Server thread/WARN] [net.minecraftforge.common.ForgeConfigSpec/CORE]: Incorrect key tree_harvesting.ground_types was corrected from null to its default, [minecraft:dirt, minecraft:grass_block, minecraft:coarse_dirt, minecraft:podzol, minecraft:mycelium, minecraft:warped_nylium, minecraft:crimson_nylium, minecraft:netherrack]. 
[24Nov2024 15:07:55.381] [Server thread/WARN] [net.minecraftforge.common.ForgeConfigSpec/CORE]: Incorrect key tree_harvesting.allowed_tree_tools was corrected from null to its default, [minecraft:wooden_axe, minecraft:golden_axe, minecraft:stone_axe, minecraft:iron_axe, minecraft:diamond_axe, minecraft:netherite_axe]. 
[24Nov2024 15:07:55.381] [Server thread/WARN] [net.minecraftforge.common.ForgeConfigSpec/CORE]: Incorrect key tree_harvesting.enabled was corrected from null to its default, true. 
[24Nov2024 15:07:55.382] [Server thread/WARN] [net.minecraftforge.common.ForgeConfigSpec/CORE]: Incorrect key tree_harvesting.max_harvesting_count was corrected from null to its default, 128. 
[24Nov2024 15:07:55.382] [Server thread/WARN] [net.minecraftforge.common.ForgeConfigSpec/CORE]: Incorrect key tree_harvesting.dynamic_breaking_speed was corrected from null to its default, SimpleCommentedConfig:{}. 
[24Nov2024 15:07:55.382] [Server thread/WARN] [net.minecraftforge.common.ForgeConfigSpec/CORE]: Incorrect key tree_harvesting.dynamic_breaking_speed.enabled was corrected from null to its default, true. 
[24Nov2024 15:07:55.382] [Server thread/WARN] [net.minecraftforge.common.ForgeConfigSpec/CORE]: Incorrect key tree_harvesting.dynamic_breaking_speed.min_speed was corrected from null to its default, 10.0. 
[24Nov2024 15:07:55.383] [Server thread/WARN] [net.minecraftforge.common.ForgeConfigSpec/CORE]: Incorrect key tree_harvesting.dynamic_breaking_speed.per_log was corrected from null to its default, 0.1. 
[24Nov2024 15:07:55.386] [Server thread/WARN] [net.minecraftforge.common.ForgeConfigSpec/CORE]: Configuration file ./SurvivalM/serverconfig/easy_villagers-server.toml is not correct. Correcting
[24Nov2024 15:07:55.387] [Server thread/WARN] [net.minecraftforge.common.ForgeConfigSpec/CORE]: Incorrect key breeder was corrected from null to its default, SimpleCommentedConfig:{}. 
[24Nov2024 15:07:55.387] [Server thread/WARN] [net.minecraftforge.common.ForgeConfigSpec/CORE]: Incorrect key breeder.breeding_time was corrected from null to its default, 1200. 
[24Nov2024 15:07:55.388] [Server thread/WARN] [net.minecraftforge.common.ForgeConfigSpec/CORE]: Incorrect key converter was corrected from null to its default, SimpleCommentedConfig:{}. 
[24Nov2024 15:07:55.388] [Server thread/WARN] [net.minecraftforge.common.ForgeConfigSpec/CORE]: Incorrect key converter.converting_time was corrected from null to its default, 6000. 
[24Nov2024 15:07:55.388] [Server thread/WARN] [net.minecraftforge.common.ForgeConfigSpec/CORE]: Incorrect key farmer was corrected from null to its default, SimpleCommentedConfig:{}. 
[24Nov2024 15:07:55.389] [Server thread/WARN] [net.minecraftforge.common.ForgeConfigSpec/CORE]: Incorrect key farmer.farm_speed was corrected from null to its default, 10. 
[24Nov2024 15:07:55.389] [Server thread/WARN] [net.minecraftforge.common.ForgeConfigSpec/CORE]: Incorrect key iron_farm was corrected from null to its default, SimpleCommentedConfig:{}. 
[24Nov2024 15:07:55.389] [Server thread/WARN] [net.minecraftforge.common.ForgeConfigSpec/CORE]: Incorrect key iron_farm.spawn_time was corrected from null to its default, 4800. 
[24Nov2024 15:07:55.390] [Server thread/WARN] [net.minecraftforge.common.ForgeConfigSpec/CORE]: Incorrect key trader was corrected from null to its default, SimpleCommentedConfig:{}. 
[24Nov2024 15:07:55.390] [Server thread/WARN] [net.minecraftforge.common.ForgeConfigSpec/CORE]: Incorrect key trader.min_restock_time was corrected from null to its default, 1200. 
[24Nov2024 15:07:55.390] [Server thread/WARN] [net.minecraftforge.common.ForgeConfigSpec/CORE]: Incorrect key trader.max_restock_time was corrected from null to its default, 3600. 
[24Nov2024 15:07:55.391] [Server thread/WARN] [net.minecraftforge.common.ForgeConfigSpec/CORE]: Incorrect key auto_trader was corrected from null to its default, SimpleCommentedConfig:{}. 
[24Nov2024 15:07:55.392] [Server thread/WARN] [net.minecraftforge.common.ForgeConfigSpec/CORE]: Incorrect key auto_trader.min_restock_time was corrected from null to its default, 1200. 
[24Nov2024 15:07:55.392] [Server thread/WARN] [net.minecraftforge.common.ForgeConfigSpec/CORE]: Incorrect key auto_trader.max_restock_time was corrected from null to its default, 3600. 
[24Nov2024 15:07:55.392] [Server thread/WARN] [net.minecraftforge.common.ForgeConfigSpec/CORE]: Incorrect key auto_trader.trade_cooldown was corrected from null to its default, 20. 
[24Nov2024 15:07:55.393] [Server thread/WARN] [net.minecraftforge.common.ForgeConfigSpec/CORE]: Incorrect key villager was corrected from null to its default, SimpleCommentedConfig:{}. 
[24Nov2024 15:07:55.393] [Server thread/WARN] [net.minecraftforge.common.ForgeConfigSpec/CORE]: Incorrect key villager.inventory_sounds was corrected from null to its default, true. 
[24Nov2024 15:07:55.394] [Server thread/WARN] [net.minecraftforge.common.ForgeConfigSpec/CORE]: Incorrect key villager.sound_amount was corrected from null to its default, 20. 
[24Nov2024 15:07:55.394] [Server thread/WARN] [net.minecraftforge.common.ForgeConfigSpec/CORE]: Incorrect key villager.trade_cycling was corrected from null to its default, true. 
[24Nov2024 15:07:55.394] [Server thread/WARN] [net.minecraftforge.common.ForgeConfigSpec/CORE]: Incorrect key villager.universal_reputation was corrected from null to its default, true. 
[24Nov2024 15:07:55.395] [Server thread/WARN] [net.minecraftforge.common.ForgeConfigSpec/CORE]: Incorrect key incubator was corrected from null to its default, SimpleCommentedConfig:{}. 
[24Nov2024 15:07:55.395] [Server thread/WARN] [net.minecraftforge.common.ForgeConfigSpec/CORE]: Incorrect key incubator.speed was corrected from null to its default, 2. 
[24Nov2024 15:07:55.396] [Server thread/WARN] [net.minecraftforge.common.ForgeConfigSpec/CORE]: Configuration file ./SurvivalM/serverconfig/create_enchantment_industry-server.toml is not correct. Correcting
[24Nov2024 15:07:55.397] [Server thread/WARN] [net.minecraftforge.common.ForgeConfigSpec/CORE]: Incorrect key disenchanterTankCapacity was corrected from null to its default, 1000. 
[24Nov2024 15:07:55.397] [Server thread/WARN] [net.minecraftforge.common.ForgeConfigSpec/CORE]: Incorrect key copierTankCapacity was corrected from null to its default, 4000. 
[24Nov2024 15:07:55.398] [Server thread/WARN] [net.minecraftforge.common.ForgeConfigSpec/CORE]: Incorrect key blazeEnchanterTankCapacity was corrected from null to its default, 2000. 
[24Nov2024 15:07:55.398] [Server thread/WARN] [net.minecraftforge.common.ForgeConfigSpec/CORE]: Incorrect key maxHyperEnchantingLevelExtension was corrected from null to its default, 2. 
[24Nov2024 15:07:55.399] [Server thread/WARN] [net.minecraftforge.common.ForgeConfigSpec/CORE]: Incorrect key deployerXpDropChance was corrected from null to its default, 1.0. 
[24Nov2024 15:07:55.399] [Server thread/WARN] [net.minecraftforge.common.ForgeConfigSpec/CORE]: Incorrect key enableHyperEnchant was corrected from null to its default, true. 
[24Nov2024 15:07:55.400] [Server thread/WARN] [net.minecraftforge.common.ForgeConfigSpec/CORE]: Incorrect key enchantByBlazeEnchanterCostCoefficient was corrected from null to its default, 1.0. 
[24Nov2024 15:07:55.400] [Server thread/WARN] [net.minecraftforge.common.ForgeConfigSpec/CORE]: Incorrect key hyperEnchantByBlazeEnchanterCostCoefficient was corrected from null to its default, 1.0. 
[24Nov2024 15:07:55.401] [Server thread/WARN] [net.minecraftforge.common.ForgeConfigSpec/CORE]: Incorrect key copyEnchantedBookCostCoefficient was corrected from null to its default, 1.0. 
[24Nov2024 15:07:55.401] [Server thread/WARN] [net.minecraftforge.common.ForgeConfigSpec/CORE]: Incorrect key copyEnchantedBookWithHyperExperienceCostCoefficient was corrected from null to its default, 1.0. 
[24Nov2024 15:07:55.402] [Server thread/WARN] [net.minecraftforge.common.ForgeConfigSpec/CORE]: Incorrect key copyWrittenBookCostPerPage was corrected from null to its default, 5. 
[24Nov2024 15:07:55.402] [Server thread/WARN] [net.minecraftforge.common.ForgeConfigSpec/CORE]: Incorrect key copyNameTagCost was corrected from null to its default, 7. 
[24Nov2024 15:07:55.403] [Server thread/WARN] [net.minecraftforge.common.ForgeConfigSpec/CORE]: Incorrect key copyTrainScheduleCost was corrected from null to its default, 10. 
[24Nov2024 15:07:55.404] [Server thread/WARN] [net.minecraftforge.common.ForgeConfigSpec/CORE]: Incorrect key copyClipboardCost was corrected from null to its default, 10. 
[24Nov2024 15:07:55.404] [Server thread/WARN] [net.minecraftforge.common.ForgeConfigSpec/CORE]: Incorrect key crushingWheelDropExpRate was corrected from null to its default, 0.30000001192092896. 
[24Nov2024 15:07:55.405] [Server thread/WARN] [net.minecraftforge.common.ForgeConfigSpec/CORE]: Incorrect key crushingWheelDropExpScale was corrected from null to its default, 0.3400000035762787. 
[24Nov2024 15:07:55.405] [Server thread/WARN] [net.minecraftforge.common.ForgeConfigSpec/CORE]: Incorrect key copyingWrittenBookAlwaysGetOriginalVersion was corrected from null to its default, true. 
[24Nov2024 15:07:55.407] [Server thread/INFO] [Puzzles Lib/]: Loading server config for easyanvils
[24Nov2024 15:07:55.408] [Server thread/WARN] [net.minecraftforge.common.ForgeConfigSpec/CORE]: Configuration file ./SurvivalM/serverconfig/jei-server.toml is not correct. Correcting
[24Nov2024 15:07:55.409] [Server thread/WARN] [net.minecraftforge.common.ForgeConfigSpec/CORE]: Incorrect key cheat mode was corrected from null to its default, SimpleCommentedConfig:{}. 
[24Nov2024 15:07:55.409] [Server thread/WARN] [net.minecraftforge.common.ForgeConfigSpec/CORE]: Incorrect key cheat mode.enableCheatModeForOp was corrected from null to its default, true. 
[24Nov2024 15:07:55.409] [Server thread/WARN] [net.minecraftforge.common.ForgeConfigSpec/CORE]: Incorrect key cheat mode.enableCheatModeForCreative was corrected from null to its default, true. 
[24Nov2024 15:07:55.409] [Server thread/WARN] [net.minecraftforge.common.ForgeConfigSpec/CORE]: Incorrect key cheat mode.enableCheatModeForGive was corrected from null to its default, false. 
[24Nov2024 15:07:55.410] [Server thread/WARN] [net.minecraftforge.common.ForgeConfigSpec/CORE]: Configuration file ./SurvivalM/serverconfig/forge-server.toml is not correct. Correcting
[24Nov2024 15:07:55.410] [Server thread/WARN] [net.minecraftforge.common.ForgeConfigSpec/CORE]: Incorrect key server was corrected from null to its default, SimpleCommentedConfig:{}. 
[24Nov2024 15:07:55.410] [Server thread/WARN] [net.minecraftforge.common.ForgeConfigSpec/CORE]: Incorrect key server.removeErroringBlockEntities was corrected from null to its default, false. 
[24Nov2024 15:07:55.410] [Server thread/WARN] [net.minecraftforge.common.ForgeConfigSpec/CORE]: Incorrect key server.removeErroringEntities was corrected from null to its default, false. 
[24Nov2024 15:07:55.411] [Server thread/WARN] [net.minecraftforge.common.ForgeConfigSpec/CORE]: Incorrect key server.fullBoundingBoxLadders was corrected from null to its default, false. 
[24Nov2024 15:07:55.411] [Server thread/WARN] [net.minecraftforge.common.ForgeConfigSpec/CORE]: Incorrect key server.zombieBaseSummonChance was corrected from null to its default, 0.1. 
[24Nov2024 15:07:55.411] [Server thread/WARN] [net.minecraftforge.common.ForgeConfigSpec/CORE]: Incorrect key server.zombieBabyChance was corrected from null to its default, 0.05. 
[24Nov2024 15:07:55.411] [Server thread/WARN] [net.minecraftforge.common.ForgeConfigSpec/CORE]: Incorrect key server.permissionHandler was corrected from null to its default, forge:default_handler. 
[24Nov2024 15:07:55.411] [Server thread/WARN] [net.minecraftforge.common.ForgeConfigSpec/CORE]: Incorrect key server.advertiseDedicatedServerToLan was corrected from null to its default, true. 
[24Nov2024 15:07:55.412] [Server thread/WARN] [net.minecraftforge.common.ForgeConfigSpec/CORE]: Configuration file ./SurvivalM/serverconfig/easier_sleeping-server.toml is not correct. Correcting
[24Nov2024 15:07:55.413] [Server thread/WARN] [net.minecraftforge.common.ForgeConfigSpec/CORE]: Incorrect key sleep_percent was corrected from null to its default, 50. 
[24Nov2024 15:07:55.413] [Server thread/WARN] [net.minecraftforge.common.ForgeConfigSpec/CORE]: Incorrect key sleep_message was corrected from null to its default, is now in bed.. 
[24Nov2024 15:07:55.414] [Server thread/WARN] [net.minecraftforge.common.ForgeConfigSpec/CORE]: Incorrect key wake_message was corrected from null to its default, stood up.. 
[24Nov2024 15:07:55.414] [Server thread/WARN] [net.minecraftforge.common.ForgeConfigSpec/CORE]: Incorrect key morning_message was corrected from null to its default, Good Morning. 
[24Nov2024 15:07:55.415] [Server thread/WARN] [net.minecraftforge.common.ForgeConfigSpec/CORE]: Incorrect key all_players_rest was corrected from null to its default, false. 
[24Nov2024 15:07:55.415] [Server thread/WARN] [net.minecraftforge.common.ForgeConfigSpec/CORE]: Incorrect key dimensions was corrected from null to its default, [minecraft:overworld]. 
[24Nov2024 15:07:55.416] [Server thread/WARN] [net.minecraftforge.common.ForgeConfigSpec/CORE]: Incorrect key dimension_list_type was corrected from null to its default, SLEEP_ACTIVE. 
[24Nov2024 15:07:55.417] [Server thread/WARN] [net.minecraftforge.common.ForgeConfigSpec/CORE]: Incorrect key block_blacklist was corrected from null to its default, []. 
[24Nov2024 15:07:55.417] [Server thread/INFO] [de.geheimagentnr1.minecraft_forge_api.config.AbstractConfig/]: Loading "Easier Sleeping" SERVER Config
[24Nov2024 15:07:55.417] [Server thread/INFO] [de.geheimagentnr1.minecraft_forge_api.config.AbstractConfig/]: sleep_message = is now in bed.
[24Nov2024 15:07:55.418] [Server thread/INFO] [de.geheimagentnr1.minecraft_forge_api.config.AbstractConfig/]: dimension_list_type = SLEEP_ACTIVE
[24Nov2024 15:07:55.418] [Server thread/INFO] [de.geheimagentnr1.minecraft_forge_api.config.AbstractConfig/]: wake_message = stood up.
[24Nov2024 15:07:55.418] [Server thread/INFO] [de.geheimagentnr1.minecraft_forge_api.config.AbstractConfig/]: block_blacklist = []
[24Nov2024 15:07:55.418] [Server thread/INFO] [de.geheimagentnr1.minecraft_forge_api.config.AbstractConfig/]: sleep_percent = 50
[24Nov2024 15:07:55.418] [Server thread/INFO] [de.geheimagentnr1.minecraft_forge_api.config.AbstractConfig/]: morning_message = Good Morning
[24Nov2024 15:07:55.418] [Server thread/INFO] [de.geheimagentnr1.minecraft_forge_api.config.AbstractConfig/]: all_players_rest = false
[24Nov2024 15:07:55.418] [Server thread/INFO] [de.geheimagentnr1.minecraft_forge_api.config.AbstractConfig/]: dimensions = [minecraft:overworld]
[24Nov2024 15:07:55.418] [Server thread/INFO] [de.geheimagentnr1.minecraft_forge_api.config.AbstractConfig/]: "Easier Sleeping" SERVER Config loaded
[24Nov2024 15:07:55.419] [Server thread/WARN] [net.minecraftforge.common.ForgeConfigSpec/CORE]: Configuration file ./SurvivalM/serverconfig/curios-server.toml is not correct. Correcting
[24Nov2024 15:07:55.419] [Server thread/WARN] [net.minecraftforge.common.ForgeConfigSpec/CORE]: Incorrect key keepCurios was corrected from null to its default, DEFAULT. 
[24Nov2024 15:07:55.420] [Server thread/WARN] [net.minecraftforge.common.ForgeConfigSpec/CORE]: Incorrect key menu was corrected from null to its default, SimpleCommentedConfig:{}. 
[24Nov2024 15:07:55.420] [Server thread/WARN] [net.minecraftforge.common.ForgeConfigSpec/CORE]: Incorrect key menu.enableLegacyMenu was corrected from null to its default, false. 
[24Nov2024 15:07:55.420] [Server thread/WARN] [net.minecraftforge.common.ForgeConfigSpec/CORE]: Incorrect key menu.experimental was corrected from null to its default, SimpleCommentedConfig:{}. 
[24Nov2024 15:07:55.420] [Server thread/WARN] [net.minecraftforge.common.ForgeConfigSpec/CORE]: Incorrect key menu.experimental.minimumColumns was corrected from null to its default, 1. 
[24Nov2024 15:07:55.420] [Server thread/WARN] [net.minecraftforge.common.ForgeConfigSpec/CORE]: Incorrect key menu.experimental.maxSlotsPerPage was corrected from null to its default, 48. 
[24Nov2024 15:07:55.421] [Server thread/WARN] [net.minecraftforge.common.ForgeConfigSpec/CORE]: Configuration file ./SurvivalM/serverconfig/comicsbubbleschat-server.toml is not correct. Correcting
[24Nov2024 15:07:55.422] [Server thread/WARN] [net.minecraftforge.common.ForgeConfigSpec/CORE]: Incorrect key general was corrected from null to its default, SimpleCommentedConfig:{}. 
[24Nov2024 15:07:55.422] [Server thread/WARN] [net.minecraftforge.common.ForgeConfigSpec/CORE]: Incorrect key general.chatListener was corrected from null to its default, true. 
[24Nov2024 15:07:55.422] [Server thread/WARN] [net.minecraftforge.common.ForgeConfigSpec/CORE]: Incorrect key general.commandName was corrected from null to its default, . 
[24Nov2024 15:07:55.422] [Server thread/WARN] [net.minecraftforge.common.ForgeConfigSpec/CORE]: Incorrect key general.messageSuccess was corrected from null to its default, . 
[24Nov2024 15:07:55.422] [Server thread/WARN] [net.minecraftforge.common.ForgeConfigSpec/CORE]: Incorrect key general.bubbleRange was corrected from null to its default, 50.0. 
[24Nov2024 15:07:55.422] [Server thread/WARN] [net.minecraftforge.common.ForgeConfigSpec/CORE]: Incorrect key general.throughBlock was corrected from null to its default, true. 
[24Nov2024 15:07:55.423] [Server thread/WARN] [net.minecraftforge.common.ForgeConfigSpec/CORE]: Configuration file ./SurvivalM/serverconfig/sophisticatedstorage-server.toml is not correct. Correcting
[24Nov2024 15:07:55.423] [Server thread/WARN] [net.minecraftforge.common.ForgeConfigSpec/CORE]: Incorrect key server was corrected from null to its default, SimpleCommentedConfig:{}. 
[24Nov2024 15:07:55.423] [Server thread/WARN] [net.minecraftforge.common.ForgeConfigSpec/CORE]: Incorrect key server.WoodBarrel was corrected from null to its default, SimpleCommentedConfig:{}. 
[24Nov2024 15:07:55.424] [Server thread/WARN] [net.minecraftforge.common.ForgeConfigSpec/CORE]: Incorrect key server.WoodBarrel.inventorySlotCount was corrected from null to its default, 27. 
[24Nov2024 15:07:55.424] [Server thread/WARN] [net.minecraftforge.common.ForgeConfigSpec/CORE]: Incorrect key server.WoodBarrel.upgradeSlotCount was corrected from null to its default, 1. 
[24Nov2024 15:07:55.424] [Server thread/WARN] [net.minecraftforge.common.ForgeConfigSpec/CORE]: Incorrect key server.CopperBarrel was corrected from null to its default, SimpleCommentedConfig:{}. 
[24Nov2024 15:07:55.425] [Server thread/WARN] [net.minecraftforge.common.ForgeConfigSpec/CORE]: Incorrect key server.CopperBarrel.inventorySlotCount was corrected from null to its default, 45. 
[24Nov2024 15:07:55.425] [Server thread/WARN] [net.minecraftforge.common.ForgeConfigSpec/CORE]: Incorrect key server.CopperBarrel.upgradeSlotCount was corrected from null to its default, 1. 
[24Nov2024 15:07:55.425] [Server thread/WARN] [net.minecraftforge.common.ForgeConfigSpec/CORE]: Incorrect key server.IronBarrel was corrected from null to its default, SimpleCommentedConfig:{}. 
[24Nov2024 15:07:55.425] [Server thread/WARN] [net.minecraftforge.common.ForgeConfigSpec/CORE]: Incorrect key server.IronBarrel.inventorySlotCount was corrected from null to its default, 54. 
[24Nov2024 15:07:55.425] [Server thread/WARN] [net.minecraftforge.common.ForgeConfigSpec/CORE]: Incorrect key server.IronBarrel.upgradeSlotCount was corrected from null to its default, 2. 
[24Nov2024 15:07:55.425] [Server thread/WARN] [net.minecraftforge.common.ForgeConfigSpec/CORE]: Incorrect key server.GoldBarrel was corrected from null to its default, SimpleCommentedConfig:{}. 
[24Nov2024 15:07:55.425] [Server thread/WARN] [net.minecraftforge.common.ForgeConfigSpec/CORE]: Incorrect key server.GoldBarrel.inventorySlotCount was corrected from null to its default, 81. 
[24Nov2024 15:07:55.425] [Server thread/WARN] [net.minecraftforge.common.ForgeConfigSpec/CORE]: Incorrect key server.GoldBarrel.upgradeSlotCount was corrected from null to its default, 3. 
[24Nov2024 15:07:55.426] [Server thread/WARN] [net.minecraftforge.common.ForgeConfigSpec/CORE]: Incorrect key server.DiamondBarrel was corrected from null to its default, SimpleCommentedConfig:{}. 
[24Nov2024 15:07:55.426] [Server thread/WARN] [net.minecraftforge.common.ForgeConfigSpec/CORE]: Incorrect key server.DiamondBarrel.inventorySlotCount was corrected from null to its default, 108. 
[24Nov2024 15:07:55.426] [Server thread/WARN] [net.minecraftforge.common.ForgeConfigSpec/CORE]: Incorrect key server.DiamondBarrel.upgradeSlotCount was corrected from null to its default, 4. 
[24Nov2024 15:07:55.426] [Server thread/WARN] [net.minecraftforge.common.ForgeConfigSpec/CORE]: Incorrect key server.NetheriteBarrel was corrected from null to its default, SimpleCommentedConfig:{}. 
[24Nov2024 15:07:55.426] [Server thread/WARN] [net.minecraftforge.common.ForgeConfigSpec/CORE]: Incorrect key server.NetheriteBarrel.inventorySlotCount was corrected from null to its default, 132. 
[24Nov2024 15:07:55.426] [Server thread/WARN] [net.minecraftforge.common.ForgeConfigSpec/CORE]: Incorrect key server.NetheriteBarrel.upgradeSlotCount was corrected from null to its default, 5. 
[24Nov2024 15:07:55.426] [Server thread/WARN] [net.minecraftforge.common.ForgeConfigSpec/CORE]: Incorrect key server.LimitedBarrelI was corrected from null to its default, SimpleCommentedConfig:{}. 
[24Nov2024 15:07:55.426] [Server thread/WARN] [net.minecraftforge.common.ForgeConfigSpec/CORE]: Incorrect key server.LimitedBarrelI.baseSlotLimitMultiplier was corrected from null to its default, 32. 
[24Nov2024 15:07:55.427] [Server thread/WARN] [net.minecraftforge.common.ForgeConfigSpec/CORE]: Incorrect key server.LimitedBarrelI.upgradeSlotCount was corrected from null to its default, 1. 
[24Nov2024 15:07:55.427] [Server thread/WARN] [net.minecraftforge.common.ForgeConfigSpec/CORE]: Incorrect key server.LimitedCopperBarrelI was corrected from null to its default, SimpleCommentedConfig:{}. 
[24Nov2024 15:07:55.427] [Server thread/WARN] [net.minecraftforge.common.ForgeConfigSpec/CORE]: Incorrect key server.LimitedCopperBarrelI.baseSlotLimitMultiplier was corrected from null to its default, 53. 
[24Nov2024 15:07:55.427] [Server thread/WARN] [net.minecraftforge.common.ForgeConfigSpec/CORE]: Incorrect key server.LimitedCopperBarrelI.upgradeSlotCount was corrected from null to its default, 1. 
[24Nov2024 15:07:55.427] [Server thread/WARN] [net.minecraftforge.common.ForgeConfigSpec/CORE]: Incorrect key server.LimitedIronBarrelI was corrected from null to its default, SimpleCommentedConfig:{}. 
[24Nov2024 15:07:55.427] [Server thread/WARN] [net.minecraftforge.common.ForgeConfigSpec/CORE]: Incorrect key server.LimitedIronBarrelI.baseSlotLimitMultiplier was corrected from null to its default, 64. 
[24Nov2024 15:07:55.427] [Server thread/WARN] [net.minecraftforge.common.ForgeConfigSpec/CORE]: Incorrect key server.LimitedIronBarrelI.upgradeSlotCount was corrected from null to its default, 2. 
[24Nov2024 15:07:55.428] [Server thread/WARN] [net.minecraftforge.common.ForgeConfigSpec/CORE]: Incorrect key server.LimitedGoldBarrelI was corrected from null to its default, SimpleCommentedConfig:{}. 
[24Nov2024 15:07:55.428] [Server thread/WARN] [net.minecraftforge.common.ForgeConfigSpec/CORE]: Incorrect key server.LimitedGoldBarrelI.baseSlotLimitMultiplier was corrected from null to its default, 96. 
[24Nov2024 15:07:55.428] [Server thread/WARN] [net.minecraftforge.common.ForgeConfigSpec/CORE]: Incorrect key server.LimitedGoldBarrelI.upgradeSlotCount was corrected from null to its default, 3. 
[24Nov2024 15:07:55.428] [Server thread/WARN] [net.minecraftforge.common.ForgeConfigSpec/CORE]: Incorrect key server.LimitedDiamondBarrelI was corrected from null to its default, SimpleCommentedConfig:{}. 
[24Nov2024 15:07:55.428] [Server thread/WARN] [net.minecraftforge.common.ForgeConfigSpec/CORE]: Incorrect key server.LimitedDiamondBarrelI.baseSlotLimitMultiplier was corrected from null to its default, 128. 
[24Nov2024 15:07:55.428] [Server thread/WARN] [net.minecraftforge.common.ForgeConfigSpec/CORE]: Incorrect key server.LimitedDiamondBarrelI.upgradeSlotCount was corrected from null to its default, 4. 
[24Nov2024 15:07:55.428] [Server thread/WARN] [net.minecraftforge.common.ForgeConfigSpec/CORE]: Incorrect key server.LimitedNetheriteBarrelI was corrected from null to its default, SimpleCommentedConfig:{}. 
[24Nov2024 15:07:55.428] [Server thread/WARN] [net.minecraftforge.common.ForgeConfigSpec/CORE]: Incorrect key server.LimitedNetheriteBarrelI.baseSlotLimitMultiplier was corrected from null to its default, 160. 
[24Nov2024 15:07:55.428] [Server thread/WARN] [net.minecraftforge.common.ForgeConfigSpec/CORE]: Incorrect key server.LimitedNetheriteBarrelI.upgradeSlotCount was corrected from null to its default, 5. 
[24Nov2024 15:07:55.429] [Server thread/WARN] [net.minecraftforge.common.ForgeConfigSpec/CORE]: Incorrect key server.LimitedBarrelII was corrected from null to its default, SimpleCommentedConfig:{}. 
[24Nov2024 15:07:55.429] [Server thread/WARN] [net.minecraftforge.common.ForgeConfigSpec/CORE]: Incorrect key server.LimitedBarrelII.baseSlotLimitMultiplier was corrected from null to its default, 16. 
[24Nov2024 15:07:55.429] [Server thread/WARN] [net.minecraftforge.common.ForgeConfigSpec/CORE]: Incorrect key server.LimitedBarrelII.upgradeSlotCount was corrected from null to its default, 1. 
[24Nov2024 15:07:55.429] [Server thread/WARN] [net.minecraftforge.common.ForgeConfigSpec/CORE]: Incorrect key server.LimitedCopperBarrelII was corrected from null to its default, SimpleCommentedConfig:{}. 
[24Nov2024 15:07:55.429] [Server thread/WARN] [net.minecraftforge.common.ForgeConfigSpec/CORE]: Incorrect key server.LimitedCopperBarrelII.baseSlotLimitMultiplier was corrected from null to its default, 27. 
[24Nov2024 15:07:55.429] [Server thread/WARN] [net.minecraftforge.common.ForgeConfigSpec/CORE]: Incorrect key server.LimitedCopperBarrelII.upgradeSlotCount was corrected from null to its default, 1. 
[24Nov2024 15:07:55.429] [Server thread/WARN] [net.minecraftforge.common.ForgeConfigSpec/CORE]: Incorrect key server.LimitedIronBarrelII was corrected from null to its default, SimpleCommentedConfig:{}. 
[24Nov2024 15:07:55.430] [Server thread/WARN] [net.minecraftforge.common.ForgeConfigSpec/CORE]: Incorrect key server.LimitedIronBarrelII.baseSlotLimitMultiplier was corrected from null to its default, 32. 
[24Nov2024 15:07:55.430] [Server thread/WARN] [net.minecraftforge.common.ForgeConfigSpec/CORE]: Incorrect key server.LimitedIronBarrelII.upgradeSlotCount was corrected from null to its default, 2. 
[24Nov2024 15:07:55.430] [Server thread/WARN] [net.minecraftforge.common.ForgeConfigSpec/CORE]: Incorrect key server.LimitedGoldBarrelII was corrected from null to its default, SimpleCommentedConfig:{}. 
[24Nov2024 15:07:55.430] [Server thread/WARN] [net.minecraftforge.common.ForgeConfigSpec/CORE]: Incorrect key server.LimitedGoldBarrelII.baseSlotLimitMultiplier was corrected from null to its default, 48. 
[24Nov2024 15:07:55.430] [Server thread/WARN] [net.minecraftforge.common.ForgeConfigSpec/CORE]: Incorrect key server.LimitedGoldBarrelII.upgradeSlotCount was corrected from null to its default, 3. 
[24Nov2024 15:07:55.430] [Server thread/WARN] [net.minecraftforge.common.ForgeConfigSpec/CORE]: Incorrect key server.LimitedDiamondBarrelII was corrected from null to its default, SimpleCommentedConfig:{}. 
[24Nov2024 15:07:55.430] [Server thread/WARN] [net.minecraftforge.common.ForgeConfigSpec/CORE]: Incorrect key server.LimitedDiamondBarrelII.baseSlotLimitMultiplier was corrected from null to its default, 64. 
[24Nov2024 15:07:55.430] [Server thread/WARN] [net.minecraftforge.common.ForgeConfigSpec/CORE]: Incorrect key server.LimitedDiamondBarrelII.upgradeSlotCount was corrected from null to its default, 4. 
[24Nov2024 15:07:55.431] [Server thread/WARN] [net.minecraftforge.common.ForgeConfigSpec/CORE]: Incorrect key server.LimitedNetheriteBarrelII was corrected from null to its default, SimpleCommentedConfig:{}. 
[24Nov2024 15:07:55.431] [Server thread/WARN] [net.minecraftforge.common.ForgeConfigSpec/CORE]: Incorrect key server.LimitedNetheriteBarrelII.baseSlotLimitMultiplier was corrected from null to its default, 80. 
[24Nov2024 15:07:55.431] [Server thread/WARN] [net.minecraftforge.common.ForgeConfigSpec/CORE]: Incorrect key server.LimitedNetheriteBarrelII.upgradeSlotCount was corrected from null to its default, 5. 
[24Nov2024 15:07:55.431] [Server thread/WARN] [net.minecraftforge.common.ForgeConfigSpec/CORE]: Incorrect key server.LimitedBarrelIII was corrected from null to its default, SimpleCommentedConfig:{}. 
[24Nov2024 15:07:55.431] [Server thread/WARN] [net.minecraftforge.common.ForgeConfigSpec/CORE]: Incorrect key server.LimitedBarrelIII.baseSlotLimitMultiplier was corrected from null to its default, 10. 
[24Nov2024 15:07:55.431] [Server thread/WARN] [net.minecraftforge.common.ForgeConfigSpec/CORE]: Incorrect key server.LimitedBarrelIII.upgradeSlotCount was corrected from null to its default, 1. 
[24Nov2024 15:07:55.431] [Server thread/WARN] [net.minecraftforge.common.ForgeConfigSpec/CORE]: Incorrect key server.LimitedCopperBarrelIII was corrected from null to its default, SimpleCommentedConfig:{}. 
[24Nov2024 15:07:55.431] [Server thread/WARN] [net.minecraftforge.common.ForgeConfigSpec/CORE]: Incorrect key server.LimitedCopperBarrelIII.baseSlotLimitMultiplier was corrected from null to its default, 17. 
[24Nov2024 15:07:55.432] [Server thread/WARN] [net.minecraftforge.common.ForgeConfigSpec/CORE]: Incorrect key server.LimitedCopperBarrelIII.upgradeSlotCount was corrected from null to its default, 1. 
[24Nov2024 15:07:55.432] [Server thread/WARN] [net.minecraftforge.common.ForgeConfigSpec/CORE]: Incorrect key server.LimitedIronBarrelIII was corrected from null to its default, SimpleCommentedConfig:{}. 
[24Nov2024 15:07:55.432] [Server thread/WARN] [net.minecraftforge.common.ForgeConfigSpec/CORE]: Incorrect key server.LimitedIronBarrelIII.baseSlotLimitMultiplier was corrected from null to its default, 20. 
[24Nov2024 15:07:55.432] [Server thread/WARN] [net.minecraftforge.common.ForgeConfigSpec/CORE]: Incorrect key server.LimitedIronBarrelIII.upgradeSlotCount was corrected from null to its default, 2. 
[24Nov2024 15:07:55.432] [Server thread/WARN] [net.minecraftforge.common.ForgeConfigSpec/CORE]: Incorrect key server.LimitedGoldBarrelIII was corrected from null to its default, SimpleCommentedConfig:{}. 
[24Nov2024 15:07:55.432] [Server thread/WARN] [net.minecraftforge.common.ForgeConfigSpec/CORE]: Incorrect key server.LimitedGoldBarrelIII.baseSlotLimitMultiplier was corrected from null to its default, 30. 
[24Nov2024 15:07:55.432] [Server thread/WARN] [net.minecraftforge.common.ForgeConfigSpec/CORE]: Incorrect key server.LimitedGoldBarrelIII.upgradeSlotCount was corrected from null to its default, 3. 
[24Nov2024 15:07:55.432] [Server thread/WARN] [net.minecraftforge.common.ForgeConfigSpec/CORE]: Incorrect key server.LimitedDiamondBarrelIII was corrected from null to its default, SimpleCommentedConfig:{}. 
[24Nov2024 15:07:55.433] [Server thread/WARN] [net.minecraftforge.common.ForgeConfigSpec/CORE]: Incorrect key server.LimitedDiamondBarrelIII.baseSlotLimitMultiplier was corrected from null to its default, 40. 
[24Nov2024 15:07:55.433] [Server thread/WARN] [net.minecraftforge.common.ForgeConfigSpec/CORE]: Incorrect key server.LimitedDiamondBarrelIII.upgradeSlotCount was corrected from null to its default, 4. 
[24Nov2024 15:07:55.433] [Server thread/WARN] [net.minecraftforge.common.ForgeConfigSpec/CORE]: Incorrect key server.LimitedNetheriteBarrelIII was corrected from null to its default, SimpleCommentedConfig:{}. 
[24Nov2024 15:07:55.433] [Server thread/WARN] [net.minecraftforge.common.ForgeConfigSpec/CORE]: Incorrect key server.LimitedNetheriteBarrelIII.baseSlotLimitMultiplier was corrected from null to its default, 50. 
[24Nov2024 15:07:55.433] [Server thread/WARN] [net.minecraftforge.common.ForgeConfigSpec/CORE]: Incorrect key server.LimitedNetheriteBarrelIII.upgradeSlotCount was corrected from null to its default, 5. 
[24Nov2024 15:07:55.433] [Server thread/WARN] [net.minecraftforge.common.ForgeConfigSpec/CORE]: Incorrect key server.LimitedBarrelIV was corrected from null to its default, SimpleCommentedConfig:{}. 
[24Nov2024 15:07:55.433] [Server thread/WARN] [net.minecraftforge.common.ForgeConfigSpec/CORE]: Incorrect key server.LimitedBarrelIV.baseSlotLimitMultiplier was corrected from null to its default, 8. 
[24Nov2024 15:07:55.433] [Server thread/WARN] [net.minecraftforge.common.ForgeConfigSpec/CORE]: Incorrect key server.LimitedBarrelIV.upgradeSlotCount was corrected from null to its default, 1. 
[24Nov2024 15:07:55.434] [Server thread/WARN] [net.minecraftforge.common.ForgeConfigSpec/CORE]: Incorrect key server.LimitedCopperBarrelIV was corrected from null to its default, SimpleCommentedConfig:{}. 
[24Nov2024 15:07:55.434] [Server thread/WARN] [net.minecraftforge.common.ForgeConfigSpec/CORE]: Incorrect key server.LimitedCopperBarrelIV.baseSlotLimitMultiplier was corrected from null to its default, 13. 
[24Nov2024 15:07:55.434] [Server thread/WARN] [net.minecraftforge.common.ForgeConfigSpec/CORE]: Incorrect key server.LimitedCopperBarrelIV.upgradeSlotCount was corrected from null to its default, 1. 
[24Nov2024 15:07:55.435] [Server thread/WARN] [net.minecraftforge.common.ForgeConfigSpec/CORE]: Incorrect key server.LimitedIronBarrelIV was corrected from null to its default, SimpleCommentedConfig:{}. 
[24Nov2024 15:07:55.435] [Server thread/WARN] [net.minecraftforge.common.ForgeConfigSpec/CORE]: Incorrect key server.LimitedIronBarrelIV.baseSlotLimitMultiplier was corrected from null to its default, 16. 
[24Nov2024 15:07:55.435] [Server thread/WARN] [net.minecraftforge.common.ForgeConfigSpec/CORE]: Incorrect key server.LimitedIronBarrelIV.upgradeSlotCount was corrected from null to its default, 2. 
[24Nov2024 15:07:55.435] [Server thread/WARN] [net.minecraftforge.common.ForgeConfigSpec/CORE]: Incorrect key server.LimitedGoldBarrelIV was corrected from null to its default, SimpleCommentedConfig:{}. 
[24Nov2024 15:07:55.435] [Server thread/WARN] [net.minecraftforge.common.ForgeConfigSpec/CORE]: Incorrect key server.LimitedGoldBarrelIV.baseSlotLimitMultiplier was corrected from null to its default, 24. 
[24Nov2024 15:07:55.435] [Server thread/WARN] [net.minecraftforge.common.ForgeConfigSpec/CORE]: Incorrect key server.LimitedGoldBarrelIV.upgradeSlotCount was corrected from null to its default, 3. 
[24Nov2024 15:07:55.435] [Server thread/WARN] [net.minecraftforge.common.ForgeConfigSpec/CORE]: Incorrect key server.LimitedDiamondBarrelIV was corrected from null to its default, SimpleCommentedConfig:{}. 
[24Nov2024 15:07:55.435] [Server thread/WARN] [net.minecraftforge.common.ForgeConfigSpec/CORE]: Incorrect key server.LimitedDiamondBarrelIV.baseSlotLimitMultiplier was corrected from null to its default, 32. 
[24Nov2024 15:07:55.436] [Server thread/WARN] [net.minecraftforge.common.ForgeConfigSpec/CORE]: Incorrect key server.LimitedDiamondBarrelIV.upgradeSlotCount was corrected from null to its default, 4. 
[24Nov2024 15:07:55.436] [Server thread/WARN] [net.minecraftforge.common.ForgeConfigSpec/CORE]: Incorrect key server.LimitedNetheriteBarrelIV was corrected from null to its default, SimpleCommentedConfig:{}. 
[24Nov2024 15:07:55.436] [Server thread/WARN] [net.minecraftforge.common.ForgeConfigSpec/CORE]: Incorrect key server.LimitedNetheriteBarrelIV.baseSlotLimitMultiplier was corrected from null to its default, 40. 
[24Nov2024 15:07:55.436] [Server thread/WARN] [net.minecraftforge.common.ForgeConfigSpec/CORE]: Incorrect key server.LimitedNetheriteBarrelIV.upgradeSlotCount was corrected from null to its default, 5. 
[24Nov2024 15:07:55.436] [Server thread/WARN] [net.minecraftforge.common.ForgeConfigSpec/CORE]: Incorrect key server.WoodChest was corrected from null to its default, SimpleCommentedConfig:{}. 
[24Nov2024 15:07:55.436] [Server thread/WARN] [net.minecraftforge.common.ForgeConfigSpec/CORE]: Incorrect key server.WoodChest.inventorySlotCount was corrected from null to its default, 27. 
[24Nov2024 15:07:55.436] [Server thread/WARN] [net.minecraftforge.common.ForgeConfigSpec/CORE]: Incorrect key server.WoodChest.upgradeSlotCount was corrected from null to its default, 1. 
[24Nov2024 15:07:55.437] [Server thread/WARN] [net.minecraftforge.common.ForgeConfigSpec/CORE]: Incorrect key server.CopperChest was corrected from null to its default, SimpleCommentedConfig:{}. 
[24Nov2024 15:07:55.437] [Server thread/WARN] [net.minecraftforge.common.ForgeConfigSpec/CORE]: Incorrect key server.CopperChest.inventorySlotCount was corrected from null to its default, 45. 
[24Nov2024 15:07:55.437] [Server thread/WARN] [net.minecraftforge.common.ForgeConfigSpec/CORE]: Incorrect key server.CopperChest.upgradeSlotCount was corrected from null to its default, 1. 
[24Nov2024 15:07:55.437] [Server thread/WARN] [net.minecraftforge.common.ForgeConfigSpec/CORE]: Incorrect key server.IronChest was corrected from null to its default, SimpleCommentedConfig:{}. 
[24Nov2024 15:07:55.437] [Server thread/WARN] [net.minecraftforge.common.ForgeConfigSpec/CORE]: Incorrect key server.IronChest.inventorySlotCount was corrected from null to its default, 54. 
[24Nov2024 15:07:55.437] [Server thread/WARN] [net.minecraftforge.common.ForgeConfigSpec/CORE]: Incorrect key server.IronChest.upgradeSlotCount was corrected from null to its default, 2. 
[24Nov2024 15:07:55.437] [Server thread/WARN] [net.minecraftforge.common.ForgeConfigSpec/CORE]: Incorrect key server.GoldChest was corrected from null to its default, SimpleCommentedConfig:{}. 
[24Nov2024 15:07:55.437] [Server thread/WARN] [net.minecraftforge.common.ForgeConfigSpec/CORE]: Incorrect key server.GoldChest.inventorySlotCount was corrected from null to its default, 81. 
[24Nov2024 15:07:55.438] [Server thread/WARN] [net.minecraftforge.common.ForgeConfigSpec/CORE]: Incorrect key server.GoldChest.upgradeSlotCount was corrected from null to its default, 3. 
[24Nov2024 15:07:55.438] [Server thread/WARN] [net.minecraftforge.common.ForgeConfigSpec/CORE]: Incorrect key server.DiamondChest was corrected from null to its default, SimpleCommentedConfig:{}. 
[24Nov2024 15:07:55.438] [Server thread/WARN] [net.minecraftforge.common.ForgeConfigSpec/CORE]: Incorrect key server.DiamondChest.inventorySlotCount was corrected from null to its default, 108. 
[24Nov2024 15:07:55.438] [Server thread/WARN] [net.minecraftforge.common.ForgeConfigSpec/CORE]: Incorrect key server.DiamondChest.upgradeSlotCount was corrected from null to its default, 4. 
[24Nov2024 15:07:55.438] [Server thread/WARN] [net.minecraftforge.common.ForgeConfigSpec/CORE]: Incorrect key server.NetheriteChest was corrected from null to its default, SimpleCommentedConfig:{}. 
[24Nov2024 15:07:55.438] [Server thread/WARN] [net.minecraftforge.common.ForgeConfigSpec/CORE]: Incorrect key server.NetheriteChest.inventorySlotCount was corrected from null to its default, 132. 
[24Nov2024 15:07:55.438] [Server thread/WARN] [net.minecraftforge.common.ForgeConfigSpec/CORE]: Incorrect key server.NetheriteChest.upgradeSlotCount was corrected from null to its default, 5. 
[24Nov2024 15:07:55.438] [Server thread/WARN] [net.minecraftforge.common.ForgeConfigSpec/CORE]: Incorrect key server.ShulkerBox was corrected from null to its default, SimpleCommentedConfig:{}. 
[24Nov2024 15:07:55.439] [Server thread/WARN] [net.minecraftforge.common.ForgeConfigSpec/CORE]: Incorrect key server.ShulkerBox.inventorySlotCount was corrected from null to its default, 27. 
[24Nov2024 15:07:55.439] [Server thread/WARN] [net.minecraftforge.common.ForgeConfigSpec/CORE]: Incorrect key server.ShulkerBox.upgradeSlotCount was corrected from null to its default, 1. 
[24Nov2024 15:07:55.439] [Server thread/WARN] [net.minecraftforge.common.ForgeConfigSpec/CORE]: Incorrect key server.CopperShulkerBox was corrected from null to its default, SimpleCommentedConfig:{}. 
[24Nov2024 15:07:55.439] [Server thread/WARN] [net.minecraftforge.common.ForgeConfigSpec/CORE]: Incorrect key server.CopperShulkerBox.inventorySlotCount was corrected from null to its default, 45. 
[24Nov2024 15:07:55.439] [Server thread/WARN] [net.minecraftforge.common.ForgeConfigSpec/CORE]: Incorrect key server.CopperShulkerBox.upgradeSlotCount was corrected from null to its default, 1. 
[24Nov2024 15:07:55.439] [Server thread/WARN] [net.minecraftforge.common.ForgeConfigSpec/CORE]: Incorrect key server.IronShulkerBox was corrected from null to its default, SimpleCommentedConfig:{}. 
[24Nov2024 15:07:55.439] [Server thread/WARN] [net.minecraftforge.common.ForgeConfigSpec/CORE]: Incorrect key server.IronShulkerBox.inventorySlotCount was corrected from null to its default, 54. 
[24Nov2024 15:07:55.439] [Server thread/WARN] [net.minecraftforge.common.ForgeConfigSpec/CORE]: Incorrect key server.IronShulkerBox.upgradeSlotCount was corrected from null to its default, 2. 
[24Nov2024 15:07:55.440] [Server thread/WARN] [net.minecraftforge.common.ForgeConfigSpec/CORE]: Incorrect key server.GoldShulkerBox was corrected from null to its default, SimpleCommentedConfig:{}. 
[24Nov2024 15:07:55.440] [Server thread/WARN] [net.minecraftforge.common.ForgeConfigSpec/CORE]: Incorrect key server.GoldShulkerBox.inventorySlotCount was corrected from null to its default, 81. 
[24Nov2024 15:07:55.440] [Server thread/WARN] [net.minecraftforge.common.ForgeConfigSpec/CORE]: Incorrect key server.GoldShulkerBox.upgradeSlotCount was corrected from null to its default, 3. 
[24Nov2024 15:07:55.440] [Server thread/WARN] [net.minecraftforge.common.ForgeConfigSpec/CORE]: Incorrect key server.DiamondShulkerBox was corrected from null to its default, SimpleCommentedConfig:{}. 
[24Nov2024 15:07:55.440] [Server thread/WARN] [net.minecraftforge.common.ForgeConfigSpec/CORE]: Incorrect key server.DiamondShulkerBox.inventorySlotCount was corrected from null to its default, 108. 
[24Nov2024 15:07:55.440] [Server thread/WARN] [net.minecraftforge.common.ForgeConfigSpec/CORE]: Incorrect key server.DiamondShulkerBox.upgradeSlotCount was corrected from null to its default, 4. 
[24Nov2024 15:07:55.440] [Server thread/WARN] [net.minecraftforge.common.ForgeConfigSpec/CORE]: Incorrect key server.NetheriteShulkerBox was corrected from null to its default, SimpleCommentedConfig:{}. 
[24Nov2024 15:07:55.440] [Server thread/WARN] [net.minecraftforge.common.ForgeConfigSpec/CORE]: Incorrect key server.NetheriteShulkerBox.inventorySlotCount was corrected from null to its default, 132. 
[24Nov2024 15:07:55.441] [Server thread/WARN] [net.minecraftforge.common.ForgeConfigSpec/CORE]: Incorrect key server.NetheriteShulkerBox.upgradeSlotCount was corrected from null to its default, 5. 
[24Nov2024 15:07:55.441] [Server thread/WARN] [net.minecraftforge.common.ForgeConfigSpec/CORE]: Incorrect key server.shulkerBoxDisallowedItems was corrected from null to its default, SimpleCommentedConfig:{}. 
[24Nov2024 15:07:55.441] [Server thread/WARN] [net.minecraftforge.common.ForgeConfigSpec/CORE]: Incorrect key server.shulkerBoxDisallowedItems.disallowedItems was corrected from null to its default, []. 
[24Nov2024 15:07:55.441] [Server thread/WARN] [net.minecraftforge.common.ForgeConfigSpec/CORE]: Incorrect key server.shulkerBoxDisallowedItems.containerItemsDisallowed was corrected from null to its default, false. 
[24Nov2024 15:07:55.441] [Server thread/WARN] [net.minecraftforge.common.ForgeConfigSpec/CORE]: Incorrect key server.stackUpgrade was corrected from null to its default, SimpleCommentedConfig:{}. 
[24Nov2024 15:07:55.441] [Server thread/WARN] [net.minecraftforge.common.ForgeConfigSpec/CORE]: Incorrect key server.stackUpgrade.nonStackableItems was corrected from null to its default, [minecraft:bundle, minecraft:shulker_box, minecraft:white_shulker_box, minecraft:orange_shulker_box, minecraft:magenta_shulker_box, minecraft:light_blue_shulker_box, minecraft:yellow_shulker_box, minecraft:lime_shulker_box, minecraft:pink_shulker_box, minecraft:gray_shulker_box, minecraft:light_gray_shulker_box, minecraft:cyan_shulker_box, minecraft:purple_shulker_box, minecraft:blue_shulker_box, minecraft:brown_shulker_box, minecraft:green_shulker_box, minecraft:red_shulker_box, minecraft:black_shulker_box]. 
[24Nov2024 15:07:55.441] [Server thread/WARN] [net.minecraftforge.common.ForgeConfigSpec/CORE]: Incorrect key server.compactingUpgrade was corrected from null to its default, SimpleCommentedConfig:{}. 
[24Nov2024 15:07:55.441] [Server thread/WARN] [net.minecraftforge.common.ForgeConfigSpec/CORE]: Incorrect key server.compactingUpgrade.filterSlots was corrected from null to its default, 9. 
[24Nov2024 15:07:55.442] [Server thread/WARN] [net.minecraftforge.common.ForgeConfigSpec/CORE]: Incorrect key server.compactingUpgrade.slotsInRow was corrected from null to its default, 3. 
[24Nov2024 15:07:55.442] [Server thread/WARN] [net.minecraftforge.common.ForgeConfigSpec/CORE]: Incorrect key server.advancedCompactingUpgrade was corrected from null to its default, SimpleCommentedConfig:{}. 
[24Nov2024 15:07:55.442] [Server thread/WARN] [net.minecraftforge.common.ForgeConfigSpec/CORE]: Incorrect key server.advancedCompactingUpgrade.filterSlots was corrected from null to its default, 16. 
[24Nov2024 15:07:55.442] [Server thread/WARN] [net.minecraftforge.common.ForgeConfigSpec/CORE]: Incorrect key server.advancedCompactingUpgrade.slotsInRow was corrected from null to its default, 4. 
[24Nov2024 15:07:55.442] [Server thread/WARN] [net.minecraftforge.common.ForgeConfigSpec/CORE]: Incorrect key server.depositUpgrade was corrected from null to its default, SimpleCommentedConfig:{}. 
[24Nov2024 15:07:55.442] [Server thread/WARN] [net.minecraftforge.common.ForgeConfigSpec/CORE]: Incorrect key server.depositUpgrade.filterSlots was corrected from null to its default, 9. 
[24Nov2024 15:07:55.442] [Server thread/WARN] [net.minecraftforge.common.ForgeConfigSpec/CORE]: Incorrect key server.depositUpgrade.slotsInRow was corrected from null to its default, 3. 
[24Nov2024 15:07:55.443] [Server thread/WARN] [net.minecraftforge.common.ForgeConfigSpec/CORE]: Incorrect key server.advancedDepositUpgrade was corrected from null to its default, SimpleCommentedConfig:{}. 
[24Nov2024 15:07:55.443] [Server thread/WARN] [net.minecraftforge.common.ForgeConfigSpec/CORE]: Incorrect key server.advancedDepositUpgrade.filterSlots was corrected from null to its default, 16. 
[24Nov2024 15:07:55.443] [Server thread/WARN] [net.minecraftforge.common.ForgeConfigSpec/CORE]: Incorrect key server.advancedDepositUpgrade.slotsInRow was corrected from null to its default, 4. 
[24Nov2024 15:07:55.443] [Server thread/WARN] [net.minecraftforge.common.ForgeConfigSpec/CORE]: Incorrect key server.feedingUpgrade was corrected from null to its default, SimpleCommentedConfig:{}. 
[24Nov2024 15:07:55.443] [Server thread/WARN] [net.minecraftforge.common.ForgeConfigSpec/CORE]: Incorrect key server.feedingUpgrade.filterSlots was corrected from null to its default, 9. 
[24Nov2024 15:07:55.443] [Server thread/WARN] [net.minecraftforge.common.ForgeConfigSpec/CORE]: Incorrect key server.feedingUpgrade.slotsInRow was corrected from null to its default, 3. 
[24Nov2024 15:07:55.443] [Server thread/WARN] [net.minecraftforge.common.ForgeConfigSpec/CORE]: Incorrect key server.advancedFeedingUpgrade was corrected from null to its default, SimpleCommentedConfig:{}. 
[24Nov2024 15:07:55.443] [Server thread/WARN] [net.minecraftforge.common.ForgeConfigSpec/CORE]: Incorrect key server.advancedFeedingUpgrade.filterSlots was corrected from null to its default, 16. 
[24Nov2024 15:07:55.444] [Server thread/WARN] [net.minecraftforge.common.ForgeConfigSpec/CORE]: Incorrect key server.advancedFeedingUpgrade.slotsInRow was corrected from null to its default, 4. 
[24Nov2024 15:07:55.444] [Server thread/WARN] [net.minecraftforge.common.ForgeConfigSpec/CORE]: Incorrect key server.filterUpgrade was corrected from null to its default, SimpleCommentedConfig:{}. 
[24Nov2024 15:07:55.444] [Server thread/WARN] [net.minecraftforge.common.ForgeConfigSpec/CORE]: Incorrect key server.filterUpgrade.filterSlots was corrected from null to its default, 9. 
[24Nov2024 15:07:55.444] [Server thread/WARN] [net.minecraftforge.common.ForgeConfigSpec/CORE]: Incorrect key server.filterUpgrade.slotsInRow was corrected from null to its default, 3. 
[24Nov2024 15:07:55.444] [Server thread/WARN] [net.minecraftforge.common.ForgeConfigSpec/CORE]: Incorrect key server.advancedFilterUpgrade was corrected from null to its default, SimpleCommentedConfig:{}. 
[24Nov2024 15:07:55.444] [Server thread/WARN] [net.minecraftforge.common.ForgeConfigSpec/CORE]: Incorrect key server.advancedFilterUpgrade.filterSlots was corrected from null to its default, 16. 
[24Nov2024 15:07:55.444] [Server thread/WARN] [net.minecraftforge.common.ForgeConfigSpec/CORE]: Incorrect key server.advancedFilterUpgrade.slotsInRow was corrected from null to its default, 4. 
[24Nov2024 15:07:55.444] [Server thread/WARN] [net.minecraftforge.common.ForgeConfigSpec/CORE]: Incorrect key server.magnetUpgrade was corrected from null to its default, SimpleCommentedConfig:{}. 
[24Nov2024 15:07:55.445] [Server thread/WARN] [net.minecraftforge.common.ForgeConfigSpec/CORE]: Incorrect key server.magnetUpgrade.filterSlots was corrected from null to its default, 9. 
[24Nov2024 15:07:55.445] [Server thread/WARN] [net.minecraftforge.common.ForgeConfigSpec/CORE]: Incorrect key server.magnetUpgrade.slotsInRow was corrected from null to its default, 3. 
[24Nov2024 15:07:55.445] [Server thread/WARN] [net.minecraftforge.common.ForgeConfigSpec/CORE]: Incorrect key server.magnetUpgrade.magnetRange was corrected from null to its default, 3. 
[24Nov2024 15:07:55.445] [Server thread/WARN] [net.minecraftforge.common.ForgeConfigSpec/CORE]: Incorrect key server.advancedMagnetUpgrade was corrected from null to its default, SimpleCommentedConfig:{}. 
[24Nov2024 15:07:55.445] [Server thread/WARN] [net.minecraftforge.common.ForgeConfigSpec/CORE]: Incorrect key server.advancedMagnetUpgrade.filterSlots was corrected from null to its default, 16. 
[24Nov2024 15:07:55.445] [Server thread/WARN] [net.minecraftforge.common.ForgeConfigSpec/CORE]: Incorrect key server.advancedMagnetUpgrade.slotsInRow was corrected from null to its default, 4. 
[24Nov2024 15:07:56.438] [Server thread/WARN] [net.minecraftforge.common.ForgeConfigSpec/CORE]: Incorrect key server.advancedMagnetUpgrade.magnetRange was corrected from null to its default, 5. 
[24Nov2024 15:07:56.438] [Server thread/WARN] [net.minecraftforge.common.ForgeConfigSpec/CORE]: Incorrect key server.pickupUpgrade was corrected from null to its default, SimpleCommentedConfig:{}. 
[24Nov2024 15:07:56.438] [Server thread/WARN] [net.minecraftforge.common.ForgeConfigSpec/CORE]: Incorrect key server.pickupUpgrade.filterSlots was corrected from null to its default, 9. 
[24Nov2024 15:07:56.438] [Server thread/WARN] [net.minecraftforge.common.ForgeConfigSpec/CORE]: Incorrect key server.pickupUpgrade.slotsInRow was corrected from null to its default, 3. 
[24Nov2024 15:07:56.439] [Server thread/WARN] [net.minecraftforge.common.ForgeConfigSpec/CORE]: Incorrect key server.advancedPickupUpgrade was corrected from null to its default, SimpleCommentedConfig:{}. 
[24Nov2024 15:07:56.439] [Server thread/WARN] [net.minecraftforge.common.ForgeConfigSpec/CORE]: Incorrect key server.advancedPickupUpgrade.filterSlots was corrected from null to its default, 16. 
[24Nov2024 15:07:56.439] [Server thread/WARN] [net.minecraftforge.common.ForgeConfigSpec/CORE]: Incorrect key server.advancedPickupUpgrade.slotsInRow was corrected from null to its default, 4. 
[24Nov2024 15:07:56.439] [Server thread/WARN] [net.minecraftforge.common.ForgeConfigSpec/CORE]: Incorrect key server.voidUpgrade was corrected from null to its default, SimpleCommentedConfig:{}. 
[24Nov2024 15:07:56.439] [Server thread/WARN] [net.minecraftforge.common.ForgeConfigSpec/CORE]: Incorrect key server.voidUpgrade.filterSlots was corrected from null to its default, 9. 
[24Nov2024 15:07:56.439] [Server thread/WARN] [net.minecraftforge.common.ForgeConfigSpec/CORE]: Incorrect key server.voidUpgrade.slotsInRow was corrected from null to its default, 3. 
[24Nov2024 15:07:56.439] [Server thread/WARN] [net.minecraftforge.common.ForgeConfigSpec/CORE]: Incorrect key server.voidUpgrade.voidAnythingEnabled was corrected from null to its default, true. 
[24Nov2024 15:07:56.439] [Server thread/WARN] [net.minecraftforge.common.ForgeConfigSpec/CORE]: Incorrect key server.advancedVoidUpgrade was corrected from null to its default, SimpleCommentedConfig:{}. 
[24Nov2024 15:07:56.439] [Server thread/WARN] [net.minecraftforge.common.ForgeConfigSpec/CORE]: Incorrect key server.advancedVoidUpgrade.filterSlots was corrected from null to its default, 16. 
[24Nov2024 15:07:56.440] [Server thread/WARN] [net.minecraftforge.common.ForgeConfigSpec/CORE]: Incorrect key server.advancedVoidUpgrade.slotsInRow was corrected from null to its default, 4. 
[24Nov2024 15:07:56.440] [Server thread/WARN] [net.minecraftforge.common.ForgeConfigSpec/CORE]: Incorrect key server.advancedVoidUpgrade.voidAnythingEnabled was corrected from null to its default, true. 
[24Nov2024 15:07:56.440] [Server thread/WARN] [net.minecraftforge.common.ForgeConfigSpec/CORE]: Incorrect key server.smeltingUpgrade was corrected from null to its default, SimpleCommentedConfig:{}. 
[24Nov2024 15:07:56.440] [Server thread/WARN] [net.minecraftforge.common.ForgeConfigSpec/CORE]: Incorrect key server.smeltingUpgrade.smeltingSpeedMultiplier was corrected from null to its default, 1.0. 
[24Nov2024 15:07:56.440] [Server thread/WARN] [net.minecraftforge.common.ForgeConfigSpec/CORE]: Incorrect key server.smeltingUpgrade.fuelEfficiencyMultiplier was corrected from null to its default, 1.0. 
[24Nov2024 15:07:56.440] [Server thread/WARN] [net.minecraftforge.common.ForgeConfigSpec/CORE]: Incorrect key server.smokingUpgrade was corrected from null to its default, SimpleCommentedConfig:{}. 
[24Nov2024 15:07:56.440] [Server thread/WARN] [net.minecraftforge.common.ForgeConfigSpec/CORE]: Incorrect key server.smokingUpgrade.smeltingSpeedMultiplier was corrected from null to its default, 1.0. 
[24Nov2024 15:07:56.440] [Server thread/WARN] [net.minecraftforge.common.ForgeConfigSpec/CORE]: Incorrect key server.smokingUpgrade.fuelEfficiencyMultiplier was corrected from null to its default, 1.0. 
[24Nov2024 15:07:56.440] [Server thread/WARN] [net.minecraftforge.common.ForgeConfigSpec/CORE]: Incorrect key server.blastingUpgrade was corrected from null to its default, SimpleCommentedConfig:{}. 
[24Nov2024 15:07:56.440] [Server thread/WARN] [net.minecraftforge.common.ForgeConfigSpec/CORE]: Incorrect key server.blastingUpgrade.smeltingSpeedMultiplier was corrected from null to its default, 1.0. 
[24Nov2024 15:07:56.440] [Server thread/WARN] [net.minecraftforge.common.ForgeConfigSpec/CORE]: Incorrect key server.blastingUpgrade.fuelEfficiencyMultiplier was corrected from null to its default, 1.0. 
[24Nov2024 15:07:56.440] [Server thread/WARN] [net.minecraftforge.common.ForgeConfigSpec/CORE]: Incorrect key server.autoSmeltingUpgrade was corrected from null to its default, SimpleCommentedConfig:{}. 
[24Nov2024 15:07:56.441] [Server thread/WARN] [net.minecraftforge.common.ForgeConfigSpec/CORE]: Incorrect key server.autoSmeltingUpgrade.smeltingSpeedMultiplier was corrected from null to its default, 1.0. 
[24Nov2024 15:07:56.441] [Server thread/WARN] [net.minecraftforge.common.ForgeConfigSpec/CORE]: Incorrect key server.autoSmeltingUpgrade.fuelEfficiencyMultiplier was corrected from null to its default, 1.0. 
[24Nov2024 15:07:56.441] [Server thread/WARN] [net.minecraftforge.common.ForgeConfigSpec/CORE]: Incorrect key server.autoSmeltingUpgrade.inputFilterSlots was corrected from null to its default, 8. 
[24Nov2024 15:07:56.441] [Server thread/WARN] [net.minecraftforge.common.ForgeConfigSpec/CORE]: Incorrect key server.autoSmeltingUpgrade.inputFilterSlotsInRow was corrected from null to its default, 4. 
[24Nov2024 15:07:56.441] [Server thread/WARN] [net.minecraftforge.common.ForgeConfigSpec/CORE]: Incorrect key server.autoSmeltingUpgrade.fuelFilterSlots was corrected from null to its default, 4. 
[24Nov2024 15:07:56.441] [Server thread/WARN] [net.minecraftforge.common.ForgeConfigSpec/CORE]: Incorrect key server.autoSmeltingUpgrade.fuelFilterSlotsInRow was corrected from null to its default, 4. 
[24Nov2024 15:07:56.441] [Server thread/WARN] [net.minecraftforge.common.ForgeConfigSpec/CORE]: Incorrect key server.autoSmokingUpgrade was corrected from null to its default, SimpleCommentedConfig:{}. 
[24Nov2024 15:07:56.441] [Server thread/WARN] [net.minecraftforge.common.ForgeConfigSpec/CORE]: Incorrect key server.autoSmokingUpgrade.smeltingSpeedMultiplier was corrected from null to its default, 1.0. 
[24Nov2024 15:07:56.441] [Server thread/WARN] [net.minecraftforge.common.ForgeConfigSpec/CORE]: Incorrect key server.autoSmokingUpgrade.fuelEfficiencyMultiplier was corrected from null to its default, 1.0. 
[24Nov2024 15:07:56.441] [Server thread/WARN] [net.minecraftforge.common.ForgeConfigSpec/CORE]: Incorrect key server.autoSmokingUpgrade.inputFilterSlots was corrected from null to its default, 8. 
[24Nov2024 15:07:56.441] [Server thread/WARN] [net.minecraftforge.common.ForgeConfigSpec/CORE]: Incorrect key server.autoSmokingUpgrade.inputFilterSlotsInRow was corrected from null to its default, 4. 
[24Nov2024 15:07:56.441] [Server thread/WARN] [net.minecraftforge.common.ForgeConfigSpec/CORE]: Incorrect key server.autoSmokingUpgrade.fuelFilterSlots was corrected from null to its default, 4. 
[24Nov2024 15:07:56.442] [Server thread/WARN] [net.minecraftforge.common.ForgeConfigSpec/CORE]: Incorrect key server.autoSmokingUpgrade.fuelFilterSlotsInRow was corrected from null to its default, 4. 
[24Nov2024 15:07:56.442] [Server thread/WARN] [net.minecraftforge.common.ForgeConfigSpec/CORE]: Incorrect key server.autoBlastingUpgrade was corrected from null to its default, SimpleCommentedConfig:{}. 
[24Nov2024 15:07:56.442] [Server thread/WARN] [net.minecraftforge.common.ForgeConfigSpec/CORE]: Incorrect key server.autoBlastingUpgrade.smeltingSpeedMultiplier was corrected from null to its default, 1.0. 
[24Nov2024 15:07:56.442] [Server thread/WARN] [net.minecraftforge.common.ForgeConfigSpec/CORE]: Incorrect key server.autoBlastingUpgrade.fuelEfficiencyMultiplier was corrected from null to its default, 1.0. 
[24Nov2024 15:07:56.442] [Server thread/WARN] [net.minecraftforge.common.ForgeConfigSpec/CORE]: Incorrect key server.autoBlastingUpgrade.inputFilterSlots was corrected from null to its default, 8. 
[24Nov2024 15:07:56.442] [Server thread/WARN] [net.minecraftforge.common.ForgeConfigSpec/CORE]: Incorrect key server.autoBlastingUpgrade.inputFilterSlotsInRow was corrected from null to its default, 4. 
[24Nov2024 15:07:56.442] [Server thread/WARN] [net.minecraftforge.common.ForgeConfigSpec/CORE]: Incorrect key server.autoBlastingUpgrade.fuelFilterSlots was corrected from null to its default, 4. 
[24Nov2024 15:07:56.442] [Server thread/WARN] [net.minecraftforge.common.ForgeConfigSpec/CORE]: Incorrect key server.autoBlastingUpgrade.fuelFilterSlotsInRow was corrected from null to its default, 4. 
[24Nov2024 15:07:56.442] [Server thread/WARN] [net.minecraftforge.common.ForgeConfigSpec/CORE]: Incorrect key server.pumpUpgrade was corrected from null to its default, SimpleCommentedConfig:{}. 
[24Nov2024 15:07:56.442] [Server thread/WARN] [net.minecraftforge.common.ForgeConfigSpec/CORE]: Incorrect key server.pumpUpgrade.filterSlots was corrected from null to its default, 4. 
[24Nov2024 15:07:56.442] [Server thread/WARN] [net.minecraftforge.common.ForgeConfigSpec/CORE]: Incorrect key server.pumpUpgrade.maxInputOutput was corrected from null to its default, 20. 
[24Nov2024 15:07:56.442] [Server thread/WARN] [net.minecraftforge.common.ForgeConfigSpec/CORE]: Incorrect key server.pumpUpgrade.stackMultiplierRatio was corrected from null to its default, 1.0. 
[24Nov2024 15:07:56.443] [Server thread/WARN] [net.minecraftforge.common.ForgeConfigSpec/CORE]: Incorrect key server.xpPumpUpgrade was corrected from null to its default, SimpleCommentedConfig:{}. 
[24Nov2024 15:07:56.443] [Server thread/WARN] [net.minecraftforge.common.ForgeConfigSpec/CORE]: Incorrect key server.xpPumpUpgrade.mendingOn was corrected from null to its default, true. 
[24Nov2024 15:07:56.443] [Server thread/WARN] [net.minecraftforge.common.ForgeConfigSpec/CORE]: Incorrect key server.xpPumpUpgrade.maxXpPointsPerMending was corrected from null to its default, 5. 
[24Nov2024 15:07:56.443] [Server thread/WARN] [net.minecraftforge.common.ForgeConfigSpec/CORE]: Incorrect key server.compressionUpgrade was corrected from null to its default, SimpleCommentedConfig:{}. 
[24Nov2024 15:07:56.443] [Server thread/WARN] [net.minecraftforge.common.ForgeConfigSpec/CORE]: Incorrect key server.compressionUpgrade.maxNumberOfSlots was corrected from null to its default, 5. 
[24Nov2024 15:07:56.445] [Server thread/WARN] [net.minecraftforge.common.ForgeConfigSpec/CORE]: Incorrect key server.compressionUpgrade.additionalDecompressibleItems was corrected from null to its default, [minecraft:glowstone=4xminecraft:glowstone_dust, minecraft:quartz_block=4xminecraft:quartz]. 
[24Nov2024 15:07:56.445] [Server thread/WARN] [net.minecraftforge.common.ForgeConfigSpec/CORE]: Incorrect key server.hopperUpgrade was corrected from null to its default, SimpleCommentedConfig:{}. 
[24Nov2024 15:07:56.445] [Server thread/WARN] [net.minecraftforge.common.ForgeConfigSpec/CORE]: Incorrect key server.hopperUpgrade.inputFilterSlots was corrected from null to its default, 2. 
[24Nov2024 15:07:56.445] [Server thread/WARN] [net.minecraftforge.common.ForgeConfigSpec/CORE]: Incorrect key server.hopperUpgrade.inputFilterSlotsInRow was corrected from null to its default, 2. 
[24Nov2024 15:07:56.445] [Server thread/WARN] [net.minecraftforge.common.ForgeConfigSpec/CORE]: Incorrect key server.hopperUpgrade.outputFilterSlots was corrected from null to its default, 2. 
[24Nov2024 15:07:56.445] [Server thread/WARN] [net.minecraftforge.common.ForgeConfigSpec/CORE]: Incorrect key server.hopperUpgrade.outputFilterSlotsInRow was corrected from null to its default, 2. 
[24Nov2024 15:07:56.446] [Server thread/WARN] [net.minecraftforge.common.ForgeConfigSpec/CORE]: Incorrect key server.hopperUpgrade.transferSpeedTicks was corrected from null to its default, 8. 
[24Nov2024 15:07:56.446] [Server thread/WARN] [net.minecraftforge.common.ForgeConfigSpec/CORE]: Incorrect key server.hopperUpgrade.maxTransferStackSize was corrected from null to its default, 1. 
[24Nov2024 15:07:56.446] [Server thread/WARN] [net.minecraftforge.common.ForgeConfigSpec/CORE]: Incorrect key server.advancedHopperUpgrade was corrected from null to its default, SimpleCommentedConfig:{}. 
[24Nov2024 15:07:56.446] [Server thread/WARN] [net.minecraftforge.common.ForgeConfigSpec/CORE]: Incorrect key server.advancedHopperUpgrade.inputFilterSlots was corrected from null to its default, 4. 
[24Nov2024 15:07:56.446] [Server thread/WARN] [net.minecraftforge.common.ForgeConfigSpec/CORE]: Incorrect key server.advancedHopperUpgrade.inputFilterSlotsInRow was corrected from null to its default, 4. 
[24Nov2024 15:07:56.446] [Server thread/WARN] [net.minecraftforge.common.ForgeConfigSpec/CORE]: Incorrect key server.advancedHopperUpgrade.outputFilterSlots was corrected from null to its default, 4. 
[24Nov2024 15:07:56.446] [Server thread/WARN] [net.minecraftforge.common.ForgeConfigSpec/CORE]: Incorrect key server.advancedHopperUpgrade.outputFilterSlotsInRow was corrected from null to its default, 4. 
[24Nov2024 15:07:56.446] [Server thread/WARN] [net.minecraftforge.common.ForgeConfigSpec/CORE]: Incorrect key server.advancedHopperUpgrade.transferSpeedTicks was corrected from null to its default, 2. 
[24Nov2024 15:07:56.446] [Server thread/WARN] [net.minecraftforge.common.ForgeConfigSpec/CORE]: Incorrect key server.advancedHopperUpgrade.maxTransferStackSize was corrected from null to its default, 4. 
[24Nov2024 15:07:56.446] [Server thread/WARN] [net.minecraftforge.common.ForgeConfigSpec/CORE]: Incorrect key server.maxUpgradesPerStorage was corrected from null to its default, [barrel|furnace_upgrades|1, barrel|stack_upgrades|2, barrel|jukebox_upgrade|1, limited_barrel|furnace_upgrades|1, limited_barrel|jukebox_upgrade|1, chest|furnace_upgrades|1, chest|stack_upgrades|2, chest|jukebox_upgrade|1, shulker_box|furnace_upgrades|1, shulker_box|stack_upgrades|2, shulker_box|jukebox_upgrade|1]. 
[24Nov2024 15:07:56.446] [Server thread/WARN] [net.minecraftforge.common.ForgeConfigSpec/CORE]: Incorrect key server.tooManyItemEntityDrops was corrected from null to its default, 200. 
[24Nov2024 15:07:56.450] [Server thread/WARN] [net.minecraftforge.common.ForgeConfigSpec/CORE]: Configuration file ./SurvivalM/serverconfig/railways-server.toml is not correct. Correcting
[24Nov2024 15:07:56.450] [Server thread/WARN] [net.minecraftforge.common.ForgeConfigSpec/CORE]: Incorrect key misc was corrected from null to its default, SimpleCommentedConfig:{}. 
[24Nov2024 15:07:56.450] [Server thread/WARN] [net.minecraftforge.common.ForgeConfigSpec/CORE]: Incorrect key misc.strictCoupler was corrected from null to its default, false. 
[24Nov2024 15:07:56.451] [Server thread/WARN] [net.minecraftforge.common.ForgeConfigSpec/CORE]: Incorrect key misc.flipDistantSwitches was corrected from null to its default, true. 
[24Nov2024 15:07:56.451] [Server thread/WARN] [net.minecraftforge.common.ForgeConfigSpec/CORE]: Incorrect key misc.switchPlacementRange was corrected from null to its default, 64. 
[24Nov2024 15:07:56.451] [Server thread/WARN] [net.minecraftforge.common.ForgeConfigSpec/CORE]: Incorrect key misc.creeperTrackDamage was corrected from null to its default, false. 
[24Nov2024 15:07:56.451] [Server thread/WARN] [net.minecraftforge.common.ForgeConfigSpec/CORE]: Incorrect key misc.handcarHungerMultiplier was corrected from null to its default, 0.009999999776482582. 
[24Nov2024 15:07:56.451] [Server thread/WARN] [net.minecraftforge.common.ForgeConfigSpec/CORE]: Incorrect key semaphores was corrected from null to its default, SimpleCommentedConfig:{}. 
[24Nov2024 15:07:56.451] [Server thread/WARN] [net.minecraftforge.common.ForgeConfigSpec/CORE]: Incorrect key semaphores.simplifiedPlacement was corrected from null to its default, true. 
[24Nov2024 15:07:56.451] [Server thread/WARN] [net.minecraftforge.common.ForgeConfigSpec/CORE]: Incorrect key semaphores.flipYellowOrder was corrected from null to its default, false. 
[24Nov2024 15:07:56.452] [Server thread/WARN] [net.minecraftforge.common.ForgeConfigSpec/CORE]: Incorrect key conductors was corrected from null to its default, SimpleCommentedConfig:{}. 
[24Nov2024 15:07:56.452] [Server thread/WARN] [net.minecraftforge.common.ForgeConfigSpec/CORE]: Incorrect key conductors.mustOwnBoundTrain was corrected from null to its default, false. 
[24Nov2024 15:07:56.452] [Server thread/WARN] [net.minecraftforge.common.ForgeConfigSpec/CORE]: Incorrect key conductors.maxConductorVentLength was corrected from null to its default, 64. 
[24Nov2024 15:07:56.452] [Server thread/WARN] [net.minecraftforge.common.ForgeConfigSpec/CORE]: Incorrect key conductors.whistleRebindRate was corrected from null to its default, 10. 
[24Nov2024 15:07:56.453] [Server thread/WARN] [net.minecraftforge.common.ForgeConfigSpec/CORE]: Incorrect key journeymap was corrected from null to its default, SimpleCommentedConfig:{}. 
[24Nov2024 15:07:56.453] [Server thread/WARN] [net.minecraftforge.common.ForgeConfigSpec/CORE]: Incorrect key journeymap.farTrainSyncTicks was corrected from null to its default, 200. 
[24Nov2024 15:07:56.453] [Server thread/WARN] [net.minecraftforge.common.ForgeConfigSpec/CORE]: Incorrect key journeymap.nearTrainSyncTicks was corrected from null to its default, 5. 
[24Nov2024 15:07:56.453] [Server thread/WARN] [net.minecraftforge.common.ForgeConfigSpec/CORE]: Incorrect key realism was corrected from null to its default, SimpleCommentedConfig:{}. 
[24Nov2024 15:07:56.453] [Server thread/WARN] [net.minecraftforge.common.ForgeConfigSpec/CORE]: Incorrect key realism.realisticTrains was corrected from null to its default, false. 
[24Nov2024 15:07:56.453] [Server thread/WARN] [net.minecraftforge.common.ForgeConfigSpec/CORE]: Incorrect key realism.realisticFuelTanks was corrected from null to its default, true. 
[24Nov2024 15:07:56.455] [Server thread/WARN] [net.minecraftforge.common.ForgeConfigSpec/CORE]: Configuration file ./SurvivalM/serverconfig/create-server.toml is not correct. Correcting
[24Nov2024 15:07:56.456] [Server thread/WARN] [net.minecraftforge.common.ForgeConfigSpec/CORE]: Incorrect key infrastructure was corrected from null to its default, SimpleCommentedConfig:{}. 
[24Nov2024 15:07:56.456] [Server thread/WARN] [net.minecraftforge.common.ForgeConfigSpec/CORE]: Incorrect key infrastructure.tickrateSyncTimer was corrected from null to its default, 20. 
[24Nov2024 15:07:56.456] [Server thread/WARN] [net.minecraftforge.common.ForgeConfigSpec/CORE]: Incorrect key recipes was corrected from null to its default, SimpleCommentedConfig:{}. 
[24Nov2024 15:07:56.457] [Server thread/WARN] [net.minecraftforge.common.ForgeConfigSpec/CORE]: Incorrect key recipes.bulkPressing was corrected from null to its default, false. 
[24Nov2024 15:07:56.457] [Server thread/WARN] [net.minecraftforge.common.ForgeConfigSpec/CORE]: Incorrect key recipes.bulkCutting was corrected from null to its default, false. 
[24Nov2024 15:07:56.457] [Server thread/WARN] [net.minecraftforge.common.ForgeConfigSpec/CORE]: Incorrect key recipes.allowBrewingInMixer was corrected from null to its default, true. 
[24Nov2024 15:07:56.457] [Server thread/WARN] [net.minecraftforge.common.ForgeConfigSpec/CORE]: Incorrect key recipes.allowShapelessInMixer was corrected from null to its default, true. 
[24Nov2024 15:07:56.457] [Server thread/WARN] [net.minecraftforge.common.ForgeConfigSpec/CORE]: Incorrect key recipes.allowShapedSquareInPress was corrected from null to its default, true. 
[24Nov2024 15:07:56.457] [Server thread/WARN] [net.minecraftforge.common.ForgeConfigSpec/CORE]: Incorrect key recipes.allowRegularCraftingInCrafter was corrected from null to its default, true. 
[24Nov2024 15:07:56.458] [Server thread/WARN] [net.minecraftforge.common.ForgeConfigSpec/CORE]: Incorrect key recipes.maxFireworkIngredientsInCrafter was corrected from null to its default, 9. 
[24Nov2024 15:07:56.458] [Server thread/WARN] [net.minecraftforge.common.ForgeConfigSpec/CORE]: Incorrect key recipes.allowStonecuttingOnSaw was corrected from null to its default, true. 
[24Nov2024 15:07:56.458] [Server thread/WARN] [net.minecraftforge.common.ForgeConfigSpec/CORE]: Incorrect key recipes.allowWoodcuttingOnSaw was corrected from null to its default, true. 
[24Nov2024 15:07:56.458] [Server thread/WARN] [net.minecraftforge.common.ForgeConfigSpec/CORE]: Incorrect key recipes.allowCastingBySpout was corrected from null to its default, true. 
[24Nov2024 15:07:56.458] [Server thread/WARN] [net.minecraftforge.common.ForgeConfigSpec/CORE]: Incorrect key recipes.displayLogStrippingRecipes was corrected from null to its default, true. 
[24Nov2024 15:07:56.458] [Server thread/WARN] [net.minecraftforge.common.ForgeConfigSpec/CORE]: Incorrect key recipes.lightSourceCountForRefinedRadiance was corrected from null to its default, 10. 
[24Nov2024 15:07:56.458] [Server thread/WARN] [net.minecraftforge.common.ForgeConfigSpec/CORE]: Incorrect key recipes.enableRefinedRadianceRecipe was corrected from null to its default, true. 
[24Nov2024 15:07:56.459] [Server thread/WARN] [net.minecraftforge.common.ForgeConfigSpec/CORE]: Incorrect key recipes.enableShadowSteelRecipe was corrected from null to its default, true. 
[24Nov2024 15:07:56.459] [Server thread/WARN] [net.minecraftforge.common.ForgeConfigSpec/CORE]: Incorrect key kinetics was corrected from null to its default, SimpleCommentedConfig:{}. 
[24Nov2024 15:07:56.460] [Server thread/WARN] [net.minecraftforge.common.ForgeConfigSpec/CORE]: Incorrect key kinetics.disableStress was corrected from null to its default, false. 
[24Nov2024 15:07:56.460] [Server thread/WARN] [net.minecraftforge.common.ForgeConfigSpec/CORE]: Incorrect key kinetics.maxBeltLength was corrected from null to its default, 20. 
[24Nov2024 15:07:56.460] [Server thread/WARN] [net.minecraftforge.common.ForgeConfigSpec/CORE]: Incorrect key kinetics.crushingDamage was corrected from null to its default, 4. 
[24Nov2024 15:07:56.460] [Server thread/WARN] [net.minecraftforge.common.ForgeConfigSpec/CORE]: Incorrect key kinetics.maxRotationSpeed was corrected from null to its default, 256. 
[24Nov2024 15:07:56.460] [Server thread/WARN] [net.minecraftforge.common.ForgeConfigSpec/CORE]: Incorrect key kinetics.ignoreDeployerAttacks was corrected from null to its default, CREEPERS. 
[24Nov2024 15:07:56.460] [Server thread/WARN] [net.minecraftforge.common.ForgeConfigSpec/CORE]: Incorrect key kinetics.kineticValidationFrequency was corrected from null to its default, 60. 
[24Nov2024 15:07:56.460] [Server thread/WARN] [net.minecraftforge.common.ForgeConfigSpec/CORE]: Incorrect key kinetics.crankHungerMultiplier was corrected from null to its default, 0.009999999776482582. 
[24Nov2024 15:07:56.461] [Server thread/WARN] [net.minecraftforge.common.ForgeConfigSpec/CORE]: Incorrect key kinetics.minimumWindmillSails was corrected from null to its default, 8. 
[24Nov2024 15:07:56.461] [Server thread/WARN] [net.minecraftforge.common.ForgeConfigSpec/CORE]: Incorrect key kinetics.windmillSailsPerRPM was corrected from null to its default, 8. 
[24Nov2024 15:07:56.461] [Server thread/WARN] [net.minecraftforge.common.ForgeConfigSpec/CORE]: Incorrect key kinetics.maxEjectorDistance was corrected from null to its default, 32. 
[24Nov2024 15:07:56.461] [Server thread/WARN] [net.minecraftforge.common.ForgeConfigSpec/CORE]: Incorrect key kinetics.ejectorScanInterval was corrected from null to its default, 120. 
[24Nov2024 15:07:56.461] [Server thread/WARN] [net.minecraftforge.common.ForgeConfigSpec/CORE]: Incorrect key kinetics.encasedFan was corrected from null to its default, SimpleCommentedConfig:{}. 
[24Nov2024 15:07:56.461] [Server thread/WARN] [net.minecraftforge.common.ForgeConfigSpec/CORE]: Incorrect key kinetics.encasedFan.fanPushDistance was corrected from null to its default, 20. 
[24Nov2024 15:07:56.461] [Server thread/WARN] [net.minecraftforge.common.ForgeConfigSpec/CORE]: Incorrect key kinetics.encasedFan.fanPullDistance was corrected from null to its default, 20. 
[24Nov2024 15:07:56.462] [Server thread/WARN] [net.minecraftforge.common.ForgeConfigSpec/CORE]: Incorrect key kinetics.encasedFan.fanBlockCheckRate was corrected from null to its default, 30. 
[24Nov2024 15:07:56.462] [Server thread/WARN] [net.minecraftforge.common.ForgeConfigSpec/CORE]: Incorrect key kinetics.encasedFan.fanRotationArgmax was corrected from null to its default, 256. 
[24Nov2024 15:07:56.462] [Server thread/WARN] [net.minecraftforge.common.ForgeConfigSpec/CORE]: Incorrect key kinetics.encasedFan.fanProcessingTime was corrected from null to its default, 150. 
[24Nov2024 15:07:56.462] [Server thread/WARN] [net.minecraftforge.common.ForgeConfigSpec/CORE]: Incorrect key kinetics.contraptions was corrected from null to its default, SimpleCommentedConfig:{}. 
[24Nov2024 15:07:56.462] [Server thread/WARN] [net.minecraftforge.common.ForgeConfigSpec/CORE]: Incorrect key kinetics.contraptions.maxBlocksMoved was corrected from null to its default, 2048. 
[24Nov2024 15:07:56.462] [Server thread/WARN] [net.minecraftforge.common.ForgeConfigSpec/CORE]: Incorrect key kinetics.contraptions.maxDataSize was corrected from null to its default, 2000000. 
[24Nov2024 15:07:56.462] [Server thread/WARN] [net.minecraftforge.common.ForgeConfigSpec/CORE]: Incorrect key kinetics.contraptions.maxChassisRange was corrected from null to its default, 16. 
[24Nov2024 15:07:56.463] [Server thread/WARN] [net.minecraftforge.common.ForgeConfigSpec/CORE]: Incorrect key kinetics.contraptions.maxPistonPoles was corrected from null to its default, 64. 
[24Nov2024 15:07:56.463] [Server thread/WARN] [net.minecraftforge.common.ForgeConfigSpec/CORE]: Incorrect key kinetics.contraptions.maxRopeLength was corrected from null to its default, 256. 
[24Nov2024 15:07:56.463] [Server thread/WARN] [net.minecraftforge.common.ForgeConfigSpec/CORE]: Incorrect key kinetics.contraptions.maxCartCouplingLength was corrected from null to its default, 32. 
[24Nov2024 15:07:56.463] [Server thread/WARN] [net.minecraftforge.common.ForgeConfigSpec/CORE]: Incorrect key kinetics.contraptions.rollerFillDepth was corrected from null to its default, 12. 
[24Nov2024 15:07:56.463] [Server thread/WARN] [net.minecraftforge.common.ForgeConfigSpec/CORE]: Incorrect key kinetics.contraptions.survivalContraptionPickup was corrected from null to its default, true. 
[24Nov2024 15:07:56.463] [Server thread/WARN] [net.minecraftforge.common.ForgeConfigSpec/CORE]: Incorrect key kinetics.contraptions.movableSpawners was corrected from null to its default, NO_PICKUP. 
[24Nov2024 15:07:56.464] [Server thread/WARN] [net.minecraftforge.common.ForgeConfigSpec/CORE]: Incorrect key kinetics.contraptions.amethystMovement was corrected from null to its default, NO_PICKUP. 
[24Nov2024 15:07:56.464] [Server thread/WARN] [net.minecraftforge.common.ForgeConfigSpec/CORE]: Incorrect key kinetics.contraptions.movableObsidian was corrected from null to its default, UNMOVABLE. 
[24Nov2024 15:07:56.464] [Server thread/WARN] [net.minecraftforge.common.ForgeConfigSpec/CORE]: Incorrect key kinetics.contraptions.movableReinforcedDeepslate was corrected from null to its default, UNMOVABLE. 
[24Nov2024 15:07:56.464] [Server thread/WARN] [net.minecraftforge.common.ForgeConfigSpec/CORE]: Incorrect key kinetics.contraptions.moveItemsToStorage was corrected from null to its default, true. 
[24Nov2024 15:07:56.464] [Server thread/WARN] [net.minecraftforge.common.ForgeConfigSpec/CORE]: Incorrect key kinetics.contraptions.harvestPartiallyGrown was corrected from null to its default, false. 
[24Nov2024 15:07:56.464] [Server thread/WARN] [net.minecraftforge.common.ForgeConfigSpec/CORE]: Incorrect key kinetics.contraptions.harvesterReplants was corrected from null to its default, true. 
[24Nov2024 15:07:56.464] [Server thread/WARN] [net.minecraftforge.common.ForgeConfigSpec/CORE]: Incorrect key kinetics.contraptions.minecartContraptionInContainers was corrected from null to its default, false. 
[24Nov2024 15:07:56.465] [Server thread/WARN] [net.minecraftforge.common.ForgeConfigSpec/CORE]: Incorrect key kinetics.contraptions.stabiliseStableContraptions was corrected from null to its default, false. 
[24Nov2024 15:07:56.465] [Server thread/WARN] [net.minecraftforge.common.ForgeConfigSpec/CORE]: Incorrect key kinetics.stats was corrected from null to its default, SimpleCommentedConfig:{}. 
[24Nov2024 15:07:56.465] [Server thread/WARN] [net.minecraftforge.common.ForgeConfigSpec/CORE]: Incorrect key kinetics.stats.mediumSpeed was corrected from null to its default, 30.0. 
[24Nov2024 15:07:56.465] [Server thread/WARN] [net.minecraftforge.common.ForgeConfigSpec/CORE]: Incorrect key kinetics.stats.fastSpeed was corrected from null to its default, 100.0. 
[24Nov2024 15:07:56.465] [Server thread/WARN] [net.minecraftforge.common.ForgeConfigSpec/CORE]: Incorrect key kinetics.stats.mediumStressImpact was corrected from null to its default, 4.0. 
[24Nov2024 15:07:56.465] [Server thread/WARN] [net.minecraftforge.common.ForgeConfigSpec/CORE]: Incorrect key kinetics.stats.highStressImpact was corrected from null to its default, 8.0. 
[24Nov2024 15:07:56.465] [Server thread/WARN] [net.minecraftforge.common.ForgeConfigSpec/CORE]: Incorrect key kinetics.stats.mediumCapacity was corrected from null to its default, 256.0. 
[24Nov2024 15:07:56.466] [Server thread/WARN] [net.minecraftforge.common.ForgeConfigSpec/CORE]: Incorrect key kinetics.stats.highCapacity was corrected from null to its default, 1024.0. 
[24Nov2024 15:07:56.466] [Server thread/WARN] [net.minecraftforge.common.ForgeConfigSpec/CORE]: Incorrect key kinetics.stressValues was corrected from null to its default, SimpleCommentedConfig:{}. 
[24Nov2024 15:07:56.466] [Server thread/WARN] [net.minecraftforge.common.ForgeConfigSpec/CORE]: Incorrect key kinetics.stressValues.v2 was corrected from null to its default, SimpleCommentedConfig:{}. 
[24Nov2024 15:07:56.466] [Server thread/WARN] [net.minecraftforge.common.ForgeConfigSpec/CORE]: Incorrect key kinetics.stressValues.v2.impact was corrected from null to its default, SimpleCommentedConfig:{}. 
[24Nov2024 15:07:56.466] [Server thread/WARN] [net.minecraftforge.common.ForgeConfigSpec/CORE]: Incorrect key kinetics.stressValues.v2.impact.deployer was corrected from null to its default, 4.0. 
[24Nov2024 15:07:56.466] [Server thread/WARN] [net.minecraftforge.common.ForgeConfigSpec/CORE]: Incorrect key kinetics.stressValues.v2.impact.millstone was corrected from null to its default, 4.0. 
[24Nov2024 15:07:56.467] [Server thread/WARN] [net.minecraftforge.common.ForgeConfigSpec/CORE]: Incorrect key kinetics.stressValues.v2.impact.cuckoo_clock was corrected from null to its default, 1.0. 
[24Nov2024 15:07:56.467] [Server thread/WARN] [net.minecraftforge.common.ForgeConfigSpec/CORE]: Incorrect key kinetics.stressValues.v2.impact.speedometer was corrected from null to its default, 0.0. 
[24Nov2024 15:07:56.467] [Server thread/WARN] [net.minecraftforge.common.ForgeConfigSpec/CORE]: Incorrect key kinetics.stressValues.v2.impact.copper_backtank was corrected from null to its default, 4.0. 
[24Nov2024 15:07:56.467] [Server thread/WARN] [net.minecraftforge.common.ForgeConfigSpec/CORE]: Incorrect key kinetics.stressValues.v2.impact.mechanical_saw was corrected from null to its default, 4.0. 
[24Nov2024 15:07:56.467] [Server thread/WARN] [net.minecraftforge.common.ForgeConfigSpec/CORE]: Incorrect key kinetics.stressValues.v2.impact.flywheel was corrected from null to its default, 0.0. 
[24Nov2024 15:07:56.467] [Server thread/WARN] [net.minecraftforge.common.ForgeConfigSpec/CORE]: Incorrect key kinetics.stressValues.v2.impact.adjustable_chain_gearshift was corrected from null to its default, 0.0. 
[24Nov2024 15:07:56.467] [Server thread/WARN] [net.minecraftforge.common.ForgeConfigSpec/CORE]: Incorrect key kinetics.stressValues.v2.impact.mechanical_pump was corrected from null to its default, 4.0. 
[24Nov2024 15:07:56.467] [Server thread/WARN] [net.minecraftforge.common.ForgeConfigSpec/CORE]: Incorrect key kinetics.stressValues.v2.impact.crushing_wheel was corrected from null to its default, 8.0. 
[24Nov2024 15:07:56.467] [Server thread/WARN] [net.minecraftforge.common.ForgeConfigSpec/CORE]: Incorrect key kinetics.stressValues.v2.impact.mechanical_mixer was corrected from null to its default, 4.0. 
[24Nov2024 15:07:56.468] [Server thread/WARN] [net.minecraftforge.common.ForgeConfigSpec/CORE]: Incorrect key kinetics.stressValues.v2.impact.gantry_shaft was corrected from null to its default, 0.0. 
[24Nov2024 15:07:56.468] [Server thread/WARN] [net.minecraftforge.common.ForgeConfigSpec/CORE]: Incorrect key kinetics.stressValues.v2.impact.mechanical_arm was corrected from null to its default, 2.0. 
[24Nov2024 15:07:56.468] [Server thread/WARN] [net.minecraftforge.common.ForgeConfigSpec/CORE]: Incorrect key kinetics.stressValues.v2.impact.andesite_encased_shaft was corrected from null to its default, 0.0. 
[24Nov2024 15:07:56.468] [Server thread/WARN] [net.minecraftforge.common.ForgeConfigSpec/CORE]: Incorrect key kinetics.stressValues.v2.impact.mechanical_press was corrected from null to its default, 8.0. 
[24Nov2024 15:07:56.468] [Server thread/WARN] [net.minecraftforge.common.ForgeConfigSpec/CORE]: Incorrect key kinetics.stressValues.v2.impact.large_cogwheel was corrected from null to its default, 0.0. 
[24Nov2024 15:07:56.468] [Server thread/WARN] [net.minecraftforge.common.ForgeConfigSpec/CORE]: Incorrect key kinetics.stressValues.v2.impact.mechanical_drill was corrected from null to its default, 4.0. 
[24Nov2024 15:07:56.468] [Server thread/WARN] [net.minecraftforge.common.ForgeConfigSpec/CORE]: Incorrect key kinetics.stressValues.v2.impact.andesite_encased_large_cogwheel was corrected from null to its default, 0.0. 
[24Nov2024 15:07:56.468] [Server thread/WARN] [net.minecraftforge.common.ForgeConfigSpec/CORE]: Incorrect key kinetics.stressValues.v2.impact.stressometer was corrected from null to its default, 0.0. 
[24Nov2024 15:07:56.469] [Server thread/WARN] [net.minecraftforge.common.ForgeConfigSpec/CORE]: Incorrect key kinetics.stressValues.v2.impact.shaft was corrected from null to its default, 0.0. 
[24Nov2024 15:07:56.469] [Server thread/WARN] [net.minecraftforge.common.ForgeConfigSpec/CORE]: Incorrect key kinetics.stressValues.v2.impact.gearshift was corrected from null to its default, 0.0. 
[24Nov2024 15:07:56.469] [Server thread/WARN] [net.minecraftforge.common.ForgeConfigSpec/CORE]: Incorrect key kinetics.stressValues.v2.impact.sequenced_gearshift was corrected from null to its default, 0.0. 
[24Nov2024 15:07:56.469] [Server thread/WARN] [net.minecraftforge.common.ForgeConfigSpec/CORE]: Incorrect key kinetics.stressValues.v2.impact.weighted_ejector was corrected from null to its default, 2.0. 
[24Nov2024 15:07:56.469] [Server thread/WARN] [net.minecraftforge.common.ForgeConfigSpec/CORE]: Incorrect key kinetics.stressValues.v2.impact.andesite_encased_cogwheel was corrected from null to its default, 0.0. 
[24Nov2024 15:07:56.469] [Server thread/WARN] [net.minecraftforge.common.ForgeConfigSpec/CORE]: Incorrect key kinetics.stressValues.v2.impact.gearbox was corrected from null to its default, 0.0. 
[24Nov2024 15:07:56.469] [Server thread/WARN] [net.minecraftforge.common.ForgeConfigSpec/CORE]: Incorrect key kinetics.stressValues.v2.impact.elevator_pulley was corrected from null to its default, 4.0. 
[24Nov2024 15:07:56.469] [Server thread/WARN] [net.minecraftforge.common.ForgeConfigSpec/CORE]: Incorrect key kinetics.stressValues.v2.impact.mechanical_crafter was corrected from null to its default, 2.0. 
[24Nov2024 15:07:56.469] [Server thread/WARN] [net.minecraftforge.common.ForgeConfigSpec/CORE]: Incorrect key kinetics.stressValues.v2.impact.display_board was corrected from null to its default, 0.0. 
[24Nov2024 15:07:56.469] [Server thread/WARN] [net.minecraftforge.common.ForgeConfigSpec/CORE]: Incorrect key kinetics.stressValues.v2.impact.mechanical_piston was corrected from null to its default, 4.0. 
[24Nov2024 15:07:56.469] [Server thread/WARN] [net.minecraftforge.common.ForgeConfigSpec/CORE]: Incorrect key kinetics.stressValues.v2.impact.mechanical_bearing was corrected from null to its default, 4.0. 
[24Nov2024 15:07:56.470] [Server thread/WARN] [net.minecraftforge.common.ForgeConfigSpec/CORE]: Incorrect key kinetics.stressValues.v2.impact.clockwork_bearing was corrected from null to its default, 4.0. 
[24Nov2024 15:07:56.470] [Server thread/WARN] [net.minecraftforge.common.ForgeConfigSpec/CORE]: Incorrect key kinetics.stressValues.v2.impact.encased_chain_drive was corrected from null to its default, 0.0. 
[24Nov2024 15:07:56.470] [Server thread/WARN] [net.minecraftforge.common.ForgeConfigSpec/CORE]: Incorrect key kinetics.stressValues.v2.impact.clutch was corrected from null to its default, 0.0. 
[24Nov2024 15:07:56.470] [Server thread/WARN] [net.minecraftforge.common.ForgeConfigSpec/CORE]: Incorrect key kinetics.stressValues.v2.impact.encased_fan was corrected from null to its default, 2.0. 
[24Nov2024 15:07:56.470] [Server thread/WARN] [net.minecraftforge.common.ForgeConfigSpec/CORE]: Incorrect key kinetics.stressValues.v2.impact.rope_pulley was corrected from null to its default, 4.0. 
[24Nov2024 15:07:56.470] [Server thread/WARN] [net.minecraftforge.common.ForgeConfigSpec/CORE]: Incorrect key kinetics.stressValues.v2.impact.rotation_speed_controller was corrected from null to its default, 0.0. 
[24Nov2024 15:07:56.470] [Server thread/WARN] [net.minecraftforge.common.ForgeConfigSpec/CORE]: Incorrect key kinetics.stressValues.v2.impact.netherite_backtank was corrected from null to its default, 4.0. 
[24Nov2024 15:07:56.470] [Server thread/WARN] [net.minecraftforge.common.ForgeConfigSpec/CORE]: Incorrect key kinetics.stressValues.v2.impact.mysterious_cuckoo_clock was corrected from null to its default, 1.0. 
[24Nov2024 15:07:56.470] [Server thread/WARN] [net.minecraftforge.common.ForgeConfigSpec/CORE]: Incorrect key kinetics.stressValues.v2.impact.brass_encased_large_cogwheel was corrected from null to its default, 0.0. 
[24Nov2024 15:07:56.470] [Server thread/WARN] [net.minecraftforge.common.ForgeConfigSpec/CORE]: Incorrect key kinetics.stressValues.v2.impact.brass_encased_shaft was corrected from null to its default, 0.0. 
[24Nov2024 15:07:56.470] [Server thread/WARN] [net.minecraftforge.common.ForgeConfigSpec/CORE]: Incorrect key kinetics.stressValues.v2.impact.sticky_mechanical_piston was corrected from null to its default, 4.0. 
[24Nov2024 15:07:56.471] [Server thread/WARN] [net.minecraftforge.common.ForgeConfigSpec/CORE]: Incorrect key kinetics.stressValues.v2.impact.turntable was corrected from null to its default, 4.0. 
[24Nov2024 15:07:56.471] [Server thread/WARN] [net.minecraftforge.common.ForgeConfigSpec/CORE]: Incorrect key kinetics.stressValues.v2.impact.cogwheel was corrected from null to its default, 0.0. 
[24Nov2024 15:07:56.471] [Server thread/WARN] [net.minecraftforge.common.ForgeConfigSpec/CORE]: Incorrect key kinetics.stressValues.v2.impact.belt was corrected from null to its default, 0.0. 
[24Nov2024 15:07:56.471] [Server thread/WARN] [net.minecraftforge.common.ForgeConfigSpec/CORE]: Incorrect key kinetics.stressValues.v2.impact.brass_encased_cogwheel was corrected from null to its default, 0.0. 
[24Nov2024 15:07:56.471] [Server thread/WARN] [net.minecraftforge.common.ForgeConfigSpec/CORE]: Incorrect key kinetics.stressValues.v2.impact.hose_pulley was corrected from null to its default, 4.0. 
[24Nov2024 15:07:56.471] [Server thread/WARN] [net.minecraftforge.common.ForgeConfigSpec/CORE]: Incorrect key kinetics.stressValues.v2.capacity was corrected from null to its default, SimpleCommentedConfig:{}. 
[24Nov2024 15:07:56.471] [Server thread/WARN] [net.minecraftforge.common.ForgeConfigSpec/CORE]: Incorrect key kinetics.stressValues.v2.capacity.copper_valve_handle was corrected from null to its default, 8.0. 
[24Nov2024 15:07:56.472] [Server thread/WARN] [net.minecraftforge.common.ForgeConfigSpec/CORE]: Incorrect key kinetics.stressValues.v2.capacity.hand_crank was corrected from null to its default, 8.0. 
[24Nov2024 15:07:56.472] [Server thread/WARN] [net.minecraftforge.common.ForgeConfigSpec/CORE]: Incorrect key kinetics.stressValues.v2.capacity.steam_engine was corrected from null to its default, 1024.0. 
[24Nov2024 15:07:56.472] [Server thread/WARN] [net.minecraftforge.common.ForgeConfigSpec/CORE]: Incorrect key kinetics.stressValues.v2.capacity.creative_motor was corrected from null to its default, 16384.0. 
[24Nov2024 15:07:56.472] [Server thread/WARN] [net.minecraftforge.common.ForgeConfigSpec/CORE]: Incorrect key kinetics.stressValues.v2.capacity.large_water_wheel was corrected from null to its default, 128.0. 
[24Nov2024 15:07:56.472] [Server thread/WARN] [net.minecraftforge.common.ForgeConfigSpec/CORE]: Incorrect key kinetics.stressValues.v2.capacity.water_wheel was corrected from null to its default, 32.0. 
[24Nov2024 15:07:56.472] [Server thread/WARN] [net.minecraftforge.common.ForgeConfigSpec/CORE]: Incorrect key kinetics.stressValues.v2.capacity.windmill_bearing was corrected from null to its default, 512.0. 
[24Nov2024 15:07:56.474] [Server thread/WARN] [net.minecraftforge.common.ForgeConfigSpec/CORE]: Incorrect key fluids was corrected from null to its default, SimpleCommentedConfig:{}. 
[24Nov2024 15:07:56.474] [Server thread/WARN] [net.minecraftforge.common.ForgeConfigSpec/CORE]: Incorrect key fluids.fluidTankCapacity was corrected from null to its default, 8. 
[24Nov2024 15:07:56.474] [Server thread/WARN] [net.minecraftforge.common.ForgeConfigSpec/CORE]: Incorrect key fluids.fluidTankMaxHeight was corrected from null to its default, 32. 
[24Nov2024 15:07:56.474] [Server thread/WARN] [net.minecraftforge.common.ForgeConfigSpec/CORE]: Incorrect key fluids.mechanicalPumpRange was corrected from null to its default, 16. 
[24Nov2024 15:07:56.474] [Server thread/WARN] [net.minecraftforge.common.ForgeConfigSpec/CORE]: Incorrect key fluids.hosePulleyRange was corrected from null to its default, 128. 
[24Nov2024 15:07:56.474] [Server thread/WARN] [net.minecraftforge.common.ForgeConfigSpec/CORE]: Incorrect key fluids.hosePulleyBlockThreshold was corrected from null to its default, 10000. 
[24Nov2024 15:07:56.474] [Server thread/WARN] [net.minecraftforge.common.ForgeConfigSpec/CORE]: Incorrect key fluids.fillInfinite was corrected from null to its default, false. 
[24Nov2024 15:07:56.474] [Server thread/WARN] [net.minecraftforge.common.ForgeConfigSpec/CORE]: Incorrect key fluids.bottomlessFluidMode was corrected from null to its default, ALLOW_BY_TAG. 
[24Nov2024 15:07:56.475] [Server thread/WARN] [net.minecraftforge.common.ForgeConfigSpec/CORE]: Incorrect key fluids.fluidFillPlaceFluidSourceBlocks was corrected from null to its default, true. 
[24Nov2024 15:07:56.475] [Server thread/WARN] [net.minecraftforge.common.ForgeConfigSpec/CORE]: Incorrect key fluids.pipesPlaceFluidSourceBlocks was corrected from null to its default, true. 
[24Nov2024 15:07:56.476] [Server thread/WARN] [net.minecraftforge.common.ForgeConfigSpec/CORE]: Incorrect key logistics was corrected from null to its default, SimpleCommentedConfig:{}. 
[24Nov2024 15:07:56.476] [Server thread/WARN] [net.minecraftforge.common.ForgeConfigSpec/CORE]: Incorrect key logistics.defaultExtractionTimer was corrected from null to its default, 8. 
[24Nov2024 15:07:56.476] [Server thread/WARN] [net.minecraftforge.common.ForgeConfigSpec/CORE]: Incorrect key logistics.psiTimeout was corrected from null to its default, 60. 
[24Nov2024 15:07:56.476] [Server thread/WARN] [net.minecraftforge.common.ForgeConfigSpec/CORE]: Incorrect key logistics.mechanicalArmRange was corrected from null to its default, 5. 
[24Nov2024 15:07:56.476] [Server thread/WARN] [net.minecraftforge.common.ForgeConfigSpec/CORE]: Incorrect key logistics.linkRange was corrected from null to its default, 256. 
[24Nov2024 15:07:56.477] [Server thread/WARN] [net.minecraftforge.common.ForgeConfigSpec/CORE]: Incorrect key logistics.displayLinkRange was corrected from null to its default, 64. 
[24Nov2024 15:07:56.477] [Server thread/WARN] [net.minecraftforge.common.ForgeConfigSpec/CORE]: Incorrect key logistics.vaultCapacity was corrected from null to its default, 20. 
[24Nov2024 15:07:56.477] [Server thread/WARN] [net.minecraftforge.common.ForgeConfigSpec/CORE]: Incorrect key logistics.brassTunnelTimer was corrected from null to its default, 10. 
[24Nov2024 15:07:56.477] [Server thread/WARN] [net.minecraftforge.common.ForgeConfigSpec/CORE]: Incorrect key logistics.seatHostileMobs was corrected from null to its default, true. 
[24Nov2024 15:07:56.478] [Server thread/WARN] [net.minecraftforge.common.ForgeConfigSpec/CORE]: Incorrect key schematics was corrected from null to its default, SimpleCommentedConfig:{}. 
[24Nov2024 15:07:56.478] [Server thread/WARN] [net.minecraftforge.common.ForgeConfigSpec/CORE]: Incorrect key schematics.creativePrintIncludesAir was corrected from null to its default, false. 
[24Nov2024 15:07:56.478] [Server thread/WARN] [net.minecraftforge.common.ForgeConfigSpec/CORE]: Incorrect key schematics.maxSchematics was corrected from null to its default, 10. 
[24Nov2024 15:07:56.479] [Server thread/WARN] [net.minecraftforge.common.ForgeConfigSpec/CORE]: Incorrect key schematics.maxTotalSchematicSize was corrected from null to its default, 256. 
[24Nov2024 15:07:56.479] [Server thread/WARN] [net.minecraftforge.common.ForgeConfigSpec/CORE]: Incorrect key schematics.maxSchematicPacketSize was corrected from null to its default, 1024. 
[24Nov2024 15:07:56.479] [Server thread/WARN] [net.minecraftforge.common.ForgeConfigSpec/CORE]: Incorrect key schematics.schematicIdleTimeout was corrected from null to its default, 600. 
[24Nov2024 15:07:56.479] [Server thread/WARN] [net.minecraftforge.common.ForgeConfigSpec/CORE]: Incorrect key schematics.schematicannon was corrected from null to its default, SimpleCommentedConfig:{}. 
[24Nov2024 15:07:56.479] [Server thread/WARN] [net.minecraftforge.common.ForgeConfigSpec/CORE]: Incorrect key schematics.schematicannon.schematicannonDelay was corrected from null to its default, 10. 
[24Nov2024 15:07:56.479] [Server thread/WARN] [net.minecraftforge.common.ForgeConfigSpec/CORE]: Incorrect key schematics.schematicannon.schematicannonShotsPerGunpowder was corrected from null to its default, 400. 
[24Nov2024 15:07:56.481] [Server thread/WARN] [net.minecraftforge.common.ForgeConfigSpec/CORE]: Incorrect key equipment was corrected from null to its default, SimpleCommentedConfig:{}. 
[24Nov2024 15:07:56.481] [Server thread/WARN] [net.minecraftforge.common.ForgeConfigSpec/CORE]: Incorrect key equipment.maxSymmetryWandRange was corrected from null to its default, 50. 
[24Nov2024 15:07:56.481] [Server thread/WARN] [net.minecraftforge.common.ForgeConfigSpec/CORE]: Incorrect key equipment.placementAssistRange was corrected from null to its default, 12. 
[24Nov2024 15:07:56.481] [Server thread/WARN] [net.minecraftforge.common.ForgeConfigSpec/CORE]: Incorrect key equipment.toolboxRange was corrected from null to its default, 10. 
[24Nov2024 15:07:56.481] [Server thread/WARN] [net.minecraftforge.common.ForgeConfigSpec/CORE]: Incorrect key equipment.airInBacktank was corrected from null to its default, 900. 
[24Nov2024 15:07:56.481] [Server thread/WARN] [net.minecraftforge.common.ForgeConfigSpec/CORE]: Incorrect key equipment.enchantedBacktankCapacity was corrected from null to its default, 300. 
[24Nov2024 15:07:56.481] [Server thread/WARN] [net.minecraftforge.common.ForgeConfigSpec/CORE]: Incorrect key equipment.maxExtendoGripActions was corrected from null to its default, 1000. 
[24Nov2024 15:07:56.481] [Server thread/WARN] [net.minecraftforge.common.ForgeConfigSpec/CORE]: Incorrect key equipment.maxPotatoCannonShots was corrected from null to its default, 200. 
[24Nov2024 15:07:56.482] [Server thread/WARN] [net.minecraftforge.common.ForgeConfigSpec/CORE]: Incorrect key trains was corrected from null to its default, SimpleCommentedConfig:{}. 
[24Nov2024 15:07:56.482] [Server thread/WARN] [net.minecraftforge.common.ForgeConfigSpec/CORE]: Incorrect key trains.trainsCauseDamage was corrected from null to its default, true. 
[24Nov2024 15:07:56.483] [Server thread/WARN] [net.minecraftforge.common.ForgeConfigSpec/CORE]: Incorrect key trains.maxTrackPlacementLength was corrected from null to its default, 32. 
[24Nov2024 15:07:56.483] [Server thread/WARN] [net.minecraftforge.common.ForgeConfigSpec/CORE]: Incorrect key trains.maxAssemblyLength was corrected from null to its default, 128. 
[24Nov2024 15:07:56.483] [Server thread/WARN] [net.minecraftforge.common.ForgeConfigSpec/CORE]: Incorrect key trains.maxBogeyCount was corrected from null to its default, 20. 
[24Nov2024 15:07:56.483] [Server thread/WARN] [net.minecraftforge.common.ForgeConfigSpec/CORE]: Incorrect key trains.manualTrainSpeedModifier was corrected from null to its default, 0.75. 
[24Nov2024 15:07:56.483] [Server thread/WARN] [net.minecraftforge.common.ForgeConfigSpec/CORE]: Incorrect key trains.trainStats was corrected from null to its default, SimpleCommentedConfig:{}. 
[24Nov2024 15:07:56.483] [Server thread/WARN] [net.minecraftforge.common.ForgeConfigSpec/CORE]: Incorrect key trains.trainStats.trainTopSpeed was corrected from null to its default, 28.0. 
[24Nov2024 15:07:56.483] [Server thread/WARN] [net.minecraftforge.common.ForgeConfigSpec/CORE]: Incorrect key trains.trainStats.trainTurningTopSpeed was corrected from null to its default, 14.0. 
[24Nov2024 15:07:56.484] [Server thread/WARN] [net.minecraftforge.common.ForgeConfigSpec/CORE]: Incorrect key trains.trainStats.trainAcceleration was corrected from null to its default, 3.0. 
[24Nov2024 15:07:56.484] [Server thread/WARN] [net.minecraftforge.common.ForgeConfigSpec/CORE]: Incorrect key trains.poweredTrainStats was corrected from null to its default, SimpleCommentedConfig:{}. 
[24Nov2024 15:07:56.484] [Server thread/WARN] [net.minecraftforge.common.ForgeConfigSpec/CORE]: Incorrect key trains.poweredTrainStats.poweredTrainTopSpeed was corrected from null to its default, 40.0. 
[24Nov2024 15:07:56.484] [Server thread/WARN] [net.minecraftforge.common.ForgeConfigSpec/CORE]: Incorrect key trains.poweredTrainStats.poweredTrainTurningTopSpeed was corrected from null to its default, 20.0. 
[24Nov2024 15:07:56.484] [Server thread/WARN] [net.minecraftforge.common.ForgeConfigSpec/CORE]: Incorrect key trains.poweredTrainStats.poweredTrainAcceleration was corrected from null to its default, 3.0. 
[24Nov2024 15:07:56.487] [Server thread/WARN] [net.minecraftforge.common.ForgeConfigSpec/CORE]: Configuration file ./SurvivalM/serverconfig/toolbelt-server.toml is not correct. Correcting
[24Nov2024 15:07:56.487] [Server thread/WARN] [net.minecraftforge.common.ForgeConfigSpec/CORE]: Incorrect key general was corrected from null to its default, SimpleCommentedConfig:{}. 
[24Nov2024 15:07:56.487] [Server thread/WARN] [net.minecraftforge.common.ForgeConfigSpec/CORE]: Incorrect key general.whitelist was corrected from null to its default, []. 
[24Nov2024 15:07:56.487] [Server thread/WARN] [net.minecraftforge.common.ForgeConfigSpec/CORE]: Incorrect key general.blacklist was corrected from null to its default, []. 
[24Nov2024 15:07:56.489] [Server thread/WARN] [net.minecraftforge.common.ForgeConfigSpec/CORE]: Configuration file ./SurvivalM/serverconfig/yawp-common.toml is not correct. Correcting
[24Nov2024 15:07:56.489] [Server thread/WARN] [net.minecraftforge.common.ForgeConfigSpec/CORE]: Incorrect key YetAnotherWorldProtector mod server configuration was corrected from null to its default, SimpleCommentedConfig:{}. 
[24Nov2024 15:07:56.489] [Server thread/WARN] [net.minecraftforge.common.ForgeConfigSpec/CORE]: Incorrect key YetAnotherWorldProtector mod server configuration.command_block_execution was corrected from null to its default, true. 
[24Nov2024 15:07:56.489] [Server thread/WARN] [net.minecraftforge.common.ForgeConfigSpec/CORE]: Incorrect key YetAnotherWorldProtector mod server configuration.wp_root_command was corrected from null to its default, 0. 
[24Nov2024 15:07:56.489] [Server thread/WARN] [net.minecraftforge.common.ForgeConfigSpec/CORE]: Incorrect key YetAnotherWorldProtector mod server configuration.command_op_level was corrected from null to its default, 4. 
[24Nov2024 15:07:56.489] [Server thread/WARN] [net.minecraftforge.common.ForgeConfigSpec/CORE]: Incorrect key YetAnotherWorldProtector mod server configuration.allow_info_cmds was corrected from null to its default, true. 
[24Nov2024 15:07:56.489] [Server thread/WARN] [net.minecraftforge.common.ForgeConfigSpec/CORE]: Incorrect key YetAnotherWorldProtector mod server configuration.disable_cmd_for_non_op was corrected from null to its default, false. 
[24Nov2024 15:07:56.490] [Server thread/WARN] [net.minecraftforge.common.ForgeConfigSpec/CORE]: Incorrect key YetAnotherWorldProtector mod server configuration.op_bypass_flags was corrected from null to its default, true. 
[24Nov2024 15:07:56.490] [Server thread/WARN] [net.minecraftforge.common.ForgeConfigSpec/CORE]: Incorrect key YetAnotherWorldProtector mod server configuration.hierarchy_ownership was corrected from null to its default, true. 
[24Nov2024 15:07:56.490] [Server thread/WARN] [net.minecraftforge.common.ForgeConfigSpec/CORE]: Incorrect key YetAnotherWorldProtector mod server configuration.allow_region_tp was corrected from null to its default, false. 
[24Nov2024 15:07:56.490] [Server thread/WARN] [net.minecraftforge.common.ForgeConfigSpec/CORE]: Incorrect key YetAnotherWorldProtector mod server configuration.players_with_permission was corrected from null to its default, []. 
[24Nov2024 15:07:56.490] [Server thread/INFO] [YAWP-Config/]: Setting YAWP base command to '/wp'
[24Nov2024 15:07:56.491] [Server thread/INFO] [YAWP-Config/]: 0 UUID(s) with permission read from config
[24Nov2024 15:07:56.513] [Server thread/WARN] [net.minecraftforge.common.ForgeConfigSpec/CORE]: Configuration file ./SurvivalM/serverconfig/yawp-flags.toml is not correct. Correcting
[24Nov2024 15:07:56.513] [Server thread/WARN] [net.minecraftforge.common.ForgeConfigSpec/CORE]: Incorrect key YetAnotherWorldProtector mod flag configuration was corrected from null to its default, SimpleCommentedConfig:{}. 
[24Nov2024 15:07:56.514] [Server thread/WARN] [net.minecraftforge.common.ForgeConfigSpec/CORE]: Incorrect key YetAnotherWorldProtector mod flag configuration.covered_block_entities was corrected from null to its default, [minecraft:armor_stand, minecraft:painting, minecraft:item_frame, minecraft:glow_item_frame, minecraft:leash_knot]. 
[24Nov2024 15:07:56.514] [Server thread/WARN] [net.minecraftforge.common.ForgeConfigSpec/CORE]: Incorrect key YetAnotherWorldProtector mod flag configuration.covered_block_entity_tags was corrected from null to its default, []. 
[24Nov2024 15:07:56.514] [Server thread/WARN] [net.minecraftforge.common.ForgeConfigSpec/CORE]: Incorrect key YetAnotherWorldProtector mod flag configuration.remove_entities_for_spawning_flags was corrected from null to its default, true. 
[24Nov2024 15:07:56.515] [Server thread/INFO] [YAWP-Config/]: 5 Block Entity entries read from config: minecraft:armor_stand, minecraft:item_frame, minecraft:glow_item_frame, minecraft:painting, minecraft:leash_knot
[24Nov2024 15:07:56.515] [Server thread/INFO] [YAWP-Config/]: 0 Block Entity tag entries read from config
[24Nov2024 15:07:56.516] [Server thread/WARN] [net.minecraftforge.common.ForgeConfigSpec/CORE]: Configuration file ./SurvivalM/serverconfig/yawp-region-defaults.toml is not correct. Correcting
[24Nov2024 15:07:56.516] [Server thread/WARN] [net.minecraftforge.common.ForgeConfigSpec/CORE]: Incorrect key YetAnotherWorldProtector region configuration was corrected from null to its default, SimpleCommentedConfig:{}. 
[24Nov2024 15:07:56.516] [Server thread/WARN] [net.minecraftforge.common.ForgeConfigSpec/CORE]: Incorrect key YetAnotherWorldProtector region configuration.default_region_priority was corrected from null to its default, 10. 
[24Nov2024 15:07:56.516] [Server thread/WARN] [net.minecraftforge.common.ForgeConfigSpec/CORE]: Incorrect key YetAnotherWorldProtector region configuration.default_flags was corrected from null to its default, []. 
[24Nov2024 15:07:56.516] [Server thread/WARN] [net.minecraftforge.common.ForgeConfigSpec/CORE]: Incorrect key YetAnotherWorldProtector region configuration.dim_default_flags was corrected from null to its default, []. 
[24Nov2024 15:07:56.517] [Server thread/WARN] [net.minecraftforge.common.ForgeConfigSpec/CORE]: Incorrect key YetAnotherWorldProtector region configuration.default_region_priority_inc was corrected from null to its default, 5. 
[24Nov2024 15:07:56.517] [Server thread/WARN] [net.minecraftforge.common.ForgeConfigSpec/CORE]: Incorrect key YetAnotherWorldProtector region configuration.cli_entries_per_page was corrected from null to its default, 5. 
[24Nov2024 15:07:56.517] [Server thread/WARN] [net.minecraftforge.common.ForgeConfigSpec/CORE]: Incorrect key YetAnotherWorldProtector region configuration.dim_enable_new was corrected from null to its default, true. 
[24Nov2024 15:07:56.517] [Server thread/INFO] [YAWP-Config/]: 0 default flag(s) for Local Regions read from config
[24Nov2024 15:07:56.518] [Server thread/INFO] [YAWP-Config/]: 0 default flag(s) for Dimensional Regions read from config
[24Nov2024 15:07:56.518] [Server thread/WARN] [net.minecraftforge.common.ForgeConfigSpec/CORE]: Configuration file ./SurvivalM/serverconfig/yawp-logging.toml is not correct. Correcting
[24Nov2024 15:07:56.519] [Server thread/WARN] [net.minecraftforge.common.ForgeConfigSpec/CORE]: Incorrect key YetAnotherWorldProtector logging configuration was corrected from null to its default, SimpleCommentedConfig:{}. 
[24Nov2024 15:07:56.519] [Server thread/WARN] [net.minecraftforge.common.ForgeConfigSpec/CORE]: Incorrect key YetAnotherWorldProtector logging configuration.log_flag_check was corrected from null to its default, false. 
[24Nov2024 15:07:56.519] [Server thread/WARN] [net.minecraftforge.common.ForgeConfigSpec/CORE]: Incorrect key YetAnotherWorldProtector logging configuration.log_flag_result was corrected from null to its default, true. 
[24Nov2024 15:07:56.519] [Server thread/WARN] [net.minecraftforge.common.ForgeConfigSpec/CORE]: Incorrect key YetAnotherWorldProtector logging configuration.log_empty_results was corrected from null to its default, false. 
[24Nov2024 15:07:56.519] [Server thread/WARN] [net.minecraftforge.common.ForgeConfigSpec/CORE]: Incorrect key YetAnotherWorldProtector logging configuration.log_result_values was corrected from null to its default, [Denied]. 
[24Nov2024 15:07:56.520] [Server thread/WARN] [net.minecraftforge.common.ForgeConfigSpec/CORE]: Incorrect key YetAnotherWorldProtector logging configuration.log_flag_categories was corrected from null to its default, [player]. 
[24Nov2024 15:07:56.522] [Server thread/WARN] [net.minecraftforge.common.ForgeConfigSpec/CORE]: Incorrect key YetAnotherWorldProtector logging configuration.log_flags was corrected from null to its default, [break-blocks, place-blocks]. 
[24Nov2024 15:07:56.522] [Server thread/INFO] [YAWP-Config/]: Logging flag checks: false
[24Nov2024 15:07:56.522] [Server thread/INFO] [YAWP-Config/]: Logging flag check results: true
[24Nov2024 15:07:56.523] [Server thread/INFO] [YAWP-Config/]: Logging flag categories: [player]
[24Nov2024 15:07:56.523] [Server thread/INFO] [YAWP-Config/]: Logging flags: [place-blocks,break-blocks]
[24Nov2024 15:07:56.523] [Server thread/INFO] [YAWP-Config/]: Logging empty flag results: false
[24Nov2024 15:07:56.525] [Server thread/WARN] [net.minecraftforge.common.ForgeConfigSpec/CORE]: Configuration file ./SurvivalM/serverconfig/doggytalents-talents.toml is not correct. Correcting
[24Nov2024 15:07:56.525] [Server thread/WARN] [net.minecraftforge.common.ForgeConfigSpec/CORE]: Incorrect key Talents was corrected from null to its default, SimpleCommentedConfig:{}. 
[24Nov2024 15:07:56.525] [Server thread/WARN] [net.minecraftforge.common.ForgeConfigSpec/CORE]: Incorrect key Talents.doggytalents:bed_finder was corrected from null to its default, true. 
[24Nov2024 15:07:56.525] [Server thread/WARN] [net.minecraftforge.common.ForgeConfigSpec/CORE]: Incorrect key Talents.doggytalents:black_pelt was corrected from null to its default, true. 
[24Nov2024 15:07:56.525] [Server thread/WARN] [net.minecraftforge.common.ForgeConfigSpec/CORE]: Incorrect key Talents.doggytalents:creeper_sweeper was corrected from null to its default, true. 
[24Nov2024 15:07:56.525] [Server thread/WARN] [net.minecraftforge.common.ForgeConfigSpec/CORE]: Incorrect key Talents.doggytalents:doggy_dash was corrected from null to its default, true. 
[24Nov2024 15:07:56.525] [Server thread/WARN] [net.minecraftforge.common.ForgeConfigSpec/CORE]: Incorrect key Talents.doggytalents:fisher_dog was corrected from null to its default, true. 
[24Nov2024 15:07:56.525] [Server thread/WARN] [net.minecraftforge.common.ForgeConfigSpec/CORE]: Incorrect key Talents.doggytalents:guard_dog was corrected from null to its default, true. 
[24Nov2024 15:07:56.525] [Server thread/WARN] [net.minecraftforge.common.ForgeConfigSpec/CORE]: Incorrect key Talents.doggytalents:happy_eater was corrected from null to its default, true. 
[24Nov2024 15:07:56.525] [Server thread/WARN] [net.minecraftforge.common.ForgeConfigSpec/CORE]: Incorrect key Talents.doggytalents:hell_hound was corrected from null to its default, true. 
[24Nov2024 15:07:56.526] [Server thread/WARN] [net.minecraftforge.common.ForgeConfigSpec/CORE]: Incorrect key Talents.doggytalents:hunter_dog was corrected from null to its default, true. 
[24Nov2024 15:07:56.526] [Server thread/WARN] [net.minecraftforge.common.ForgeConfigSpec/CORE]: Incorrect key Talents.doggytalents:pack_puppy was corrected from null to its default, true. 
[24Nov2024 15:07:56.526] [Server thread/WARN] [net.minecraftforge.common.ForgeConfigSpec/CORE]: Incorrect key Talents.doggytalents:pest_fighter was corrected from null to its default, true. 
[24Nov2024 15:07:56.526] [Server thread/WARN] [net.minecraftforge.common.ForgeConfigSpec/CORE]: Incorrect key Talents.doggytalents:pillow_paw was corrected from null to its default, true. 
[24Nov2024 15:07:56.526] [Server thread/WARN] [net.minecraftforge.common.ForgeConfigSpec/CORE]: Incorrect key Talents.doggytalents:poison_fang was corrected from null to its default, true. 
[24Nov2024 15:07:56.526] [Server thread/WARN] [net.minecraftforge.common.ForgeConfigSpec/CORE]: Incorrect key Talents.doggytalents:puppy_eyes was corrected from null to its default, true. 
[24Nov2024 15:07:56.526] [Server thread/WARN] [net.minecraftforge.common.ForgeConfigSpec/CORE]: Incorrect key Talents.doggytalents:quick_healer was corrected from null to its default, true. 
[24Nov2024 15:07:56.526] [Server thread/WARN] [net.minecraftforge.common.ForgeConfigSpec/CORE]: Incorrect key Talents.doggytalents:rescue_dog was corrected from null to its default, true. 
[24Nov2024 15:07:56.526] [Server thread/WARN] [net.minecraftforge.common.ForgeConfigSpec/CORE]: Incorrect key Talents.doggytalents:roaring_gale was corrected from null to its default, true. 
[24Nov2024 15:07:56.526] [Server thread/WARN] [net.minecraftforge.common.ForgeConfigSpec/CORE]: Incorrect key Talents.doggytalents:shepherd_dog was corrected from null to its default, true. 
[24Nov2024 15:07:56.526] [Server thread/WARN] [net.minecraftforge.common.ForgeConfigSpec/CORE]: Incorrect key Talents.doggytalents:swimmer_dog was corrected from null to its default, true. 
[24Nov2024 15:07:56.526] [Server thread/WARN] [net.minecraftforge.common.ForgeConfigSpec/CORE]: Incorrect key Talents.doggytalents:wolf_mount was corrected from null to its default, true. 
[24Nov2024 15:07:56.526] [Server thread/WARN] [net.minecraftforge.common.ForgeConfigSpec/CORE]: Incorrect key Talents.doggytalents:doggy_torch was corrected from null to its default, true. 
[24Nov2024 15:07:56.526] [Server thread/WARN] [net.minecraftforge.common.ForgeConfigSpec/CORE]: Incorrect key Talents.doggytalents:doggy_armor was corrected from null to its default, true. 
[24Nov2024 15:07:56.526] [Server thread/WARN] [net.minecraftforge.common.ForgeConfigSpec/CORE]: Incorrect key Talents.doggytalents:water_holder was corrected from null to its default, true. 
[24Nov2024 15:07:56.527] [Server thread/WARN] [net.minecraftforge.common.ForgeConfigSpec/CORE]: Incorrect key Talents.doggytalents:doggy_tools was corrected from null to its default, true. 
[24Nov2024 15:07:56.527] [Server thread/WARN] [net.minecraftforge.common.ForgeConfigSpec/CORE]: Incorrect key Talents.doggytalents:shock_absorber was corrected from null to its default, true. 
[24Nov2024 15:07:56.527] [Server thread/WARN] [net.minecraftforge.common.ForgeConfigSpec/CORE]: Incorrect key Talents.doggytalents:mob_retriever was corrected from null to its default, true. 
[24Nov2024 15:07:56.527] [Server thread/WARN] [net.minecraftforge.common.ForgeConfigSpec/CORE]: Incorrect key Talents.doggytalents:flying_furball was corrected from null to its default, true. 
[24Nov2024 15:07:56.527] [Server thread/WARN] [net.minecraftforge.common.ForgeConfigSpec/CORE]: Incorrect key Talents.doggytalents:chemi_canine was corrected from null to its default, true. 
[24Nov2024 15:07:56.527] [Server thread/WARN] [net.minecraftforge.common.ForgeConfigSpec/CORE]: Incorrect key Talents.doggytalents:fire_drill was corrected from null to its default, true. 
[24Nov2024 15:07:56.527] [Server thread/WARN] [net.minecraftforge.common.ForgeConfigSpec/CORE]: Incorrect key Talents.doggytalents:sniffer_dog was corrected from null to its default, true. 
[24Nov2024 15:07:56.527] [Server thread/WARN] [net.minecraftforge.common.ForgeConfigSpec/CORE]: Incorrect key Talents.doggytalents:gate_passer was corrected from null to its default, true. 
[24Nov2024 15:07:56.527] [Server thread/WARN] [net.minecraftforge.common.ForgeConfigSpec/CORE]: Incorrect key Talents.doggytalents:ookamikaze was corrected from null to its default, true. 
[24Nov2024 15:07:56.528] [Server thread/WARN] [net.minecraftforge.common.ForgeConfigSpec/CORE]: Configuration file ./SurvivalM/serverconfig/some_assembly_required-server.toml is not correct. Correcting
[24Nov2024 15:07:56.528] [Server thread/WARN] [net.minecraftforge.common.ForgeConfigSpec/CORE]: Incorrect key maximum_sandwich_height was corrected from null to its default, 32. 
[24Nov2024 15:07:56.529] [Server thread/WARN] [net.minecraftforge.common.ForgeConfigSpec/CORE]: Incorrect key generate_chest_loot was corrected from null to its default, true. 
[24Nov2024 15:07:56.889] [Server thread/INFO] [spark/]: Starting background profiler...
[24Nov2024 15:07:57.456] [Server thread/INFO] [Framework/]: Loading server configs...
[24Nov2024 15:07:57.480] [Server thread/INFO] [io.github.lightman314.lightmanscurrency.LightmansCurrency/]: Registering banker trades.
[24Nov2024 15:07:57.481] [Server thread/INFO] [io.github.lightman314.lightmanscurrency.LightmansCurrency/]: Registering cashier trades.
[24Nov2024 15:07:57.496] [Server thread/INFO] [io.github.lightman314.lightmanscurrency.LightmansCurrency/]: Reloading Money Data
[24Nov2024 15:07:57.515] [Server thread/INFO] [terrablender/]: Initialized TerraBlender biomes for level stem minecraft:the_nether
[24Nov2024 15:07:57.695] [Server thread/INFO] [terrablender/]: Initialized TerraBlender biomes for level stem minecraft:overworld
[24Nov2024 15:07:57.698] [Server thread/INFO] [net.minecraft.server.dedicated.DedicatedServer/]: Preparing level "SurvivalM"
[24Nov2024 15:07:58.228] [Server thread/INFO] [voicechat/]: [voicechat] Successfully migrated config voicechat-server.toml
[24Nov2024 15:07:58.231] [Server thread/INFO] [incontrol/]: Reading rules from areas.json
[24Nov2024 15:07:58.241] [Server thread/INFO] [incontrol/]: Reading rules from spawn.json
[24Nov2024 15:07:58.258] [Server thread/INFO] [incontrol/]: Reading rules from summonaid.json
[24Nov2024 15:07:58.264] [Server thread/INFO] [incontrol/]: Reading rules from loot.json
[24Nov2024 15:07:58.266] [Server thread/INFO] [incontrol/]: Reading rules from experience.json
[24Nov2024 15:07:58.267] [Server thread/INFO] [incontrol/]: Reading rules from phases.json
[24Nov2024 15:07:58.269] [Server thread/INFO] [incontrol/]: Reading rules from effects.json
[24Nov2024 15:07:58.272] [Server thread/INFO] [incontrol/]: Reading rules from breakevents.json
[24Nov2024 15:07:58.273] [Server thread/INFO] [incontrol/]: Reading rules from placeevents.json
[24Nov2024 15:07:58.274] [Server thread/INFO] [incontrol/]: Reading rules from rightclicks.json
[24Nov2024 15:07:58.275] [Server thread/INFO] [incontrol/]: Reading rules from leftclicks.json
[24Nov2024 15:07:58.278] [Server thread/INFO] [incontrol/]: Reading rules from spawner.json
[24Nov2024 15:07:58.279] [Server thread/INFO] [incontrol/]: Reading rules from events.json
[24Nov2024 15:07:58.290] [Server thread/WARN] [mixin/]: Method overwrite conflict for removeIf in canary.mixins.json:world.chunk_tickets.SortedArraySetMixin from mod canary, previously written by org.embeddedt.modernfix.common.mixin.bugfix.paper_chunk_patches.SortedArraySetMixin. Skipping method.
[24Nov2024 15:08:14.147] [Server thread/INFO] [Ksyxis/MinecraftServerMixin/]: Ksyxis: Hey. This is Ksyxis. We will now load the world and will try to do it quickly. If the game is not responding after this, it's probably us to blame or delete for good. This message appears always, even if the mod works flawlessly. (modern)
[24Nov2024 15:08:14.148] [Server thread/INFO] [net.minecraft.server.MinecraftServer/]: Preparing start region for dimension minecraft:overworld
[24Nov2024 15:08:14.148] [Server thread/INFO] [KubeJS Server/]: Server resource reload complete!
[24Nov2024 15:08:14.155] [Server thread/INFO] [net.minecraft.server.level.progress.LoggerChunkProgressListener/]: Time elapsed: 6 ms
[24Nov2024 15:08:14.155] [Server thread/INFO] [net.minecraft.server.dedicated.DedicatedServer/]: Done (18.888s)! For help, type "help"
[24Nov2024 15:08:14.282] [Server thread/INFO] [net.minecraftforge.server.permission.PermissionAPI/]: Successfully initialized permission handler forge:default_handler
[24Nov2024 15:08:14.282] [Server thread/INFO] [de.mrjulsen.dragnsounds.DragNSounds/]: Stored current server instance.
[24Nov2024 15:08:14.310] [Server thread/INFO] [YAWP/]: Loaded 0 region(s) for 0 dimension(s)
[24Nov2024 15:08:14.317] [Sound File Cleaner/INFO] [de.mrjulsen.dragnsounds.DragNSounds/]: Sound file cleanup started.
[24Nov2024 15:08:14.318] [Sound File Cleaner/INFO] [de.mrjulsen.dragnsounds.DragNSounds/]: Sound file cleanup finished. Took 1ms.
[24Nov2024 15:08:16.798] [Server thread/INFO] [CraterLib/]: Registered mmode.json successfully!
[24Nov2024 15:08:16.838] [Server thread/INFO] [Maintenance Mode/]: Maintenance mode is off
[24Nov2024 15:08:16.898] [Server thread/INFO] [atomicstryker.multimine.common.MultiMine/]: MultiMine ServerStartedEvent
[24Nov2024 15:08:16.899] [Server thread/INFO] [atomicstryker.multimine.common.MultiMine/]: config loading now
[24Nov2024 15:08:16.901] [Server thread/INFO] [atomicstryker.multimine.common.MultiMine/]: config loaded successfully
[24Nov2024 15:08:16.903] [Server thread/INFO] [com.cupboard.Cupboard/]: Loaded config for: smoothchunk.json
[24Nov2024 15:08:16.903] [Server thread/INFO] [com.cupboard.Cupboard/]: Loaded config for: logprot.json
[24Nov2024 15:09:05.423] [spark-async-sampler-worker-thread/WARN] [spark/]: Timed out waiting for world statistics
[24Nov2024 15:10:05.109] [spark-async-sampler-worker-thread/WARN] [spark/]: Timed out waiting for world statistics
[24Nov2024 15:11:05.713] [Server thread/ERROR] [com.sk89q.worldedit.util.eventbus.EventBus/]: Could not dispatch event: com.sk89q.worldedit.event.platform.PlatformReadyEvent@2c929dc1 to handler EventHandler{priority=NORMAL}
java.lang.reflect.InvocationTargetException: null
	at com.sk89q.worldedit.util.eventbus.EventHandler.handleEvent(EventHandler.java:75) ~[worldedit-mod-7.2.15.jar%23692!/:?]
	at com.sk89q.worldedit.util.eventbus.EventBus.dispatch(EventBus.java:193) ~[worldedit-mod-7.2.15.jar%23692!/:?]
	at com.sk89q.worldedit.util.eventbus.EventBus.post(EventBus.java:181) ~[worldedit-mod-7.2.15.jar%23692!/:?]
	at com.sk89q.worldedit.forge.ForgeWorldEdit.serverStarted(ForgeWorldEdit.java:260) ~[worldedit-mod-7.2.15.jar%23692!/:?]
	at com.sk89q.worldedit.forge.__ForgeWorldEdit_serverStarted_ServerStartedEvent.invoke(.dynamic) ~[worldedit-mod-7.2.15.jar%23692!/:?]
	at net.minecraftforge.eventbus.ASMEventHandler.invoke(ASMEventHandler.java:73) ~[eventbus-6.0.5.jar%2352!/:?]
	at net.minecraftforge.eventbus.EventBus.post(EventBus.java:315) ~[eventbus-6.0.5.jar%2352!/:?]
	at net.minecraftforge.eventbus.EventBus.post(EventBus.java:296) ~[eventbus-6.0.5.jar%2352!/:?]
	at net.minecraftforge.server.ServerLifecycleHooks.handleServerStarted(ServerLifecycleHooks.java:115) ~[forge-1.20.1-47.2.0-universal.jar%23704!/:?]
	at net.minecraft.server.MinecraftServer.m_130011_(MinecraftServer.java:638) ~[server-1.20.1-20230612.114412-srg.jar%23699!/:?]
	at net.minecraft.server.MinecraftServer.m_206580_(MinecraftServer.java:251) ~[server-1.20.1-20230612.114412-srg.jar%23699!/:?]
	at java.lang.Thread.run(Thread.java:1583) ~[?:?]
Caused by: java.lang.OutOfMemoryError: Java heap space
	at com.google.common.collect.RegularImmutableMap.fromEntryArrayCheckingBucketOverflow(RegularImmutableMap.java:166) ~[guava-31.1-jre.jar%2374!/:?]
	at com.google.common.collect.RegularImmutableMap.fromEntryArray(RegularImmutableMap.java:94) ~[guava-31.1-jre.jar%2374!/:?]
	at com.google.common.collect.ImmutableMap$Builder.build(ImmutableMap.java:573) ~[guava-31.1-jre.jar%2374!/:?]
	at com.google.common.collect.ImmutableMap$Builder.buildOrThrow(ImmutableMap.java:601) ~[guava-31.1-jre.jar%2374!/:?]
	at com.google.common.collect.ImmutableMap$Builder.build(ImmutableMap.java:588) ~[guava-31.1-jre.jar%2374!/:?]
	at com.sk89q.worldedit.world.block.BlockState.withValue(BlockState.java:159) ~[worldedit-mod-7.2.15.jar%23692!/:?]
	at com.sk89q.worldedit.world.block.BlockState.populate(BlockState.java:136) ~[worldedit-mod-7.2.15.jar%23692!/:?]
	at com.sk89q.worldedit.world.block.BlockState.generateStateMap(BlockState.java:115) ~[worldedit-mod-7.2.15.jar%23692!/:?]
	at com.sk89q.worldedit.world.block.BlockType.lambda$new$3(BlockType.java:61) ~[worldedit-mod-7.2.15.jar%23692!/:?]
	at com.sk89q.worldedit.world.block.BlockType$$Lambda/0x000070a00d1178c0.get(Unknown Source) ~[?:?]
	at com.sk89q.worldedit.util.concurrency.LazyReference.getValue(LazyReference.java:68) ~[worldedit-mod-7.2.15.jar%23692!/:?]
	at com.sk89q.worldedit.world.block.BlockType.getBlockStatesMap(BlockType.java:91) ~[worldedit-mod-7.2.15.jar%23692!/:?]
	at com.sk89q.worldedit.world.block.BlockType.getAllStates(BlockType.java:175) ~[worldedit-mod-7.2.15.jar%23692!/:?]
	at com.sk89q.worldedit.extension.platform.Capability$4.ready(Capability.java:98) ~[worldedit-mod-7.2.15.jar%23692!/:?]
	at com.sk89q.worldedit.extension.platform.PlatformManager.lambda$handleNewPlatformReady$0(PlatformManager.java:344) ~[worldedit-mod-7.2.15.jar%23692!/:?]
	at com.sk89q.worldedit.extension.platform.PlatformManager$$Lambda/0x000070a00d132bf0.accept(Unknown Source) ~[?:?]
	at java.util.Map.forEach(Map.java:733) ~[?:?]
	at com.sk89q.worldedit.extension.platform.PlatformManager.handleNewPlatformReady(PlatformManager.java:344) ~[worldedit-mod-7.2.15.jar%23692!/:?]
	at java.lang.invoke.DirectMethodHandle$Holder.invokeVirtual(DirectMethodHandle$Holder) ~[?:?]
	at java.lang.invoke.LambdaForm$MH/0x000070a00bb0c000.invoke(LambdaForm$MH) ~[?:?]
	at java.lang.invoke.LambdaForm$MH/0x000070a008428c00.invokeExact_MT(LambdaForm$MH) ~[?:?]
	at com.sk89q.worldedit.util.eventbus.MethodHandleEventHandler.dispatch(MethodHandleEventHandler.java:51) ~[worldedit-mod-7.2.15.jar%23692!/:?]
	at com.sk89q.worldedit.util.eventbus.EventHandler.handleEvent(EventHandler.java:73) ~[worldedit-mod-7.2.15.jar%23692!/:?]
	at com.sk89q.worldedit.util.eventbus.EventBus.dispatch(EventBus.java:193) ~[worldedit-mod-7.2.15.jar%23692!/:?]
	at com.sk89q.worldedit.util.eventbus.EventBus.post(EventBus.java:181) ~[worldedit-mod-7.2.15.jar%23692!/:?]
	at com.sk89q.worldedit.forge.ForgeWorldEdit.serverStarted(ForgeWorldEdit.java:260) ~[worldedit-mod-7.2.15.jar%23692!/:?]
	at com.sk89q.worldedit.forge.__ForgeWorldEdit_serverStarted_ServerStartedEvent.invoke(.dynamic) ~[worldedit-mod-7.2.15.jar%23692!/:?]
	at net.minecraftforge.eventbus.ASMEventHandler.invoke(ASMEventHandler.java:73) ~[eventbus-6.0.5.jar%2352!/:?]
	at net.minecraftforge.eventbus.EventBus$$Lambda/0x000070a008dd8b10.invoke(Unknown Source) ~[?:?]
	at net.minecraftforge.eventbus.EventBus.post(EventBus.java:315) ~[eventbus-6.0.5.jar%2352!/:?]
	at net.minecraftforge.eventbus.EventBus.post(EventBus.java:296) ~[eventbus-6.0.5.jar%2352!/:?]
	at net.minecraftforge.server.ServerLifecycleHooks.handleServerStarted(ServerLifecycleHooks.java:115) ~[forge-1.20.1-47.2.0-universal.jar%23704!/:?]
[24Nov2024 15:11:11.736] [spark-async-sampler-worker-thread/WARN] [spark/]: Timed out waiting for world statistics
[24Nov2024 15:11:14.402] [Server thread/INFO] [net.bettercombat.logic.WeaponRegistry/]: Encoded Weapon Attribute registry size (with package overhead): 564336 bytes (in 57 string chunks with the size of 10000)
[24Nov2024 15:11:14.403] [Server thread/INFO] [io.github.lightman314.lightmanscurrency.LightmansCurrency/]: Reloading config/lightmanscurrency-server.lcconfig
[24Nov2024 15:11:14.417] [Server thread/INFO] [com.github.alexthe666.iceandfire.IceAndFire/]: {iceandfire:fire_dragon_roost=true, iceandfire:fire_lily=true, iceandfire:spawn_dragon_skeleton_fire=true, iceandfire:lightning_dragon_roost=true, iceandfire:spawn_dragon_skeleton_lightning=true, iceandfire:ice_dragon_roost=true, iceandfire:ice_dragon_cave=true, iceandfire:lightning_dragon_cave=true, iceandfire:cyclops_cave=true, iceandfire:spawn_wandering_cyclops=true, iceandfire:spawn_sea_serpent=true, iceandfire:frost_lily=true, iceandfire:hydra_cave=true, iceandfire:lightning_lily=true, iceandfire:pixie_village=true, iceandfire:myrmex_hive_jungle=true, iceandfire:myrmex_hive_desert=true, iceandfire:silver_ore=true, iceandfire:siren_island=true, iceandfire:spawn_dragon_skeleton_ice=true, iceandfire:spawn_stymphalian_bird=true, iceandfire:fire_dragon_cave=true, iceandfire:sapphire_ore=true, iceandfire:spawn_hippocampus=true, iceandfire:spawn_death_worm=true}
[24Nov2024 15:11:14.418] [Server thread/INFO] [com.github.alexthe666.iceandfire.IceAndFire/]: {TROLL_S=true, HIPPOGRYPH=true, AMPHITHERE=true, COCKATRICE=true, TROLL_M=true, DREAD_LICH=true, TROLL_F=true}
[24Nov2024 15:11:14.418] [Server thread/INFO] [com.thomas7520.bubbleschat.ComicsBubblesChat/]: ---------------------
[24Nov2024 15:11:14.419] [Server thread/INFO] [com.thomas7520.bubbleschat.ComicsBubblesChat/]: Server enable chat listener for comics bubbles chat
[24Nov2024 15:11:14.420] [Server thread/INFO] [com.thomas7520.bubbleschat.ComicsBubblesChat/]: Server enable bubbles through blocks for comics bubbles chat
[24Nov2024 15:11:14.420] [Server thread/INFO] [com.thomas7520.bubbleschat.ComicsBubblesChat/]: Server set range for comics bubbles chat packet on 50.0
[24Nov2024 15:11:14.421] [Server thread/INFO] [com.thomas7520.bubbleschat.ComicsBubblesChat/]: Your server config file is on your directory of your world !
[24Nov2024 15:11:14.421] [Server thread/INFO] [com.thomas7520.bubbleschat.ComicsBubblesChat/]: ---------------------
[24Nov2024 15:11:14.423] [Server thread/WARN] [voicechat/]: [voicechat] Running in offline mode - Voice chat encryption is not secure!
[24Nov2024 15:11:16.348] [VoiceChatServerThread/INFO] [voicechat/]: [voicechat] Voice chat server started at port 24454
[24Nov2024 15:11:16.356] [Server thread/INFO] [patchouli/]: Sending reload packet to clients
[24Nov2024 15:11:16.358] [Server thread/WARN] [ModernFix/]: Dedicated server took 287.042 seconds to load
[24Nov2024 15:11:16.365] [Server thread/INFO] [io.github.lightman314.lightmanscurrency.LightmansCurrency/]: Successfully created an auction house trader with id '0'!
[24Nov2024 15:11:16.406] [Server thread/INFO] [neruina/]: Auto report config loaded for mod: "create_connected"
[24Nov2024 15:11:27.265] [Server thread/INFO] [net.minecraft.server.MinecraftServer/]: Unknown or incomplete command, see below for error
[24Nov2024 15:11:27.266] [Server thread/INFO] [net.minecraft.server.MinecraftServer/]: 1<--[HERE]
[24Nov2024 15:11:29.412] [Server thread/WARN] [net.minecraft.server.MinecraftServer/]: Can't keep up! Is the server overloaded? Running 12984ms or 259 ticks behind
[24Nov2024 15:11:33.795] [Server thread/INFO] [com.github.alexthe666.alexsmobs.AlexsMobs/]: Found Pupfish chunk at -209 ~ -160 after 9 tries
[24Nov2024 15:12:59.592] [Server thread/WARN] [net.minecraft.server.MinecraftServer/]: Can't keep up! Is the server overloaded? Running 2163ms or 43 ticks behind
[24Nov2024 15:15:59.609] [Server thread/WARN] [net.minecraft.server.MinecraftServer/]: Can't keep up! Is the server overloaded? Running 2181ms or 43 ticks behind
[24Nov2024 15:16:32.949] [Server thread/WARN] [net.minecraft.server.MinecraftServer/]: Can't keep up! Is the server overloaded? Running 3320ms or 66 ticks behind
[24Nov2024 15:17:01.345] [Server thread/ERROR] [net.minecraft.server.MinecraftServer/]: Encountered an unexpected exception
java.lang.OutOfMemoryError: Java heap space
	at it.unimi.dsi.fastutil.objects.Object2ObjectOpenHashMap.<init>(Object2ObjectOpenHashMap.java:97) ~[fastutil-8.5.9.jar%2390!/:?]
	at it.unimi.dsi.fastutil.objects.Object2ObjectOpenHashMap.<init>(Object2ObjectOpenHashMap.java:114) ~[fastutil-8.5.9.jar%2390!/:?]
	at net.minecraft.nbt.CompoundTag.modify$cnk000$canary$useFasterCollection(CompoundTag.java:1129) ~[server-1.20.1-20230612.114412-srg.jar%23699!/:?]
	at net.minecraft.nbt.CompoundTag.<init>(CompoundTag.java:129) ~[server-1.20.1-20230612.114412-srg.jar%23699!/:?]
	at net.minecraftforge.registries.ForgeRegistry$Snapshot.lambda$write$1(ForgeRegistry.java:965) ~[forge-1.20.1-47.2.0-universal.jar%23704!/:?]
	at net.minecraftforge.registries.ForgeRegistry$Snapshot$$Lambda/0x000070a00cef0000.accept(Unknown Source) ~[?:?]
	at java.util.TreeMap$EntrySpliterator.forEachRemaining(TreeMap.java:3322) ~[?:?]
	at java.util.stream.ReferencePipeline$Head.forEach(ReferencePipeline.java:762) ~[?:?]
	at net.minecraftforge.registries.ForgeRegistry$Snapshot.write(ForgeRegistry.java:963) ~[forge-1.20.1-47.2.0-universal.jar%23704!/:?]
	at net.minecraftforge.common.ForgeHooks.writeAdditionalLevelSaveData(ForgeHooks.java:1273) ~[forge-1.20.1-47.2.0-universal.jar%23704!/:?]
	at net.minecraft.world.level.storage.LevelStorageSource$LevelStorageAccess.m_78290_(LevelStorageSource.java:471) ~[server-1.20.1-20230612.114412-srg.jar%23699!/:?]
	at net.minecraft.server.MinecraftServer.m_129885_(MinecraftServer.java:515) ~[server-1.20.1-20230612.114412-srg.jar%23699!/:?]
	at net.minecraft.server.MinecraftServer.m_195514_(MinecraftServer.java:532) ~[server-1.20.1-20230612.114412-srg.jar%23699!/:?]
	at net.minecraft.server.MinecraftServer.m_5705_(MinecraftServer.java:824) ~[server-1.20.1-20230612.114412-srg.jar%23699!/:?]
	at net.minecraft.server.MinecraftServer.m_130011_(MinecraftServer.java:661) ~[server-1.20.1-20230612.114412-srg.jar%23699!/:?]
	at net.minecraft.server.MinecraftServer.m_206580_(MinecraftServer.java:251) ~[server-1.20.1-20230612.114412-srg.jar%23699!/:?]
	at net.minecraft.server.MinecraftServer$$Lambda/0x000070a00cef1830.run(Unknown Source) ~[?:?]
	at java.lang.Thread.runWith(Thread.java:1596) ~[?:?]
	at java.lang.Thread.run(Thread.java:1583) ~[?:?]
[24Nov2024 15:17:03.612] [Server thread/FATAL] [net.minecraftforge.common.ForgeMod/]: Preparing crash report with UUID bb97ebe9-cda3-4151-adbc-777a31c2d266
[24Nov2024 15:17:03.615] [Server thread/ERROR] [net.minecraft.server.MinecraftServer/]: This crash report has been saved to: /workspaces/Proyect-Hopefull/servidor_minecraft/./crash-reports/crash-2024-11-24_15.17.03-server.txt
[24Nov2024 15:17:03.616] [Server thread/INFO] [net.minecraft.server.MinecraftServer/]: Stopping server
[24Nov2024 15:17:03.617] [Server thread/INFO] [net.minecraft.server.MinecraftServer/]: Saving players
[24Nov2024 15:17:03.618] [Server thread/INFO] [net.minecraft.server.MinecraftServer/]: Saving worlds
[24Nov2024 15:17:10.455] [spark-async-sampler-worker-thread/WARN] [spark/]: Timed out waiting for world statistics
[24Nov2024 15:17:32.744] [Server thread/INFO] [net.minecraft.server.MinecraftServer/]: Saving chunks for level 'ServerLevel[SurvivalM]'/minecraft:overworld
[24Nov2024 15:17:35.006] [Server thread/INFO] [net.minecraft.server.MinecraftServer/]: Saving chunks for level 'ServerLevel[SurvivalM]'/mmorpg:dungeon
[24Nov2024 15:17:35.008] [Server thread/INFO] [net.minecraft.server.MinecraftServer/]: Saving chunks for level 'ServerLevel[SurvivalM]'/minecraft:the_nether
[24Nov2024 15:17:35.009] [Server thread/INFO] [net.minecraft.server.MinecraftServer/]: Saving chunks for level 'ServerLevel[SurvivalM]'/twilightforest:twilight_forest
[24Nov2024 15:17:35.010] [Server thread/INFO] [net.minecraft.server.MinecraftServer/]: Saving chunks for level 'ServerLevel[SurvivalM]'/minecraft:the_end
[24Nov2024 15:17:39.504] [Server thread/INFO] [net.minecraft.server.MinecraftServer/]: ThreadedAnvilChunkStorage (SurvivalM): All chunks are saved
[24Nov2024 15:17:39.505] [Server thread/INFO] [net.minecraft.server.MinecraftServer/]: ThreadedAnvilChunkStorage (dungeon): All chunks are saved
[24Nov2024 15:17:39.505] [Server thread/INFO] [net.minecraft.server.MinecraftServer/]: ThreadedAnvilChunkStorage (DIM-1): All chunks are saved
[24Nov2024 15:17:39.505] [Server thread/INFO] [net.minecraft.server.MinecraftServer/]: ThreadedAnvilChunkStorage (twilight_forest): All chunks are saved
[24Nov2024 15:17:39.505] [Server thread/INFO] [net.minecraft.server.MinecraftServer/]: ThreadedAnvilChunkStorage (DIM1): All chunks are saved
[24Nov2024 15:17:39.505] [Server thread/INFO] [net.minecraft.server.MinecraftServer/]: ThreadedAnvilChunkStorage: All dimensions are saved
[24Nov2024 15:17:39.512] [Server thread/INFO] [net.montoyo.wd.utilities.Log/]: Miniserv server stopped
[24Nov2024 15:17:39.528] [Server thread/INFO] [FTB Chunks/]: Shutting down map thread
[24Nov2024 15:17:39.530] [Server thread/INFO] [com.hypherionmc.mmode.shadow.coreoz.wisp.Scheduler/]: Shutting down...
[24Nov2024 15:17:39.531] [Server thread/INFO] [Framework/]: Unloading server configs...
[24Nov2024 15:17:39.532] [Server thread/INFO] [Framework/]: Sending config unload event for refurbished_furniture.server.toml
[24Nov2024 15:17:39.534] [Server thread/INFO] [Framework/]: Sending config unload event for goblintraders-entities.toml
[24Nov2024 15:32:03.623] [Server Watchdog/ERROR] [net.minecraft.server.dedicated.ServerWatchdog/FATAL]: A single server tick took 900.00 seconds (should be max 0.05)
[24Nov2024 15:32:03.623] [Server Watchdog/ERROR] [net.minecraft.server.dedicated.ServerWatchdog/FATAL]: Considering it to be crashed, server will forcibly shutdown.
[24Nov2024 15:32:04.199] [Server Watchdog/FATAL] [net.minecraftforge.common.ForgeMod/]: Preparing crash report with UUID a740793c-e753-4ef2-9d66-b13a6e80b06a
